Date,Channel,Campaign Name,Campaign Type,Region,Device,Impressions,Clicks,Conversions,Cost,Revenue
2025-04-17,Google Ads,Google Ads - Conversion - As,Conversion,Asia Pacific,Desktop,1281,45,0,69.1,0.0
2025-05-15,Facebook,Facebook - Lead Generation - LA,Lead Generation,LATAM,Desktop,1752,23,0,27.93,0.0
2025-01-26,Facebook,Facebook - Brand Awareness - No,Brand Awareness,North America,Desktop,1680,24,0,26.78,0.0
2025-05-15,YouTube,YouTube - Conversion - No,Conversion,North America,Mobile,989,2,0,1.78,0.0
2025-09-25,Facebook,Facebook - Lead Generation - No,Lead Generation,North America,Mobile,1240,22,0,46.13,0.0
2025-11-04,Instagram,Instagram - Lead Generation - As,Lead Generation,Asia Pacific,Desktop,1264,15,0,21.46,0.0
2025-07-11,LinkedIn,LinkedIn - Brand Awareness - No,Brand Awareness,North America,Desktop,796,7,0,34.76,0.0
2025-05-19,YouTube,YouTube - Retargeting - Eu,Retargeting,Europe,Mobile,907,5,0,4.88,0.0
2025-08-06,YouTube,YouTube - Brand Awareness - As,Brand Awareness,Asia Pacific,Mobile,1291,7,0,4.68,0.0
2025-01-19,Facebook,Facebook - Retargeting - No,Retargeting,North America,Mobile,1447,21,1,50.34,167.42
2025-08-23,Instagram,Instagram - Conversion - No,Conversion,North America,Mobile,936,10,0,17.79,0.0
2025-02-17,Instagram,Instagram - Lead Generation - As,Lead Generation,Asia Pacific,Mobile,1094,12,0,12.85,0.0
2025-10-14,Instagram,Instagram - Retargeting - No,Retargeting,North America,Desktop,1001,11,0,10.89,0.0
2025-11-15,Instagram,Instagram - Retargeting - LA,Retargeting,LATAM,Desktop,759,9,0,2.17,0.0
2025-04-27,Email,Email - Conversion - No,Conversion,North America,Tablet,867,25,0,-15.33,0.0
2025-08-10,Email,Email - Retargeting - As,Retargeting,Asia Pacific,Desktop,1592,40,2,-12.04,383.04
2025-04-12,Google Ads,Google Ads - Conversion - As,Conversion,Asia Pacific,Mobile,1703,50,1,121.84,150.27
2025-05-31,Instagram,Instagram - Conversion - LA,Conversion,LATAM,Tablet,890,11,0,15.85,0.0
2025-06-04,LinkedIn,LinkedIn - Lead Generation - As,Lead Generation,Asia Pacific,Mobile,486,3,0,13.73,0.0
2025-05-31,Google Ads,Google Ads - Conversion - LA,Conversion,LATAM,Desktop,1492,41,1,86.64,175.42
2025-08-19,Instagram,Instagram - Brand Awareness - As,Brand Awareness,Asia Pacific,Tablet,704,6,0,4.79,0.0
2025-11-04,Google Ads,Google Ads - Retargeting - LA,Retargeting,LATAM,Desktop,1770,51,3,95.74,382.16
2025-01-26,Facebook,Facebook - Lead Generation - Eu,Lead Generation,Europe,Mobile,2166,37,0,82.39,0.0
2025-11-17,LinkedIn,LinkedIn - Retargeting - As,Retargeting,Asia Pacific,Desktop,1816,9,0,41.97,0.0
2025-02-10,YouTube,YouTube - Brand Awareness - Eu,Brand Awareness,Europe,Tablet,745,2,0,1.86,0.0
2025-08-15,Google Ads,Google Ads - Conversion - LA,Conversion,LATAM,Mobile,1252,35,0,47.15,0.0
2025-10-04,Google Ads,Google Ads - Brand Awareness - As,Brand Awareness,Asia Pacific,Desktop,918,25,0,43.62,0.0
2025-11-13,Google Ads,Google Ads - Retargeting - No,Retargeting,North America,Mobile,2117,47,2,57.33,420.02
2025-12-12,Instagram,Instagram - Lead Generation - As,Lead Generation,Asia Pacific,Tablet,1044,12,0,3.12,0.0
2025-03-05,Facebook,Facebook - Brand Awareness - As,Brand Awareness,Asia Pacific,Mobile,1693,25,0,64.3,0.0
2025-11-08,Facebook,Facebook - Lead Generation - LA,Lead Generation,LATAM,Desktop,1935,26,0,33.36,0.0
2025-11-18,Google Ads,Google Ads - Brand Awareness - LA,Brand Awareness,LATAM,Mobile,1653,38,0,82.04,0.0
2025-02-21,Facebook,Facebook - Brand Awareness - No,Brand Awareness,North America,Desktop,3280,51,1,64.7,152.6
2025-03-31,Facebook,Facebook - Lead Generation - LA,Lead Generation,LATAM,Mobile,1644,23,0,34.28,0.0
2025-02-12,Instagram,Instagram - Lead Generation - Eu,Lead Generation,Europe,Desktop,902,11,0,13.66,0.0
2025-12-06,Google Ads,Google Ads - Brand Awareness - LA,Brand Awareness,LATAM,Desktop,2926,74,1,206.68,112.87
2025-07-02,Google Ads,Google Ads - Retargeting - As,Retargeting,Asia Pacific,Desktop,1313,36,1,59.41,137.44
2025-09-03,Google Ads,Google Ads - Brand Awareness - Eu,Brand Awareness,Europe,Mobile,1933,42,0,91.5,0.0
2025-03-20,YouTube,YouTube - Retargeting - No,Retargeting,North America,Desktop,751,3,0,2.42,0.0
2025-04-10,Instagram,Instagram - Lead Generation - LA,Lead Generation,LATAM,Desktop,1035,16,0,15.94,0.0
2025-10-04,LinkedIn,LinkedIn - Retargeting - LA,Retargeting,LATAM,Mobile,823,6,0,29.95,0.0
2025-02-25,LinkedIn,LinkedIn - Conversion - LA,Conversion,LATAM,Mobile,1080,6,0,30.47,0.0
2025-06-04,Google Ads,Google Ads - Conversion - No,Conversion,North America,Tablet,3088,83,1,169.43,142.25
2025-06-21,Facebook,Facebook - Lead Generation - As,Lead Generation,Asia Pacific,Desktop,2710,50,0,58.39,0.0
2025-10-06,Google Ads,Google Ads - Lead Generation - As,Lead Generation,Asia Pacific,Mobile,1818,45,0,88.92,0.0
2025-12-18,Email,Email - Conversion - LA,Conversion,LATAM,Mobile,1231,34,0,4.58,0.0
2025-07-26,YouTube,YouTube - Retargeting - As,Retargeting,Asia Pacific,Desktop,789,3,0,0.45,0.0
2025-06-09,Instagram,Instagram - Lead Generation - LA,Lead Generation,LATAM,Desktop,819,7,0,5.61,0.0
2025-08-20,Email,Email - Lead Generation - As,Lead Generation,Asia Pacific,Desktop,1285,34,0,11.76,0.0
2025-11-12,YouTube,YouTube - Conversion - No,Conversion,North America,Mobile,1549,9,0,6.03,0.0
2025-09-28,LinkedIn,LinkedIn - Conversion - No,Conversion,North America,Tablet,1082,9,0,36.44,0.0
2025-01-10,Google Ads,Google Ads - Brand Awareness - As,Brand Awareness,Asia Pacific,Desktop,1966,50,1,123.1,174.39
2025-03-28,Facebook,Facebook - Lead Generation - No,Lead Generation,North America,Mobile,2072,34,0,31.88,0.0
2025-03-17,Facebook,Facebook - Lead Generation - Eu,Lead Generation,Europe,Mobile,2766,37,0,45.08,0.0
2025-07-30,Google Ads,Google Ads - Lead Generation - Eu,Lead Generation,Europe,Desktop,2140,62,1,131.45,174.7
2025-11-08,LinkedIn,LinkedIn - Brand Awareness - LA,Brand Awareness,LATAM,Tablet,1615,13,0,64.8,0.0
2025-05-22,YouTube,YouTube - Lead Generation - No,Lead Generation,North America,Mobile,1115,5,0,2.28,0.0
2025-04-25,Facebook,Facebook - Conversion - LA,Conversion,LATAM,Mobile,2401,38,0,47.24,0.0
2025-07-18,YouTube,YouTube - Conversion - No,Conversion,North America,Tablet,590,3,0,3.07,0.0
2025-11-26,Facebook,Facebook - Brand Awareness - LA,Brand Awareness,LATAM,Mobile,1953,29,0,42.02,0.0
2025-09-10,LinkedIn,LinkedIn - Lead Generation - As,Lead Generation,Asia Pacific,Desktop,886,5,0,20.56,0.0
2025-03-01,LinkedIn,LinkedIn - Lead Generation - LA,Lead Generation,LATAM,Mobile,1094,11,0,52.67,0.0
2025-08-30,Google Ads,Google Ads - Retargeting - No,Retargeting,North America,Desktop,1298,21,1,36.87,157.8
2025-10-04,Facebook,Facebook - Lead Generation - Eu,Lead Generation,Europe,Mobile,1225,19,0,38.53,0.0
2025-04-23,LinkedIn,LinkedIn - Retargeting - As,Retargeting,Asia Pacific,Desktop,1625,16,0,80.54,0.0
2025-11-20,LinkedIn,LinkedIn - Retargeting - As,Retargeting,Asia Pacific,Tablet,913,5,0,20.87,0.0
2025-12-01,Facebook,Facebook - Lead Generation - As,Lead Generation,Asia Pacific,Mobile,2478,38,1,55.58,166.99
2025-07-26,LinkedIn,LinkedIn - Conversion - No,Conversion,North America,Desktop,1249,8,0,37.12,0.0
2025-04-27,LinkedIn,LinkedIn - Brand Awareness - Eu,Brand Awareness,Europe,Desktop,1003,6,0,28.43,0.0
2025-01-14,LinkedIn,LinkedIn - Lead Generation - LA,Lead Generation,LATAM,Mobile,1372,9,0,40.18,0.0
2025-02-11,Instagram,Instagram - Lead Generation - As,Lead Generation,Asia Pacific,Tablet,1111,11,0,12.34,0.0
2025-11-28,Google Ads,Google Ads - Brand Awareness - Eu,Brand Awareness,Europe,Desktop,2152,49,1,114.01,111.27
2025-03-07,Instagram,Instagram - Brand Awareness - Eu,Brand Awareness,Europe,Mobile,924,13,0,1.1,0.0
2025-05-27,LinkedIn,LinkedIn - Brand Awareness - No,Brand Awareness,North America,Mobile,746,5,0,23.11,0.0
2025-07-21,YouTube,YouTube - Conversion - As,Conversion,Asia Pacific,Mobile,1101,5,0,8.18,0.0
2025-02-11,Google Ads,Google Ads - Brand Awareness - No,Brand Awareness,North America,Desktop,2148,49,0,96.73,0.0
2025-11-30,Instagram,Instagram - Lead Generation - No,Lead Generation,North America,Mobile,1386,15,0,13.86,0.0
2025-04-09,LinkedIn,LinkedIn - Retargeting - LA,Retargeting,LATAM,Desktop,1292,12,0,53.33,0.0
2025-05-18,Instagram,Instagram - Conversion - Eu,Conversion,Europe,Tablet,1083,10,0,12.65,0.0
2025-11-24,Google Ads,Google Ads - Brand Awareness - LA,Brand Awareness,LATAM,Desktop,2435,53,1,89.37,135.14
2025-07-05,Google Ads,Google Ads - Brand Awareness - As,Brand Awareness,Asia Pacific,Mobile,2322,42,1,69.5,168.49
2025-06-07,Instagram,Instagram - Conversion - LA,Conversion,LATAM,Desktop,810,9,0,16.52,0.0
2025-01-21,LinkedIn,LinkedIn - Conversion - LA,Conversion,LATAM,Tablet,1141,6,0,24.91,0.0
2025-02-22,Facebook,Facebook - Retargeting - No,Retargeting,North America,Mobile,1567,19,0,28.51,0.0
2025-09-18,Instagram,Instagram - Lead Generation - As,Lead Generation,Asia Pacific,Mobile,829,12,0,10.96,0.0
2025-01-23,Facebook,Facebook - Lead Generation - As,Lead Generation,Asia Pacific,Mobile,1763,12,0,25.48,0.0
2025-11-19,Facebook,Facebook - Retargeting - No,Retargeting,North America,Mobile,1502,26,1,51.37,186.67
2025-11-23,Facebook,Facebook - Conversion - As,Conversion,Asia Pacific,Mobile,695,10,0,17.5,0.0
2025-09-25,Facebook,Facebook - Retargeting - LA,Retargeting,LATAM,Desktop,2140,33,2,32.88,260.57
2025-01-11,Google Ads,Google Ads - Brand Awareness - As,Brand Awareness,Asia Pacific,Desktop,1437,45,1,95.11,172.44
2025-01-15,Instagram,Instagram - Lead Generation - As,Lead Generation,Asia Pacific,Desktop,1226,10,0,1.15,0.0
2025-12-12,Google Ads,Google Ads - Brand Awareness - Eu,Brand Awareness,Europe,Desktop,1673,41,0,80.68,0.0
2025-08-01,Instagram,Instagram - Retargeting - Eu,Retargeting,Europe,Desktop,813,8,0,10.0,0.0
2025-01-21,Instagram,Instagram - Lead Generation - Eu,Lead Generation,Europe,Desktop,1165,11,0,8.21,0.0
2025-08-29,Google Ads,Google Ads - Conversion - Eu,Conversion,Europe,Tablet,895,16,0,32.21,0.0
2025-11-07,Facebook,Facebook - Conversion - Eu,Conversion,Europe,Mobile,1564,22,0,35.54,0.0
2025-08-24,LinkedIn,LinkedIn - Lead Generation - As,Lead Generation,Asia Pacific,Desktop,1028,8,0,29.92,0.0
2026-01-04,Facebook,Facebook - Brand Awareness - Eu,Brand Awareness,Europe,Mobile,1604,17,0,39.57,0.0
2025-04-18,Instagram,Instagram - Conversion - As,Conversion,Asia Pacific,Desktop,1189,17,0,7.05,0.0
2025-11-05,Facebook,Facebook - Lead Generation - No,Lead Generation,North America,Mobile,1851,28,0,47.32,0.0
2025-06-02,Google Ads,Google Ads - Brand Awareness - Eu,Brand Awareness,Europe,Desktop,2812,84,1,151.94,153.1
2025-10-13,LinkedIn,LinkedIn - Lead Generation - As,Lead Generation,Asia Pacific,Mobile,839,5,0,22.4,0.0
2025-04-17,Facebook,Facebook - Conversion - LA,Conversion,LATAM,Mobile,1374,25,0,39.19,0.0
2025-12-19,Google Ads,Google Ads - Brand Awareness - Eu,Brand Awareness,Europe,Desktop,842,25,0,36.32,0.0
2025-02-07,Facebook,Facebook - Conversion - No,Conversion,North America,Desktop,1689,32,0,42.19,0.0
2025-12-29,LinkedIn,LinkedIn - Brand Awareness - Eu,Brand Awareness,Europe,Mobile,1436,7,0,33.09,0.0
2025-10-24,Facebook,Facebook - Brand Awareness - No,Brand Awareness,North America,Tablet,839,9,0,16.57,0.0
2025-11-19,YouTube,YouTube - Conversion - Eu,Conversion,Europe,Desktop,752,4,0,-1.14,0.0
2025-08-18,Instagram,Instagram - Brand Awareness - No,Brand Awareness,North America,Tablet,1140,15,0,22.29,0.0
2025-09-02,Facebook,Facebook - Lead Generation - As,Lead Generation,Asia Pacific,Desktop,2281,28,0,34.27,0.0
2025-05-04,Google Ads,Google Ads - Brand Awareness - No,Brand Awareness,North America,Desktop,1920,58,0,95.23,0.0
2025-08-18,YouTube,YouTube - Brand Awareness - As,Brand Awareness,Asia Pacific,Desktop,990,4,0,-1.5,0.0
2025-11-28,Google Ads,Google Ads - Retargeting - Eu,Retargeting,Europe,Desktop,2544,64,4,154.26,732.45
2025-10-20,YouTube,YouTube - Conversion - LA,Conversion,LATAM,Desktop,1039,6,0,6.2,0.0
2025-07-14,Google Ads,Google Ads - Retargeting - As,Retargeting,Asia Pacific,Desktop,1975,54,2,125.25,394.04
2025-01-16,Facebook,Facebook - Retargeting - No,Retargeting,North America,Desktop,2205,33,1,61.93,109.49
2025-12-14,Google Ads,Google Ads - Retargeting - Eu,Retargeting,Europe,Mobile,1972,46,2,117.47,333.43
2025-10-09,YouTube,YouTube - Retargeting - LA,Retargeting,LATAM,Mobile,788,4,0,2.27,0.0
2025-07-16,Facebook,Facebook - Retargeting - As,Retargeting,Asia Pacific,Desktop,3212,41,1,89.85,184.1
2025-03-03,Facebook,Facebook - Lead Generation - Eu,Lead Generation,Europe,Mobile,1725,26,0,31.95,0.0
2025-10-19,Facebook,Facebook - Lead Generation - LA,Lead Generation,LATAM,Desktop,1866,21,0,38.15,0.0
2025-09-18,Instagram,Instagram - Lead Generation - As,Lead Generation,Asia Pacific,Desktop,1498,19,0,27.57,0.0
2025-07-31,LinkedIn,LinkedIn - Retargeting - Eu,Retargeting,Europe,Mobile,1487,5,0,21.86,0.0
2025-12-10,Instagram,Instagram - Lead Generation - LA,Lead Generation,LATAM,Mobile,1450,17,0,27.55,0.0
2025-03-09,LinkedIn,LinkedIn - Retargeting - No,Retargeting,North America,Mobile,864,3,0,14.64,0.0
2025-04-16,YouTube,YouTube - Conversion - Eu,Conversion,Europe,Desktop,1127,5,0,-1.18,0.0
2025-06-14,LinkedIn,LinkedIn - Retargeting - Eu,Retargeting,Europe,Mobile,737,5,0,22.28,0.0
2025-07-17,Email,Email - Lead Generation - Eu,Lead Generation,Europe,Desktop,780,25,0,23.77,0.0
2025-08-15,LinkedIn,LinkedIn - Lead Generation - LA,Lead Generation,LATAM,Desktop,1268,11,0,46.56,0.0
2025-01-07,Facebook,Facebook - Retargeting - Eu,Retargeting,Europe,Mobile,2118,35,2,47.28,429.82
2025-09-04,Facebook,Facebook - Conversion - Eu,Conversion,Europe,Mobile,2313,30,0,77.13,0.0
2025-06-03,Instagram,Instagram - Retargeting - No,Retargeting,North America,Mobile,1130,13,0,12.92,0.0
2025-07-30,Instagram,Instagram - Retargeting - No,Retargeting,North America,Desktop,1279,18,0,13.49,0.0
2025-05-01,Instagram,Instagram - Retargeting - Eu,Retargeting,Europe,Desktop,1600,21,1,11.79,103.54
2025-01-22,Google Ads,Google Ads - Conversion - No,Conversion,North America,Mobile,2296,60,1,99.85,149.23
2025-11-18,Facebook,Facebook - Brand Awareness - As,Brand Awareness,Asia Pacific,Desktop,2703,55,1,89.88,128.59
2025-12-15,Email,Email - Lead Generation - As,Lead Generation,Asia Pacific,Desktop,1332,34,0,-1.23,0.0
2025-12-20,Facebook,Facebook - Brand Awareness - LA,Brand Awareness,LATAM,Desktop,2152,23,0,15.68,0.0
2025-07-27,LinkedIn,LinkedIn - Brand Awareness - LA,Brand Awareness,LATAM,Desktop,1309,10,0,44.02,0.0
2025-10-24,YouTube,YouTube - Brand Awareness - No,Brand Awareness,North America,Mobile,988,5,0,2.7,0.0
2025-07-29,Google Ads,Google Ads - Retargeting - No,Retargeting,North America,Mobile,1073,29,0,62.25,0.0
2025-05-10,Instagram,Instagram - Retargeting - Eu,Retargeting,Europe,Mobile,1027,13,0,22.58,0.0
2025-03-31,Instagram,Instagram - Brand Awareness - As,Brand Awareness,Asia Pacific,Tablet,969,11,0,10.36,0.0
2025-11-28,Google Ads,Google Ads - Retargeting - No,Retargeting,North America,Desktop,2304,67,4,100.83,547.2
2025-07-15,Facebook,Facebook - Brand Awareness - No,Brand Awareness,North America,Mobile,2192,35,0,60.44,0.0
2025-05-16,Google Ads,Google Ads - Lead Generation - Eu,Lead Generation,Europe,Desktop,2578,60,1,115.5,153.77
2025-11-10,Google Ads,Google Ads - Brand Awareness - As,Brand Awareness,Asia Pacific,Desktop,2702,94,2,86.62,363.81
2025-10-22,Facebook,Facebook - Lead Generation - As,Lead Generation,Asia Pacific,Desktop,3347,61,1,22.9,129.51
2025-10-13,Email,Email - Lead Generation - Eu,Lead Generation,Europe,Tablet,1026,23,0,-16.49,0.0
2025-11-02,Google Ads,Google Ads - Conversion - As,Conversion,Asia Pacific,Mobile,688,19,0,38.99,0.0
2025-10-02,Facebook,Facebook - Brand Awareness - Eu,Brand Awareness,Europe,Mobile,2234,26,0,42.62,0.0
2025-05-20,Instagram,Instagram - Retargeting - Eu,Retargeting,Europe,Desktop,1230,12,0,13.59,0.0
2025-12-21,YouTube,YouTube - Conversion - No,Conversion,North America,Mobile,1284,5,0,2.12,0.0
2025-06-26,Google Ads,Google Ads - Conversion - No,Conversion,North America,Desktop,2691,67,1,110.48,130.11
2025-01-14,Facebook,Facebook - Brand Awareness - No,Brand Awareness,North America,Tablet,2190,42,0,40.78,0.0
2025-06-20,Google Ads,Google Ads - Lead Generation - As,Lead Generation,Asia Pacific,Desktop,2274,82,1,185.5,127.95
2025-08-18,LinkedIn,LinkedIn - Brand Awareness - No,Brand Awareness,North America,Mobile,680,4,0,15.62,0.0
2025-09-15,Facebook,Facebook - Retargeting - As,Retargeting,Asia Pacific,Desktop,1188,15,1,35.31,137.62
2025-10-11,Facebook,Facebook - Conversion - LA,Conversion,LATAM,Desktop,1026,17,0,19.45,0.0
2025-02-22,Google Ads,Google Ads - Retargeting - No,Retargeting,North America,Mobile,1881,34,1,96.72,176.12
2025-10-31,Instagram,Instagram - Conversion - Eu,Conversion,Europe,Desktop,1501,19,0,22.27,0.0
2025-12-03,Google Ads,Google Ads - Conversion - No,Conversion,North America,Mobile,2045,35,0,29.13,0.0
2025-10-10,Instagram,Instagram - Retargeting - Eu,Retargeting,Europe,Tablet,1021,14,0,25.39,0.0
2025-08-23,YouTube,YouTube - Brand Awareness - LA,Brand Awareness,LATAM,Desktop,1067,5,0,-0.39,0.0
2025-09-19,YouTube,YouTube - Brand Awareness - No,Brand Awareness,North America,Mobile,668,1,0,1.75,0.0
2025-12-12,LinkedIn,LinkedIn - Retargeting - Eu,Retargeting,Europe,Desktop,1251,11,0,57.62,0.0
2025-06-11,Google Ads,Google Ads - Conversion - LA,Conversion,LATAM,Mobile,1672,50,1,103.01,128.33
2025-10-20,YouTube,YouTube - Lead Generation - No,Lead Generation,North America,Desktop,1788,7,0,-5.34,0.0
2025-01-29,Google Ads,Google Ads - Lead Generation - LA,Lead Generation,LATAM,Mobile,1051,26,0,39.4,0.0
2025-06-13,Facebook,Facebook - Lead Generation - Eu,Lead Generation,Europe,Desktop,1724,24,0,37.78,0.0
2025-03-28,Facebook,Facebook - Brand Awareness - No,Brand Awareness,North America,Desktop,1538,20,0,45.21,0.0
2025-04-15,Google Ads,Google Ads - Retargeting - No,Retargeting,North America,Desktop,2375,29,1,38.18,143.26
2025-01-11,LinkedIn,LinkedIn - Lead Generation - Eu,Lead Generation,Europe,Mobile,1125,8,0,34.44,0.0
2025-06-02,Google Ads,Google Ads - Lead Generation - LA,Lead Generation,LATAM,Desktop,1769,35,0,35.7,0.0
2025-11-08,Instagram,Instagram - Brand Awareness - Eu,Brand Awareness,Europe,Mobile,883,11,0,16.13,0.0
2025-02-15,Google Ads,Google Ads - Brand Awareness - No,Brand Awareness,North America,Tablet,2192,47,1,79.77,204.78
2025-02-02,Instagram,Instagram - Lead Generation - Eu,Lead Generation,Europe,Mobile,1176,15,0,17.27,0.0
2025-12-13,LinkedIn,LinkedIn - Conversion - No,Conversion,North America,Desktop,917,10,0,43.17,0.0
2025-06-05,Facebook,Facebook - Retargeting - No,Retargeting,North America,Mobile,2141,31,1,65.02,187.32
2025-12-22,Facebook,Facebook - Lead Generation - Eu,Lead Generation,Europe,Mobile,678,12,0,13.9,0.0
2025-11-29,Instagram,Instagram - Lead Generation - As,Lead Generation,Asia Pacific,Mobile,1398,18,0,41.09,0.0
2025-09-19,Google Ads,Google Ads - Brand Awareness - LA,Brand Awareness,LATAM,Desktop,2556,70,1,127.23,124.82
2025-07-06,Facebook,Facebook - Retargeting - As,Retargeting,Asia Pacific,Desktop,1331,18,0,25.5,0.0
2025-04-27,Google Ads,Google Ads - Conversion - Eu,Conversion,Europe,Desktop,3225,77,1,144.43,198.22
2025-11-02,Google Ads,Google Ads - Conversion - As,Conversion,Asia Pacific,Desktop,2108,39,0,65.3,0.0
2025-04-02,Instagram,Instagram - Lead Generation - As,Lead Generation,Asia Pacific,Desktop,1175,15,0,19.22,0.0
2025-10-12,Google Ads,Google Ads - Conversion - LA,Conversion,LATAM,Mobile,1874,38,0,87.18,0.0
2025-08-23,Google Ads,Google Ads - Lead Generation - No,Lead Generation,North America,Mobile,2236,74,2,156.54,314.19
2025-01-16,Google Ads,Google Ads - Lead Generation - No,Lead Generation,North America,Tablet,1130,21,0,33.39,0.0
2025-01-24,Google Ads,Google Ads - Lead Generation - As,Lead Generation,Asia Pacific,Mobile,743,17,0,21.72,0.0
2025-03-16,LinkedIn,LinkedIn - Lead Generation - As,Lead Generation,Asia Pacific,Mobile,1462,16,0,81.67,0.0
2025-06-12,Facebook,Facebook - Conversion - No,Conversion,North America,Desktop,2355,38,0,67.51,0.0
2025-01-23,Instagram,Instagram - Retargeting - Eu,Retargeting,Europe,Mobile,747,8,0,4.14,0.0
2025-07-21,Google Ads,Google Ads - Retargeting - As,Retargeting,Asia Pacific,Mobile,2346,72,3,187.15,275.64
2025-11-25,Facebook,Facebook - Brand Awareness - Eu,Brand Awareness,Europe,Mobile,1683,29,0,45.97,0.0
2025-12-19,LinkedIn,LinkedIn - Retargeting - No,Retargeting,North America,Mobile,941,7,0,29.8,0.0
2025-10-26,LinkedIn,LinkedIn - Brand Awareness - LA,Brand Awareness,LATAM,Desktop,819,7,0,32.56,0.0
2025-02-09,Facebook,Facebook - Retargeting - LA,Retargeting,LATAM,Mobile,2736,48,2,70.4,314.72
2025-04-20,Google Ads,Google Ads - Lead Generation - LA,Lead Generation,LATAM,Mobile,2631,92,1,133.62,144.94
2025-06-13,Google Ads,Google Ads - Retargeting - LA,Retargeting,LATAM,Desktop,2066,35,1,83.9,112.37
2025-08-10,Facebook,Facebook - Brand Awareness - As,Brand Awareness,Asia Pacific,Mobile,1635,32,0,38.55,0.0
2025-03-06,YouTube,YouTube - Lead Generation - As,Lead Generation,Asia Pacific,Mobile,1010,5,0,2.29,0.0
2025-03-10,Instagram,Instagram - Brand Awareness - Eu,Brand Awareness,Europe,Desktop,939,10,0,17.6,0.0
2025-10-25,Google Ads,Google Ads - Lead Generation - As,Lead Generation,Asia Pacific,Mobile,2601,56,1,92.15,134.69
2025-03-13,Google Ads,Google Ads - Lead Generation - As,Lead Generation,Asia Pacific,Mobile,1783,49,1,97.22,148.17
2025-02-17,LinkedIn,LinkedIn - Retargeting - As,Retargeting,Asia Pacific,Mobile,779,7,0,36.08,0.0
2025-11-07,Facebook,Facebook - Retargeting - Eu,Retargeting,Europe,Mobile,2762,35,1,32.83,115.75
2025-08-30,LinkedIn,LinkedIn - Lead Generation - LA,Lead Generation,LATAM,Desktop,1160,8,0,34.66,0.0
2025-01-12,YouTube,YouTube - Retargeting - LA,Retargeting,LATAM,Mobile,1618,6,0,7.24,0.0
2025-01-25,Google Ads,Google Ads - Lead Generation - LA,Lead Generation,LATAM,Tablet,2271,61,1,106.69,166.76
2025-05-17,Email,Email - Retargeting - No,Retargeting,North America,Mobile,1083,37,1,-11.84,154.03
2025-10-17,Facebook,Facebook - Brand Awareness - LA,Brand Awareness,LATAM,Desktop,2067,29,0,37.82,0.0
2025-12-08,Google Ads,Google Ads - Brand Awareness - As,Brand Awareness,Asia Pacific,Desktop,2598,59,1,117.29,122.89
2025-10-03,Facebook,Facebook - Conversion - LA,Conversion,LATAM,Mobile,2194,26,0,50.28,0.0
2025-11-03,Instagram,Instagram - Conversion - No,Conversion,North America,Mobile,1308,11,0,16.87,0.0
2025-08-17,YouTube,YouTube - Conversion - As,Conversion,Asia Pacific,Mobile,1250,4,0,0.86,0.0
2025-07-13,Instagram,Instagram - Lead Generation - As,Lead Generation,Asia Pacific,Mobile,839,9,0,11.66,0.0
2025-03-28,Email,Email - Conversion - Eu,Conversion,Europe,Desktop,869,31,0,11.93,0.0
2025-10-06,YouTube,YouTube - Lead Generation - LA,Lead Generation,LATAM,Desktop,726,3,0,1.06,0.0
2025-12-04,Google Ads,Google Ads - Retargeting - As,Retargeting,Asia Pacific,Tablet,2467,66,3,161.78,469.3
2025-05-11,Google Ads,Google Ads - Retargeting - No,Retargeting,North America,Desktop,1665,27,1,44.76,205.82
2025-11-04,Google Ads,Google Ads - Conversion - LA,Conversion,LATAM,Mobile,2515,75,1,157.11,180.03
2025-11-01,Google Ads,Google Ads - Retargeting - LA,Retargeting,LATAM,Tablet,1327,32,1,56.5,192.97
2025-07-02,Facebook,Facebook - Conversion - LA,Conversion,LATAM,Mobile,1837,26,0,44.52,0.0
2025-06-15,LinkedIn,LinkedIn - Brand Awareness - No,Brand Awareness,North America,Mobile,1272,9,0,41.43,0.0
2025-04-07,LinkedIn,LinkedIn - Conversion - LA,Conversion,LATAM,Mobile,522,3,0,14.94,0.0
2025-02-22,Facebook,Facebook - Lead Generation - LA,Lead Generation,LATAM,Mobile,1814,23,0,49.92,0.0
2025-08-25,Instagram,Instagram - Brand Awareness - No,Brand Awareness,North America,Desktop,1034,11,0,19.12,0.0
2025-07-15,Google Ads,Google Ads - Conversion - As,Conversion,Asia Pacific,Mobile,1574,27,0,32.61,0.0
2025-09-29,Google Ads,Google Ads - Brand Awareness - No,Brand Awareness,North America,Desktop,2305,66,1,159.01,113.85
2025-06-14,LinkedIn,LinkedIn - Lead Generation - No,Lead Generation,North America,Mobile,1456,10,0,44.16,0.0
2025-11-07,LinkedIn,LinkedIn - Lead Generation - Eu,Lead Generation,Europe,Desktop,1347,11,0,51.6,0.0
2025-06-08,Google Ads,Google Ads - Brand Awareness - Eu,Brand Awareness,Europe,Desktop,2190,75,1,146.14,173.95
2025-03-07,LinkedIn,LinkedIn - Conversion - No,Conversion,North America,Desktop,941,8,0,33.42,0.0
2025-04-13,Facebook,Facebook - Brand Awareness - No,Brand Awareness,North America,Desktop,1154,18,0,7.6,0.0
2025-01-27,Instagram,Instagram - Retargeting - LA,Retargeting,LATAM,Mobile,1137,17,0,12.01,0.0
2025-06-09,Instagram,Instagram - Retargeting - No,Retargeting,North America,Desktop,710,7,0,7.84,0.0
2025-05-10,LinkedIn,LinkedIn - Brand Awareness - Eu,Brand Awareness,Europe,Desktop,1363,13,0,68.35,0.0
2025-02-04,Google Ads,Google Ads - Brand Awareness - Eu,Brand Awareness,Europe,Mobile,2003,45,0,99.21,0.0
2025-11-06,Instagram,Instagram - Brand Awareness - As,Brand Awareness,Asia Pacific,Mobile,891,10,0,4.98,0.0
2025-02-08,YouTube,YouTube - Retargeting - Eu,Retargeting,Europe,Desktop,967,5,0,-0.32,0.0
2025-11-05,LinkedIn,LinkedIn - Brand Awareness - Eu,Brand Awareness,Europe,Mobile,1042,7,0,33.4,0.0
2025-09-11,Facebook,Facebook - Lead Generation - As,Lead Generation,Asia Pacific,Mobile,2036,33,0,19.39,0.0
2025-04-25,Google Ads,Google Ads - Retargeting - As,Retargeting,Asia Pacific,Desktop,1335,27,1,68.38,130.97
2025-10-06,Facebook,Facebook - Brand Awareness - LA,Brand Awareness,LATAM,Mobile,3586,37,0,64.15,0.0
2025-06-02,Google Ads,Google Ads - Conversion - LA,Conversion,LATAM,Mobile,2058,47,1,94.44,169.61
2025-04-22,LinkedIn,LinkedIn - Retargeting - Eu,Retargeting,Europe,Desktop,565,3,0,12.41,0.0
2025-09-10,Instagram,Instagram - Brand Awareness - As,Brand Awareness,Asia Pacific,Desktop,274,1,0,1.96,0.0
2026-01-04,LinkedIn,LinkedIn - Conversion - No,Conversion,North America,Mobile,693,4,0,16.3,0.0
2025-04-28,LinkedIn,LinkedIn - Brand Awareness - Eu,Brand Awareness,Europe,Desktop,741,5,0,20.07,0.0
2025-07-17,Instagram,Instagram - Conversion - LA,Conversion,LATAM,Desktop,962,10,0,12.95,0.0
2025-09-18,Google Ads,Google Ads - Lead Generation - As,Lead Generation,Asia Pacific,Mobile,2291,47,0,55.45,0.0
2025-12-28,Instagram,Instagram - Retargeting - As,Retargeting,Asia Pacific,Desktop,1517,20,1,31.93,145.91
2025-11-22,Facebook,Facebook - Brand Awareness - LA,Brand Awareness,LATAM,Mobile,1029,13,0,24.89,0.0
2025-08-13,LinkedIn,LinkedIn - Conversion - No,Conversion,North America,Desktop,878,5,0,23.96,0.0
2025-03-19,LinkedIn,LinkedIn - Retargeting - Eu,Retargeting,Europe,Mobile,1121,6,0,29.53,0.0
2025-12-05,LinkedIn,LinkedIn - Conversion - LA,Conversion,LATAM,Mobile,778,7,0,31.4,0.0
2025-03-20,Instagram,Instagram - Brand Awareness - As,Brand Awareness,Asia Pacific,Mobile,715,9,0,13.92,0.0
2025-08-01,Facebook,Facebook - Lead Generation - LA,Lead Generation,LATAM,Mobile,2495,30,0,40.44,0.0
2025-06-15,Instagram,Instagram - Retargeting - Eu,Retargeting,Europe,Desktop,754,10,0,13.95,0.0
2025-07-09,Facebook,Facebook - Brand Awareness - No,Brand Awareness,North America,Tablet,2276,40,0,47.83,0.0
2025-01-28,Google Ads,Google Ads - Brand Awareness - LA,Brand Awareness,LATAM,Desktop,2119,46,0,106.16,0.0
2025-10-29,Facebook,Facebook - Lead Generation - LA,Lead Generation,LATAM,Mobile,1956,35,0,37.91,0.0
2025-08-21,Google Ads,Google Ads - Conversion - Eu,Conversion,Europe,Mobile,2196,50,1,93.17,160.95
2025-04-23,Google Ads,Google Ads - Brand Awareness - Eu,Brand Awareness,Europe,Mobile,2082,48,1,72.18,180.06
2025-02-27,LinkedIn,LinkedIn - Retargeting - As,Retargeting,Asia Pacific,Desktop,1155,8,0,25.75,0.0
2025-01-21,YouTube,YouTube - Retargeting - LA,Retargeting,LATAM,Desktop,1423,6,0,2.01,0.0
2025-10-14,LinkedIn,LinkedIn - Lead Generation - As,Lead Generation,Asia Pacific,Mobile,899,5,0,17.78,0.0
2025-06-06,Google Ads,Google Ads - Lead Generation - As,Lead Generation,Asia Pacific,Mobile,2593,47,1,109.91,81.8
2025-05-16,YouTube,YouTube - Brand Awareness - No,Brand Awareness,North America,Tablet,719,3,0,1.76,0.0
2025-01-08,Email,Email - Brand Awareness - As,Brand Awareness,Asia Pacific,Desktop,1006,31,0,-6.45,0.0
2025-01-30,Google Ads,Google Ads - Conversion - No,Conversion,North America,Mobile,1809,45,0,115.26,0.0
2025-06-28,YouTube,YouTube - Retargeting - Eu,Retargeting,Europe,Mobile,1099,6,0,2.53,0.0
2025-01-19,Instagram,Instagram - Lead Generation - No,Lead Generation,North America,Tablet,1175,15,0,20.11,0.0
2025-11-02,Instagram,Instagram - Lead Generation - As,Lead Generation,Asia Pacific,Mobile,572,6,0,8.97,0.0
2025-04-03,YouTube,YouTube - Conversion - As,Conversion,Asia Pacific,Mobile,1138,6,0,7.08,0.0
2025-10-30,LinkedIn,LinkedIn - Lead Generation - Eu,Lead Generation,Europe,Desktop,974,5,0,24.58,0.0
2025-07-10,Email,Email - Lead Generation - Eu,Lead Generation,Europe,Desktop,1352,49,1,-8.55,188.09
2025-06-09,Facebook,Facebook - Conversion - No,Conversion,North America,Mobile,2529,34,0,55.52,0.0
2026-01-03,Google Ads,Google Ads - Lead Generation - LA,Lead Generation,LATAM,Mobile,1960,56,1,93.82,189.64
2025-05-01,Facebook,Facebook - Conversion - No,Conversion,North America,Mobile,2469,26,0,59.93,0.0
2025-07-16,Facebook,Facebook - Lead Generation - LA,Lead Generation,LATAM,Mobile,2447,37,0,92.06,0.0
2025-04-13,Instagram,Instagram - Conversion - As,Conversion,Asia Pacific,Mobile,1263,14,0,24.52,0.0
2025-03-29,LinkedIn,LinkedIn - Retargeting - No,Retargeting,North America,Desktop,1161,8,0,34.54,0.0
2025-11-24,Instagram,Instagram - Conversion - No,Conversion,North America,Mobile,804,11,0,20.41,0.0
2025-04-30,Instagram,Instagram - Brand Awareness - As,Brand Awareness,Asia Pacific,Mobile,985,13,0,10.85,0.0
2025-11-17,Instagram,Instagram - Retargeting - As,Retargeting,Asia Pacific,Mobile,821,7,0,13.08,0.0
2025-11-14,Instagram,Instagram - Lead Generation - No,Lead Generation,North America,Desktop,855,9,0,14.33,0.0
2025-08-20,Email,Email - Retargeting - Eu,Retargeting,Europe,Mobile,1521,54,2,-16.42,250.17
2025-09-16,LinkedIn,LinkedIn - Brand Awareness - As,Brand Awareness,Asia Pacific,Desktop,1156,5,0,22.86,0.0
2025-05-07,Google Ads,Google Ads - Lead Generation - No,Lead Generation,North America,Desktop,614,15,0,37.47,0.0
2025-06-20,YouTube,YouTube - Brand Awareness - No,Brand Awareness,North America,Mobile,977,5,0,4.34,0.0
2025-04-23,YouTube,YouTube - Brand Awareness - No,Brand Awareness,North America,Mobile,1136,5,0,6.11,0.0
2025-08-08,Google Ads,Google Ads - Conversion - Eu,Conversion,Europe,Desktop,2272,77,1,144.84,158.07
2025-11-20,Google Ads,Google Ads - Conversion - LA,Conversion,LATAM,Mobile,2112,55,1,151.07,179.02
2025-11-13,Google Ads,Google Ads - Conversion - Eu,Conversion,Europe,Desktop,1663,51,1,92.58,154.3
2025-04-27,Facebook,Facebook - Brand Awareness - As,Brand Awareness,Asia Pacific,Mobile,2405,35,0,49.25,0.0
2025-02-06,Instagram,Instagram - Retargeting - No,Retargeting,North America,Desktop,1179,12,0,17.65,0.0
2025-05-25,Google Ads,Google Ads - Conversion - As,Conversion,Asia Pacific,Mobile,2402,67,1,128.37,162.15
2025-11-22,Email,Email - Brand Awareness - LA,Brand Awareness,LATAM,Mobile,987,34,0,-27.99,0.0
2025-07-27,Facebook,Facebook - Conversion - Eu,Conversion,Europe,Desktop,2445,46,1,80.25,158.57
2025-08-11,Facebook,Facebook - Lead Generation - LA,Lead Generation,LATAM,Mobile,1359,21,0,47.24,0.0
2025-11-09,Facebook,Facebook - Conversion - Eu,Conversion,Europe,Mobile,2713,48,0,94.23,0.0
2025-03-10,Facebook,Facebook - Brand Awareness - Eu,Brand Awareness,Europe,Desktop,1078,11,0,17.28,0.0
2025-11-01,LinkedIn,LinkedIn - Brand Awareness - No,Brand Awareness,North America,Mobile,967,8,0,37.68,0.0
2025-12-11,YouTube,YouTube - Retargeting - As,Retargeting,Asia Pacific,Mobile,957,6,0,3.05,0.0
2025-10-04,LinkedIn,LinkedIn - Brand Awareness - Eu,Brand Awareness,Europe,Desktop,1176,7,0,24.93,0.0
2025-01-20,Facebook,Facebook - Retargeting - As,Retargeting,Asia Pacific,Desktop,1190,19,1,29.22,172.28
2025-06-27,Instagram,Instagram - Lead Generation - No,Lead Generation,North America,Mobile,881,13,0,11.79,0.0
2025-12-23,YouTube,YouTube - Brand Awareness - Eu,Brand Awareness,Europe,Desktop,883,6,0,5.49,0.0
2025-06-21,Instagram,Instagram - Retargeting - As,Retargeting,Asia Pacific,Tablet,856,6,0,7.21,0.0
2025-07-30,Instagram,Instagram - Conversion - Eu,Conversion,Europe,Mobile,995,13,0,15.88,0.0
2025-07-25,YouTube,YouTube - Lead Generation - As,Lead Generation,Asia Pacific,Desktop,937,5,0,4.45,0.0
2025-03-06,Instagram,Instagram - Retargeting - LA,Retargeting,LATAM,Desktop,1106,14,0,15.92,0.0
2025-06-30,LinkedIn,LinkedIn - Conversion - LA,Conversion,LATAM,Desktop,931,6,0,35.96,0.0
2025-04-01,Google Ads,Google Ads - Conversion - LA,Conversion,LATAM,Desktop,1811,63,0,140.92,0.0
2025-05-25,Google Ads,Google Ads - Retargeting - As,Retargeting,Asia Pacific,Mobile,2956,67,3,171.54,389.13
2025-09-07,Facebook,Facebook - Brand Awareness - Eu,Brand Awareness,Europe,Mobile,2577,36,0,39.97,0.0
2025-06-15,LinkedIn,LinkedIn - Retargeting - As,Retargeting,Asia Pacific,Mobile,956,6,0,24.9,0.0
2025-05-21,Instagram,Instagram - Lead Generation - No,Lead Generation,North America,Desktop,1133,16,0,19.2,0.0
2025-05-25,YouTube,YouTube - Lead Generation - No,Lead Generation,North America,Desktop,1075,4,0,0.42,0.0
2025-03-16,Facebook,Facebook - Lead Generation - No,Lead Generation,North America,Desktop,1516,25,0,42.74,0.0
2025-07-30,YouTube,YouTube - Conversion - LA,Conversion,LATAM,Desktop,1104,6,0,5.46,0.0
2026-01-03,Instagram,Instagram - Brand Awareness - As,Brand Awareness,Asia Pacific,Mobile,970,12,0,13.86,0.0
2025-07-04,Instagram,Instagram - Brand Awareness - LA,Brand Awareness,LATAM,Mobile,730,7,0,6.34,0.0
2025-12-05,Facebook,Facebook - Brand Awareness - No,Brand Awareness,North America,Mobile,1550,28,0,15.73,0.0
2025-12-09,Facebook,Facebook - Lead Generation - LA,Lead Generation,LATAM,Desktop,1468,28,0,40.18,0.0
2025-08-27,Google Ads,Google Ads - Retargeting - No,Retargeting,North America,Mobile,1878,39,2,45.62,409.18
2025-11-14,Google Ads,Google Ads - Brand Awareness - Eu,Brand Awareness,Europe,Desktop,1313,33,0,91.18,0.0
2025-09-26,Instagram,Instagram - Lead Generation - No,Lead Generation,North America,Mobile,1158,15,0,29.02,0.0
2025-09-06,Google Ads,Google Ads - Lead Generation - LA,Lead Generation,LATAM,Mobile,1407,41,0,61.33,0.0
2025-04-08,YouTube,YouTube - Lead Generation - LA,Lead Generation,LATAM,Desktop,793,5,0,2.09,0.0
2025-10-10,Google Ads,Google Ads - Retargeting - No,Retargeting,North America,Mobile,1344,39,2,88.79,229.46
2025-06-09,LinkedIn,LinkedIn - Lead Generation - No,Lead Generation,North America,Desktop,731,6,0,28.05,0.0
2025-12-10,Google Ads,Google Ads - Retargeting - LA,Retargeting,LATAM,Mobile,1886,33,1,40.2,179.4
2025-06-29,Instagram,Instagram - Retargeting - Eu,Retargeting,Europe,Desktop,1106,15,0,14.48,0.0
2025-07-05,Google Ads,Google Ads - Lead Generation - LA,Lead Generation,LATAM,Desktop,2361,71,1,135.24,97.25
2025-09-30,Facebook,Facebook - Retargeting - As,Retargeting,Asia Pacific,Mobile,2383,38,2,77.55,221.27
2025-10-22,Facebook,Facebook - Conversion - Eu,Conversion,Europe,Tablet,1380,25,0,23.64,0.0
2025-12-09,LinkedIn,LinkedIn - Brand Awareness - No,Brand Awareness,North America,Desktop,541,5,0,19.11,0.0
2025-08-03,YouTube,YouTube - Conversion - Eu,Conversion,Europe,Mobile,1455,9,0,-1.61,0.0
2025-06-23,Google Ads,Google Ads - Brand Awareness - Eu,Brand Awareness,Europe,Mobile,1988,69,1,101.47,194.45
2025-03-20,Facebook,Facebook - Brand Awareness - As,Brand Awareness,Asia Pacific,Desktop,2606,49,0,61.61,0.0
2025-05-27,Facebook,Facebook - Lead Generation - Eu,Lead Generation,Europe,Desktop,3011,50,0,79.23,0.0
2025-03-04,Google Ads,Google Ads - Retargeting - LA,Retargeting,LATAM,Desktop,2026,56,1,103.69,157.24
2025-08-22,Google Ads,Google Ads - Lead Generation - Eu,Lead Generation,Europe,Desktop,1309,33,0,59.73,0.0
2025-08-01,Google Ads,Google Ads - Retargeting - As,Retargeting,Asia Pacific,Desktop,1321,37,2,59.12,353.72
2025-07-02,Facebook,Facebook - Lead Generation - No,Lead Generation,North America,Desktop,1621,24,0,29.8,0.0
2025-05-03,Instagram,Instagram - Brand Awareness - LA,Brand Awareness,LATAM,Desktop,1148,8,0,15.07,0.0
2025-02-23,Instagram,Instagram - Lead Generation - LA,Lead Generation,LATAM,Mobile,618,4,0,3.57,0.0
2025-04-07,Facebook,Facebook - Retargeting - Eu,Retargeting,Europe,Mobile,2821,32,1,53.31,176.44
2025-10-09,LinkedIn,LinkedIn - Conversion - As,Conversion,Asia Pacific,Desktop,885,6,0,27.55,0.0
2025-08-30,Instagram,Instagram - Retargeting - LA,Retargeting,LATAM,Mobile,951,13,0,16.83,0.0
2025-08-18,LinkedIn,LinkedIn - Brand Awareness - No,Brand Awareness,North America,Desktop,1294,12,0,51.52,0.0
2025-11-19,Facebook,Facebook - Brand Awareness - No,Brand Awareness,North America,Desktop,473,9,0,22.3,0.0
2025-09-10,YouTube,YouTube - Lead Generation - LA,Lead Generation,LATAM,Mobile,1387,9,0,3.4,0.0
2025-12-07,Google Ads,Google Ads - Lead Generation - As,Lead Generation,Asia Pacific,Desktop,2658,66,1,129.31,152.86
2025-07-10,Facebook,Facebook - Lead Generation - LA,Lead Generation,LATAM,Mobile,2102,25,0,43.02,0.0
2025-04-10,YouTube,YouTube - Retargeting - As,Retargeting,Asia Pacific,Desktop,894,3,0,3.29,0.0
2025-10-18,LinkedIn,LinkedIn - Brand Awareness - Eu,Brand Awareness,Europe,Tablet,746,8,0,41.98,0.0
2025-02-18,YouTube,YouTube - Lead Generation - No,Lead Generation,North America,Desktop,808,4,0,0.83,0.0
2025-08-11,Facebook,Facebook - Lead Generation - LA,Lead Generation,LATAM,Mobile,1454,23,0,8.76,0.0
2025-07-12,Facebook,Facebook - Lead Generation - Eu,Lead Generation,Europe,Mobile,1684,32,0,54.13,0.0
2025-04-30,Google Ads,Google Ads - Retargeting - Eu,Retargeting,Europe,Desktop,721,19,0,44.87,0.0
2025-05-21,Google Ads,Google Ads - Brand Awareness - LA,Brand Awareness,LATAM,Mobile,1068,25,0,38.83,0.0
2025-11-21,Google Ads,Google Ads - Lead Generation - Eu,Lead Generation,Europe,Mobile,1672,57,1,121.94,107.18
2025-08-05,LinkedIn,LinkedIn - Conversion - LA,Conversion,LATAM,Mobile,1029,10,0,48.73,0.0
2025-04-29,Instagram,Instagram - Retargeting - As,Retargeting,Asia Pacific,Desktop,980,15,0,13.43,0.0
2025-02-11,YouTube,YouTube - Conversion - LA,Conversion,LATAM,Desktop,711,2,0,2.04,0.0
2025-12-30,Instagram,Instagram - Retargeting - No,Retargeting,North America,Mobile,616,7,0,3.54,0.0
2025-05-21,Facebook,Facebook - Retargeting - LA,Retargeting,LATAM,Mobile,1613,14,0,26.08,0.0
2025-06-05,Google Ads,Google Ads - Lead Generation - As,Lead Generation,Asia Pacific,Mobile,1664,33,0,81.38,0.0
2025-12-10,Google Ads,Google Ads - Retargeting - As,Retargeting,Asia Pacific,Mobile,1913,38,1,77.46,180.56
2025-04-30,Facebook,Facebook - Lead Generation - No,Lead Generation,North America,Desktop,2174,32,0,60.49,0.0
2025-11-02,Google Ads,Google Ads - Retargeting - No,Retargeting,North America,Mobile,1753,42,1,87.96,152.0
2025-07-15,YouTube,YouTube - Lead Generation - Eu,Lead Generation,Europe,Mobile,1323,6,0,-0.39,0.0
2025-03-01,Facebook,Facebook - Lead Generation - No,Lead Generation,North America,Mobile,2114,33,0,74.49,0.0
2025-04-04,Google Ads,Google Ads - Retargeting - As,Retargeting,Asia Pacific,Desktop,2286,51,1,84.2,172.72
2025-06-15,Facebook,Facebook - Retargeting - No,Retargeting,North America,Desktop,1087,15,0,27.4,0.0
2025-12-05,Google Ads,Google Ads - Lead Generation - As,Lead Generation,Asia Pacific,Mobile,2617,80,1,116.88,130.9
2025-05-29,Google Ads,Google Ads - Retargeting - Eu,Retargeting,Europe,Tablet,1226,32,1,46.7,172.52
2025-09-06,Facebook,Facebook - Retargeting - Eu,Retargeting,Europe,Desktop,2418,35,1,63.71,154.47
2025-01-24,Facebook,Facebook - Conversion - LA,Conversion,LATAM,Desktop,2323,33,0,58.57,0.0
2025-03-08,YouTube,YouTube - Retargeting - As,Retargeting,Asia Pacific,Mobile,516,2,0,2.16,0.0
2025-12-30,Instagram,Instagram - Brand Awareness - No,Brand Awareness,North America,Desktop,980,13,0,26.27,0.0
2025-08-31,Instagram,Instagram - Retargeting - As,Retargeting,Asia Pacific,Mobile,1089,13,0,12.08,0.0
2025-05-20,LinkedIn,LinkedIn - Conversion - As,Conversion,Asia Pacific,Tablet,1106,8,0,41.72,0.0
2025-05-30,Facebook,Facebook - Brand Awareness - No,Brand Awareness,North America,Mobile,1663,29,0,47.19,0.0
2025-01-10,Instagram,Instagram - Lead Generation - As,Lead Generation,Asia Pacific,Mobile,414,5,0,7.9,0.0
2025-10-28,Facebook,Facebook - Retargeting - Eu,Retargeting,Europe,Desktop,2251,26,1,58.35,105.95
2025-09-12,Google Ads,Google Ads - Brand Awareness - LA,Brand Awareness,LATAM,Mobile,597,10,0,16.88,0.0
2025-08-07,Instagram,Instagram - Retargeting - Eu,Retargeting,Europe,Mobile,188,2,0,1.56,0.0
2025-01-29,Google Ads,Google Ads - Retargeting - LA,Retargeting,LATAM,Mobile,1775,39,1,75.93,152.5
2025-01-22,YouTube,YouTube - Conversion - Eu,Conversion,Europe,Tablet,844,3,0,2.73,0.0
2025-07-11,Instagram,Instagram - Conversion - Eu,Conversion,Europe,Desktop,1285,12,0,12.79,0.0
2025-01-16,Instagram,Instagram - Conversion - No,Conversion,North America,Mobile,361,3,0,1.44,0.0
2025-06-04,Facebook,Facebook - Lead Generation - As,Lead Generation,Asia Pacific,Mobile,255,3,0,2.05,0.0
2025-04-20,Facebook,Facebook - Brand Awareness - As,Brand Awareness,Asia Pacific,Tablet,2065,41,0,40.09,0.0
2025-08-16,Google Ads,Google Ads - Brand Awareness - Eu,Brand Awareness,Europe,Mobile,2940,60,1,85.87,165.7
2025-11-29,Facebook,Facebook - Conversion - Eu,Conversion,Europe,Mobile,1804,32,0,63.65,0.0
2025-12-08,Facebook,Facebook - Conversion - Eu,Conversion,Europe,Desktop,2147,13,0,14.93,0.0
2025-04-09,LinkedIn,LinkedIn - Lead Generation - As,Lead Generation,Asia Pacific,Mobile,1034,5,0,25.36,0.0
2025-11-02,Facebook,Facebook - Conversion - As,Conversion,Asia Pacific,Mobile,2333,51,0,34.1,0.0
2025-02-20,Facebook,Facebook - Lead Generation - As,Lead Generation,Asia Pacific,Mobile,1978,35,0,73.21,0.0
2025-07-05,Google Ads,Google Ads - Retargeting - Eu,Retargeting,Europe,Desktop,1006,22,0,51.94,0.0
2025-12-03,Google Ads,Google Ads - Lead Generation - Eu,Lead Generation,Europe,Mobile,2454,47,1,102.7,129.17
2025-10-14,Google Ads,Google Ads - Lead Generation - LA,Lead Generation,LATAM,Mobile,1874,51,0,101.42,0.0
2025-10-07,LinkedIn,LinkedIn - Lead Generation - No,Lead Generation,North America,Desktop,903,7,0,35.58,0.0
2025-07-17,Facebook,Facebook - Retargeting - No,Retargeting,North America,Desktop,2007,47,1,95.38,144.82
2025-02-09,Email,Email - Lead Generation - Eu,Lead Generation,Europe,Desktop,1231,43,0,32.34,0.0
2025-06-04,Facebook,Facebook - Conversion - LA,Conversion,LATAM,Mobile,2712,52,0,79.2,0.0
2025-04-01,LinkedIn,LinkedIn - Conversion - Eu,Conversion,Europe,Mobile,1351,11,0,48.31,0.0
2025-04-18,Instagram,Instagram - Lead Generation - As,Lead Generation,Asia Pacific,Desktop,654,8,0,13.3,0.0
2025-11-25,Instagram,Instagram - Brand Awareness - LA,Brand Awareness,LATAM,Mobile,1358,14,0,26.73,0.0
2025-08-10,Facebook,Facebook - Retargeting - Eu,Retargeting,Europe,Mobile,1843,16,0,7.95,0.0
2025-04-26,Facebook,Facebook - Conversion - LA,Conversion,LATAM,Mobile,2634,53,1,106.95,174.59
2025-09-21,Instagram,Instagram - Conversion - Eu,Conversion,Europe,Mobile,1203,17,0,29.31,0.0
2025-02-16,Facebook,Facebook - Retargeting - LA,Retargeting,LATAM,Tablet,1976,29,1,59.77,219.6
2025-01-24,Google Ads,Google Ads - Retargeting - As,Retargeting,Asia Pacific,Tablet,1549,38,1,72.88,151.22
2025-10-06,Google Ads,Google Ads - Lead Generation - LA,Lead Generation,LATAM,Mobile,2453,71,1,154.25,188.6
2025-09-24,Google Ads,Google Ads - Brand Awareness - LA,Brand Awareness,LATAM,Mobile,2301,78,1,146.54,119.21
2025-05-02,Google Ads,Google Ads - Retargeting - No,Retargeting,North America,Desktop,2738,55,1,149.44,157.49
2025-02-01,LinkedIn,LinkedIn - Brand Awareness - Eu,Brand Awareness,Europe,Desktop,758,5,0,22.5,0.0
2025-08-09,Instagram,Instagram - Lead Generation - As,Lead Generation,Asia Pacific,Desktop,1318,22,0,28.3,0.0
2025-08-02,Facebook,Facebook - Lead Generation - Eu,Lead Generation,Europe,Mobile,1401,21,0,39.17,0.0
2025-01-08,Google Ads,Google Ads - Conversion - Eu,Conversion,Europe,Mobile,1443,51,1,107.42,180.81
2025-09-14,Instagram,Instagram - Retargeting - Eu,Retargeting,Europe,Desktop,1264,20,0,21.11,0.0
2025-09-12,Instagram,Instagram - Retargeting - No,Retargeting,North America,Mobile,1305,19,1,22.36,125.06
2025-04-22,YouTube,YouTube - Retargeting - Eu,Retargeting,Europe,Mobile,1178,4,0,-1.24,0.0
2025-01-23,LinkedIn,LinkedIn - Conversion - Eu,Conversion,Europe,Tablet,1130,8,0,33.3,0.0
2025-10-02,Google Ads,Google Ads - Conversion - No,Conversion,North America,Mobile,1867,44,1,82.26,142.06
2025-08-02,Instagram,Instagram - Lead Generation - No,Lead Generation,North America,Mobile,591,3,0,3.43,0.0
2025-08-16,Facebook,Facebook - Conversion - No,Conversion,North America,Desktop,2840,47,0,73.61,0.0
2025-05-07,Facebook,Facebook - Conversion - Eu,Conversion,Europe,Mobile,2140,28,0,46.01,0.0
2025-05-31,YouTube,YouTube - Retargeting - As,Retargeting,Asia Pacific,Mobile,930,4,0,1.14,0.0
2025-01-13,LinkedIn,LinkedIn - Brand Awareness - No,Brand Awareness,North America,Mobile,1002,8,0,34.35,0.0
2025-07-31,Google Ads,Google Ads - Retargeting - No,Retargeting,North America,Mobile,1945,47,2,69.08,256.98
2025-06-24,Google Ads,Google Ads - Brand Awareness - As,Brand Awareness,Asia Pacific,Mobile,1229,36,0,92.66,0.0
2025-05-21,Instagram,Instagram - Retargeting - LA,Retargeting,LATAM,Mobile,1033,13,0,22.97,0.0
2025-01-29,Facebook,Facebook - Lead Generation - As,Lead Generation,Asia Pacific,Mobile,1660,20,0,41.15,0.0
2025-04-28,Google Ads,Google Ads - Conversion - As,Conversion,Asia Pacific,Desktop,2716,52,1,99.35,170.3
2025-10-06,Instagram,Instagram - Conversion - LA,Conversion,LATAM,Mobile,1433,21,0,28.77,0.0
2025-06-30,Email,Email - Conversion - Eu,Conversion,Europe,Desktop,1590,43,1,46.66,154.97
2025-06-26,Facebook,Facebook - Retargeting - As,Retargeting,Asia Pacific,Tablet,1669,31,1,5.78,134.36
2025-06-11,YouTube,YouTube - Lead Generation - As,Lead Generation,Asia Pacific,Mobile,668,3,0,0.43,0.0
2025-12-10,Google Ads,Google Ads - Conversion - No,Conversion,North America,Desktop,998,18,0,26.12,0.0
2025-06-30,Facebook,Facebook - Brand Awareness - Eu,Brand Awareness,Europe,Mobile,2208,49,0,72.71,0.0
2025-12-25,Facebook,Facebook - Conversion - Eu,Conversion,Europe,Desktop,2073,25,0,46.88,0.0
2025-06-06,Facebook,Facebook - Retargeting - Eu,Retargeting,Europe,Desktop,2134,37,1,79.77,159.62
2025-05-13,Instagram,Instagram - Brand Awareness - Eu,Brand Awareness,Europe,Mobile,1058,11,0,24.27,0.0
2025-01-25,Instagram,Instagram - Retargeting - No,Retargeting,North America,Mobile,553,6,0,2.51,0.0
2025-05-21,Instagram,Instagram - Brand Awareness - LA,Brand Awareness,LATAM,Mobile,1354,22,0,38.11,0.0
2025-04-25,Google Ads,Google Ads - Brand Awareness - LA,Brand Awareness,LATAM,Tablet,1415,42,0,79.22,0.0
2025-10-29,YouTube,YouTube - Retargeting - No,Retargeting,North America,Desktop,784,4,0,0.44,0.0
2025-11-12,YouTube,YouTube - Conversion - LA,Conversion,LATAM,Desktop,939,4,0,1.43,0.0
2025-10-07,Instagram,Instagram - Brand Awareness - No,Brand Awareness,North America,Desktop,948,12,0,14.53,0.0
2025-07-09,Facebook,Facebook - Conversion - Eu,Conversion,Europe,Mobile,1253,25,0,34.7,0.0
2025-02-08,Google Ads,Google Ads - Brand Awareness - As,Brand Awareness,Asia Pacific,Tablet,2320,40,0,79.54,0.0
2025-08-24,Google Ads,Google Ads - Lead Generation - LA,Lead Generation,LATAM,Desktop,3752,76,1,185.54,137.12
2025-12-07,Google Ads,Google Ads - Conversion - Eu,Conversion,Europe,Mobile,2529,58,1,91.88,146.72
2025-02-27,Google Ads,Google Ads - Lead Generation - As,Lead Generation,Asia Pacific,Desktop,1914,51,1,124.24,115.71
2025-09-07,Instagram,Instagram - Conversion - As,Conversion,Asia Pacific,Tablet,1246,14,0,20.33,0.0
2025-10-29,LinkedIn,LinkedIn - Lead Generation - As,Lead Generation,Asia Pacific,Desktop,1745,14,0,61.94,0.0
2025-04-13,Google Ads,Google Ads - Conversion - LA,Conversion,LATAM,Desktop,2503,73,1,125.13,159.98
2025-02-23,Instagram,Instagram - Lead Generation - As,Lead Generation,Asia Pacific,Mobile,1272,14,0,9.53,0.0
2025-12-24,Google Ads,Google Ads - Retargeting - No,Retargeting,North America,Mobile,2205,55,2,108.32,313.29
2025-08-28,LinkedIn,LinkedIn - Brand Awareness - Eu,Brand Awareness,Europe,Mobile,846,6,0,24.04,0.0
2025-08-01,LinkedIn,LinkedIn - Brand Awareness - LA,Brand Awareness,LATAM,Desktop,808,3,0,14.15,0.0
2025-10-04,Instagram,Instagram - Conversion - Eu,Conversion,Europe,Tablet,1365,18,0,17.39,0.0
2025-07-24,Instagram,Instagram - Brand Awareness - Eu,Brand Awareness,Europe,Mobile,416,4,0,5.44,0.0
2025-04-11,Google Ads,Google Ads - Retargeting - LA,Retargeting,LATAM,Mobile,2076,49,1,117.0,158.49
2025-11-18,Facebook,Facebook - Conversion - Eu,Conversion,Europe,Mobile,2101,30,0,36.39,0.0
2025-08-21,Google Ads,Google Ads - Brand Awareness - Eu,Brand Awareness,Europe,Desktop,2422,74,1,129.51,169.42
2025-03-15,Facebook,Facebook - Brand Awareness - LA,Brand Awareness,LATAM,Tablet,884,10,0,18.32,0.0
2025-05-12,YouTube,YouTube - Conversion - Eu,Conversion,Europe,Tablet,598,3,0,1.33,0.0
2025-01-26,Email,Email - Lead Generation - No,Lead Generation,North America,Desktop,625,23,0,16.89,0.0
2025-05-06,Instagram,Instagram - Lead Generation - As,Lead Generation,Asia Pacific,Mobile,884,11,0,14.96,0.0
2025-07-21,Facebook,Facebook - Conversion - No,Conversion,North America,Mobile,1719,24,0,54.84,0.0
2025-03-19,LinkedIn,LinkedIn - Brand Awareness - No,Brand Awareness,North America,Desktop,1016,8,0,36.04,0.0
2025-01-06,Facebook,Facebook - Brand Awareness - No,Brand Awareness,North America,Desktop,1241,21,0,21.06,0.0
2025-03-03,Facebook,Facebook - Lead Generation - Eu,Lead Generation,Europe,Mobile,1770,25,0,22.7,0.0
2025-04-01,Google Ads,Google Ads - Retargeting - Eu,Retargeting,Europe,Mobile,2161,60,3,96.49,639.09
2025-06-22,YouTube,YouTube - Conversion - Eu,Conversion,Europe,Desktop,625,2,0,2.32,0.0
2025-08-20,LinkedIn,LinkedIn - Retargeting - No,Retargeting,North America,Mobile,674,5,0,24.3,0.0
2025-07-31,Google Ads,Google Ads - Conversion - Eu,Conversion,Europe,Desktop,1910,34,0,76.39,0.0
2025-10-09,Facebook,Facebook - Lead Generation - No,Lead Generation,North America,Desktop,1335,16,0,12.57,0.0
2025-04-11,Facebook,Facebook - Brand Awareness - No,Brand Awareness,North America,Mobile,1363,20,0,27.87,0.0
2025-06-02,Instagram,Instagram - Brand Awareness - LA,Brand Awareness,LATAM,Mobile,757,9,0,14.43,0.0
2025-01-21,Instagram,Instagram - Brand Awareness - No,Brand Awareness,North America,Mobile,1285,16,0,17.63,0.0
2025-08-09,Google Ads,Google Ads - Lead Generation - LA,Lead Generation,LATAM,Desktop,2105,48,1,98.54,174.74
2025-03-21,Google Ads,Google Ads - Conversion - As,Conversion,Asia Pacific,Mobile,1764,52,1,122.47,162.88
2025-11-18,Instagram,Instagram - Brand Awareness - Eu,Brand Awareness,Europe,Mobile,1113,16,0,37.27,0.0
2025-06-01,Facebook,Facebook - Brand Awareness - Eu,Brand Awareness,Europe,Desktop,1607,19,0,44.32,0.0
2025-05-24,Email,Email - Brand Awareness - No,Brand Awareness,North America,Desktop,223,8,0,-10.2,0.0
2025-03-11,Facebook,Facebook - Conversion - As,Conversion,Asia Pacific,Mobile,1395,19,0,32.62,0.0
2025-10-27,Google Ads,Google Ads - Retargeting - Eu,Retargeting,Europe,Desktop,2433,76,2,138.72,253.65
2025-05-07,Google Ads,Google Ads - Brand Awareness - As,Brand Awareness,Asia Pacific,Mobile,3267,104,2,188.16,285.96
2025-03-14,Facebook,Facebook - Retargeting - As,Retargeting,Asia Pacific,Mobile,1594,25,1,22.91,165.62
2025-01-21,LinkedIn,LinkedIn - Retargeting - No,Retargeting,North America,Desktop,1123,9,0,45.37,0.0
2025-10-25,LinkedIn,LinkedIn - Lead Generation - Eu,Lead Generation,Europe,Mobile,677,4,0,18.62,0.0
2025-09-29,Facebook,Facebook - Lead Generation - No,Lead Generation,North America,Desktop,2339,37,0,59.57,0.0
2025-09-23,Facebook,Facebook - Conversion - As,Conversion,Asia Pacific,Desktop,1624,23,0,10.83,0.0
2025-11-09,Google Ads,Google Ads - Brand Awareness - LA,Brand Awareness,LATAM,Mobile,1666,52,1,104.57,172.6
2025-08-28,Instagram,Instagram - Conversion - LA,Conversion,LATAM,Tablet,1185,8,0,1.29,0.0
2025-05-29,Google Ads,Google Ads - Lead Generation - LA,Lead Generation,LATAM,Mobile,1289,40,0,63.35,0.0
2025-01-22,Facebook,Facebook - Brand Awareness - LA,Brand Awareness,LATAM,Desktop,418,5,0,11.44,0.0
2025-02-05,Email,Email - Brand Awareness - As,Brand Awareness,Asia Pacific,Desktop,567,10,0,-2.94,0.0
2025-09-19,Instagram,Instagram - Brand Awareness - No,Brand Awareness,North America,Mobile,1021,17,0,4.66,0.0
2025-04-02,Google Ads,Google Ads - Lead Generation - LA,Lead Generation,LATAM,Mobile,2111,63,0,130.44,0.0
2025-08-02,LinkedIn,LinkedIn - Conversion - Eu,Conversion,Europe,Desktop,1017,6,0,29.62,0.0
2025-01-09,Facebook,Facebook - Lead Generation - No,Lead Generation,North America,Mobile,2049,21,0,27.14,0.0
2025-03-27,Instagram,Instagram - Lead Generation - LA,Lead Generation,LATAM,Mobile,1119,14,0,9.66,0.0
2025-09-15,Google Ads,Google Ads - Retargeting - As,Retargeting,Asia Pacific,Desktop,2449,64,2,138.19,240.5
2025-05-11,Google Ads,Google Ads - Retargeting - LA,Retargeting,LATAM,Mobile,1620,32,1,44.23,133.82
2025-04-22,Google Ads,Google Ads - Brand Awareness - As,Brand Awareness,Asia Pacific,Mobile,1296,31,0,56.39,0.0
2025-12-06,Google Ads,Google Ads - Lead Generation - No,Lead Generation,North America,Mobile,2882,50,0,100.16,0.0
2025-11-25,YouTube,YouTube - Lead Generation - LA,Lead Generation,LATAM,Desktop,670,4,0,2.44,0.0
2025-07-23,YouTube,YouTube - Conversion - Eu,Conversion,Europe,Mobile,690,2,0,-0.43,0.0
2025-01-14,Instagram,Instagram - Retargeting - As,Retargeting,Asia Pacific,Desktop,1363,14,0,15.49,0.0
2025-04-19,LinkedIn,LinkedIn - Brand Awareness - No,Brand Awareness,North America,Mobile,671,4,0,16.24,0.0
2025-12-22,Instagram,Instagram - Retargeting - As,Retargeting,Asia Pacific,Mobile,1287,16,0,10.44,0.0
2025-03-04,Instagram,Instagram - Conversion - As,Conversion,Asia Pacific,Mobile,1539,22,0,25.18,0.0
2025-06-21,Instagram,Instagram - Conversion - Eu,Conversion,Europe,Desktop,348,3,0,4.05,0.0
2025-07-18,Google Ads,Google Ads - Lead Generation - Eu,Lead Generation,Europe,Desktop,1946,41,0,36.93,0.0
2025-12-21,YouTube,YouTube - Lead Generation - As,Lead Generation,Asia Pacific,Mobile,743,2,0,1.01,0.0
2025-07-29,Facebook,Facebook - Retargeting - LA,Retargeting,LATAM,Desktop,2939,30,1,37.74,121.01
2025-02-07,Google Ads,Google Ads - Conversion - Eu,Conversion,Europe,Mobile,1767,42,0,77.05,0.0
2025-07-16,Google Ads,Google Ads - Conversion - Eu,Conversion,Europe,Mobile,1421,32,0,101.59,0.0
2025-06-19,LinkedIn,LinkedIn - Conversion - LA,Conversion,LATAM,Desktop,1075,7,0,32.64,0.0
2025-03-16,Instagram,Instagram - Brand Awareness - LA,Brand Awareness,LATAM,Tablet,1006,12,0,3.95,0.0
2025-06-09,Instagram,Instagram - Brand Awareness - Eu,Brand Awareness,Europe,Mobile,1206,19,0,34.06,0.0
2025-08-29,LinkedIn,LinkedIn - Conversion - LA,Conversion,LATAM,Mobile,884,6,0,29.39,0.0
2025-04-01,Google Ads,Google Ads - Brand Awareness - Eu,Brand Awareness,Europe,Tablet,2426,82,1,170.02,207.85
2025-01-23,Google Ads,Google Ads - Conversion - Eu,Conversion,Europe,Mobile,2209,77,2,108.72,279.88
2025-07-20,Facebook,Facebook - Retargeting - LA,Retargeting,LATAM,Mobile,1689,23,1,31.44,124.72
2025-10-17,Google Ads,Google Ads - Conversion - As,Conversion,Asia Pacific,Mobile,2231,46,0,90.05,0.0
2025-08-06,Google Ads,Google Ads - Brand Awareness - LA,Brand Awareness,LATAM,Desktop,2353,50,0,89.7,0.0
2025-12-12,Instagram,Instagram - Lead Generation - LA,Lead Generation,LATAM,Desktop,859,12,0,24.19,0.0
2025-11-27,Instagram,Instagram - Retargeting - Eu,Retargeting,Europe,Mobile,1491,20,1,14.29,174.08
2025-06-11,YouTube,YouTube - Retargeting - LA,Retargeting,LATAM,Mobile,1868,9,0,-0.55,0.0
2025-06-19,Facebook,Facebook - Conversion - LA,Conversion,LATAM,Mobile,2047,31,0,47.69,0.0
2025-01-21,Facebook,Facebook - Lead Generation - No,Lead Generation,North America,Desktop,2211,27,0,34.32,0.0
2025-02-18,Google Ads,Google Ads - Lead Generation - Eu,Lead Generation,Europe,Desktop,1109,26,0,32.15,0.0
2025-08-23,Google Ads,Google Ads - Retargeting - Eu,Retargeting,Europe,Desktop,2075,40,2,51.33,173.69
2025-12-27,Facebook,Facebook - Lead Generation - As,Lead Generation,Asia Pacific,Mobile,2919,44,0,68.32,0.0
2025-08-24,Facebook,Facebook - Brand Awareness - No,Brand Awareness,North America,Tablet,1372,17,0,27.4,0.0
2025-01-26,Instagram,Instagram - Conversion - As,Conversion,Asia Pacific,Mobile,1509,16,0,9.97,0.0
2025-12-23,Instagram,Instagram - Lead Generation - LA,Lead Generation,LATAM,Desktop,1059,17,0,21.97,0.0
2025-04-30,LinkedIn,LinkedIn - Retargeting - As,Retargeting,Asia Pacific,Mobile,410,3,0,11.48,0.0
2025-07-22,Instagram,Instagram - Brand Awareness - As,Brand Awareness,Asia Pacific,Mobile,746,10,0,15.02,0.0
2025-12-10,Facebook,Facebook - Retargeting - No,Retargeting,North America,Desktop,3115,55,3,13.96,458.7
2025-10-24,Instagram,Instagram - Conversion - LA,Conversion,LATAM,Desktop,902,11,0,10.45,0.0
2025-11-10,LinkedIn,LinkedIn - Lead Generation - LA,Lead Generation,LATAM,Desktop,636,5,0,24.62,0.0
2025-07-12,Facebook,Facebook - Lead Generation - No,Lead Generation,North America,Mobile,1650,21,0,24.29,0.0
2025-08-18,Email,Email - Retargeting - Eu,Retargeting,Europe,Desktop,1214,37,1,8.18,108.79
2025-03-09,Google Ads,Google Ads - Conversion - No,Conversion,North America,Tablet,552,8,0,19.01,0.0
2025-04-13,LinkedIn,LinkedIn - Retargeting - As,Retargeting,Asia Pacific,Desktop,1157,12,0,53.3,0.0
2025-03-14,YouTube,YouTube - Lead Generation - LA,Lead Generation,LATAM,Desktop,800,4,0,3.28,0.0
2025-08-10,Google Ads,Google Ads - Brand Awareness - Eu,Brand Awareness,Europe,Desktop,1459,28,0,44.18,0.0
2025-02-20,YouTube,YouTube - Retargeting - LA,Retargeting,LATAM,Mobile,855,4,0,0.89,0.0
2025-12-28,Google Ads,Google Ads - Conversion - LA,Conversion,LATAM,Mobile,1185,30,0,70.2,0.0
2025-09-26,Facebook,Facebook - Lead Generation - Eu,Lead Generation,Europe,Desktop,1543,20,0,41.5,0.0
2025-12-06,LinkedIn,LinkedIn - Retargeting - Eu,Retargeting,Europe,Mobile,981,8,0,34.0,0.0
2025-02-15,Facebook,Facebook - Retargeting - No,Retargeting,North America,Mobile,2678,43,1,39.85,163.97
2025-07-05,Instagram,Instagram - Lead Generation - No,Lead Generation,North America,Mobile,1320,17,0,37.92,0.0
2025-08-01,Instagram,Instagram - Brand Awareness - LA,Brand Awareness,LATAM,Tablet,1066,14,0,11.9,0.0
2025-11-01,YouTube,YouTube - Brand Awareness - LA,Brand Awareness,LATAM,Mobile,1001,6,0,5.03,0.0
2025-09-28,Google Ads,Google Ads - Lead Generation - As,Lead Generation,Asia Pacific,Tablet,1470,35,0,79.69,0.0
2025-06-14,Facebook,Facebook - Conversion - Eu,Conversion,Europe,Tablet,2394,35,0,71.01,0.0
2025-11-10,Instagram,Instagram - Conversion - No,Conversion,North America,Desktop,719,6,0,3.05,0.0
2025-04-23,Facebook,Facebook - Brand Awareness - LA,Brand Awareness,LATAM,Mobile,2807,31,0,52.94,0.0
2025-02-12,Facebook,Facebook - Lead Generation - No,Lead Generation,North America,Mobile,2880,33,0,18.98,0.0
2025-01-06,Google Ads,Google Ads - Lead Generation - Eu,Lead Generation,Europe,Tablet,2445,53,1,97.96,143.43
2025-05-24,LinkedIn,LinkedIn - Lead Generation - As,Lead Generation,Asia Pacific,Mobile,1229,8,0,38.75,0.0
2025-03-14,YouTube,YouTube - Brand Awareness - No,Brand Awareness,North America,Mobile,961,4,0,3.44,0.0
2025-05-04,Google Ads,Google Ads - Conversion - No,Conversion,North America,Mobile,2523,51,1,122.88,154.74
2025-01-24,Google Ads,Google Ads - Brand Awareness - No,Brand Awareness,North America,Mobile,2511,47,1,94.33,132.11
2025-07-27,Google Ads,Google Ads - Lead Generation - No,Lead Generation,North America,Mobile,1820,43,0,96.21,0.0
2025-07-02,Facebook,Facebook - Retargeting - As,Retargeting,Asia Pacific,Desktop,1796,26,1,40.78,186.84
2025-03-03,Facebook,Facebook - Lead Generation - LA,Lead Generation,LATAM,Tablet,1993,37,0,35.4,0.0
2025-02-28,Instagram,Instagram - Conversion - Eu,Conversion,Europe,Desktop,881,12,0,12.92,0.0
2025-01-15,Google Ads,Google Ads - Lead Generation - Eu,Lead Generation,Europe,Mobile,2518,58,1,135.9,124.83
2025-02-03,LinkedIn,LinkedIn - Brand Awareness - As,Brand Awareness,Asia Pacific,Tablet,1432,10,0,43.45,0.0
2025-06-23,Google Ads,Google Ads - Retargeting - No,Retargeting,North America,Mobile,297,6,0,11.88,0.0
2025-12-22,Facebook,Facebook - Brand Awareness - Eu,Brand Awareness,Europe,Desktop,1815,33,0,42.98,0.0
2025-08-27,Google Ads,Google Ads - Brand Awareness - Eu,Brand Awareness,Europe,Tablet,3168,80,2,117.41,289.88
2025-05-18,Google Ads,Google Ads - Lead Generation - Eu,Lead Generation,Europe,Desktop,1859,70,1,91.9,158.46
2025-06-03,LinkedIn,LinkedIn - Lead Generation - As,Lead Generation,Asia Pacific,Tablet,948,8,0,31.32,0.0
2025-04-03,Google Ads,Google Ads - Brand Awareness - Eu,Brand Awareness,Europe,Desktop,1660,37,0,71.08,0.0
2025-08-22,Instagram,Instagram - Lead Generation - LA,Lead Generation,LATAM,Desktop,1499,22,0,20.32,0.0
2025-11-29,Facebook,Facebook - Brand Awareness - As,Brand Awareness,Asia Pacific,Mobile,2558,43,1,98.12,114.78
2025-01-28,Instagram,Instagram - Retargeting - As,Retargeting,Asia Pacific,Desktop,763,7,0,6.12,0.0
2025-02-15,YouTube,YouTube - Retargeting - Eu,Retargeting,Europe,Mobile,683,4,0,4.13,0.0
2025-10-25,Google Ads,Google Ads - Brand Awareness - No,Brand Awareness,North America,Mobile,1468,35,0,68.38,0.0
2025-01-21,YouTube,YouTube - Retargeting - Eu,Retargeting,Europe,Tablet,1147,6,0,1.33,0.0
2025-09-28,Facebook,Facebook - Conversion - No,Conversion,North America,Mobile,2461,38,0,61.42,0.0
2025-05-14,Google Ads,Google Ads - Conversion - As,Conversion,Asia Pacific,Mobile,991,30,0,68.63,0.0
2025-05-05,Google Ads,Google Ads - Lead Generation - No,Lead Generation,North America,Mobile,2217,43,0,92.26,0.0
2025-11-13,Email,Email - Retargeting - Eu,Retargeting,Europe,Mobile,590,20,1,6.96,150.05
2025-04-18,Google Ads,Google Ads - Retargeting - LA,Retargeting,LATAM,Desktop,2248,46,2,117.39,284.62
2025-02-12,Email,Email - Retargeting - LA,Retargeting,LATAM,Desktop,969,24,1,3.72,158.69
2025-11-19,Instagram,Instagram - Retargeting - No,Retargeting,North America,Desktop,1178,12,0,11.12,0.0
2025-11-11,Instagram,Instagram - Retargeting - Eu,Retargeting,Europe,Desktop,878,11,0,13.35,0.0
2025-07-09,LinkedIn,LinkedIn - Retargeting - Eu,Retargeting,Europe,Desktop,1221,3,0,15.31,0.0
2025-08-23,LinkedIn,LinkedIn - Brand Awareness - No,Brand Awareness,North America,Tablet,1119,9,0,44.1,0.0
2025-11-30,Facebook,Facebook - Brand Awareness - As,Brand Awareness,Asia Pacific,Mobile,2749,39,0,67.98,0.0
2025-01-16,Instagram,Instagram - Brand Awareness - Eu,Brand Awareness,Europe,Mobile,750,7,0,8.33,0.0
2025-11-17,Facebook,Facebook - Retargeting - Eu,Retargeting,Europe,Mobile,2109,32,1,50.52,173.66
2025-08-29,YouTube,YouTube - Lead Generation - Eu,Lead Generation,Europe,Desktop,1396,5,0,1.8,0.0
2025-08-24,Facebook,Facebook - Lead Generation - LA,Lead Generation,LATAM,Mobile,1889,37,0,53.54,0.0
2025-02-10,Google Ads,Google Ads - Retargeting - As,Retargeting,Asia Pacific,Tablet,2521,48,2,110.87,185.32
2025-01-19,Instagram,Instagram - Brand Awareness - No,Brand Awareness,North America,Desktop,1027,10,0,15.43,0.0
2025-10-10,Google Ads,Google Ads - Conversion - As,Conversion,Asia Pacific,Mobile,2192,49,1,74.05,166.38
2025-03-20,Facebook,Facebook - Brand Awareness - Eu,Brand Awareness,Europe,Desktop,1523,23,0,29.03,0.0
2025-11-06,Google Ads,Google Ads - Brand Awareness - LA,Brand Awareness,LATAM,Mobile,1152,27,0,65.6,0.0
2025-09-02,Facebook,Facebook - Conversion - As,Conversion,Asia Pacific,Desktop,878,20,0,25.47,0.0
2025-09-19,Google Ads,Google Ads - Brand Awareness - No,Brand Awareness,North America,Mobile,1849,38,0,71.36,0.0
2025-10-11,Facebook,Facebook - Retargeting - As,Retargeting,Asia Pacific,Mobile,1859,22,1,34.33,164.9
2025-07-22,Instagram,Instagram - Lead Generation - As,Lead Generation,Asia Pacific,Desktop,753,6,0,6.83,0.0
2025-04-14,Google Ads,Google Ads - Brand Awareness - Eu,Brand Awareness,Europe,Mobile,1994,36,0,78.86,0.0
2025-05-11,Instagram,Instagram - Conversion - Eu,Conversion,Europe,Mobile,1014,6,0,7.19,0.0
2025-09-11,Google Ads,Google Ads - Retargeting - LA,Retargeting,LATAM,Desktop,2014,67,3,153.68,577.28
2025-11-04,Facebook,Facebook - Brand Awareness - LA,Brand Awareness,LATAM,Mobile,2573,39,0,34.97,0.0
2025-05-31,Google Ads,Google Ads - Brand Awareness - As,Brand Awareness,Asia Pacific,Desktop,1456,33,0,62.97,0.0
2025-04-19,LinkedIn,LinkedIn - Retargeting - Eu,Retargeting,Europe,Mobile,884,8,0,40.98,0.0
2025-08-28,Google Ads,Google Ads - Brand Awareness - Eu,Brand Awareness,Europe,Mobile,1895,43,0,91.16,0.0
2025-06-08,Facebook,Facebook - Retargeting - No,Retargeting,North America,Mobile,1488,22,1,23.59,180.3
2025-06-05,Instagram,Instagram - Lead Generation - As,Lead Generation,Asia Pacific,Desktop,636,7,0,9.22,0.0
2025-08-11,Facebook,Facebook - Lead Generation - LA,Lead Generation,LATAM,Desktop,3057,44,0,37.58,0.0
2025-07-09,Google Ads,Google Ads - Lead Generation - Eu,Lead Generation,Europe,Desktop,1191,47,1,78.28,143.26
2025-01-14,Google Ads,Google Ads - Brand Awareness - As,Brand Awareness,Asia Pacific,Desktop,1787,49,0,103.97,0.0
2025-07-29,Google Ads,Google Ads - Retargeting - No,Retargeting,North America,Mobile,1041,16,0,37.86,0.0
2025-12-28,Google Ads,Google Ads - Retargeting - LA,Retargeting,LATAM,Mobile,2958,84,4,158.02,609.19
2026-01-01,Instagram,Instagram - Lead Generation - LA,Lead Generation,LATAM,Tablet,846,9,0,12.95,0.0
2025-05-29,LinkedIn,LinkedIn - Conversion - No,Conversion,North America,Mobile,1156,11,0,49.53,0.0
2025-01-27,YouTube,YouTube - Retargeting - Eu,Retargeting,Europe,Mobile,1221,6,0,1.59,0.0
2025-04-13,YouTube,YouTube - Conversion - Eu,Conversion,Europe,Desktop,920,5,0,4.64,0.0
2025-07-27,Instagram,Instagram - Lead Generation - As,Lead Generation,Asia Pacific,Mobile,1107,16,0,25.03,0.0
2025-04-28,YouTube,YouTube - Brand Awareness - LA,Brand Awareness,LATAM,Desktop,635,2,0,1.02,0.0
2025-12-02,Facebook,Facebook - Conversion - No,Conversion,North America,Mobile,1745,27,0,51.64,0.0
2025-01-10,Email,Email - Conversion - LA,Conversion,LATAM,Mobile,868,17,0,9.26,0.0
2025-07-07,LinkedIn,LinkedIn - Brand Awareness - LA,Brand Awareness,LATAM,Desktop,1195,7,0,35.11,0.0
2025-01-12,Google Ads,Google Ads - Conversion - Eu,Conversion,Europe,Desktop,2295,57,0,113.24,0.0
2025-04-27,Facebook,Facebook - Conversion - Eu,Conversion,Europe,Desktop,2109,32,0,59.8,0.0
2025-04-27,Instagram,Instagram - Retargeting - Eu,Retargeting,Europe,Tablet,1241,13,0,11.23,0.0
2025-09-28,Google Ads,Google Ads - Conversion - No,Conversion,North America,Desktop,2714,68,1,138.56,119.25
2025-08-05,Google Ads,Google Ads - Conversion - Eu,Conversion,Europe,Mobile,2239,55,1,94.91,187.7
2025-06-30,Instagram,Instagram - Brand Awareness - Eu,Brand Awareness,Europe,Desktop,991,10,0,16.8,0.0
2025-11-11,Facebook,Facebook - Conversion - Eu,Conversion,Europe,Desktop,1835,27,0,41.82,0.0
2025-12-14,Google Ads,Google Ads - Retargeting - Eu,Retargeting,Europe,Desktop,2506,42,2,94.07,343.74
2025-01-19,LinkedIn,LinkedIn - Lead Generation - As,Lead Generation,Asia Pacific,Desktop,1171,9,0,41.73,0.0
2025-04-16,Instagram,Instagram - Brand Awareness - Eu,Brand Awareness,Europe,Mobile,1271,14,0,16.79,0.0
2026-01-02,LinkedIn,LinkedIn - Conversion - LA,Conversion,LATAM,Mobile,988,5,0,20.41,0.0
2025-04-06,Google Ads,Google Ads - Brand Awareness - No,Brand Awareness,North America,Mobile,2005,39,0,90.26,0.0
2025-05-29,Instagram,Instagram - Brand Awareness - Eu,Brand Awareness,Europe,Desktop,875,8,0,16.81,0.0
2025-06-20,Facebook,Facebook - Lead Generation - LA,Lead Generation,LATAM,Desktop,888,13,0,18.2,0.0
2025-08-12,YouTube,YouTube - Conversion - No,Conversion,North America,Desktop,134,0,0,0.0,0.0
2025-12-04,Instagram,Instagram - Conversion - As,Conversion,Asia Pacific,Desktop,747,7,0,7.24,0.0
2025-10-27,LinkedIn,LinkedIn - Brand Awareness - As,Brand Awareness,Asia Pacific,Mobile,1031,10,0,45.31,0.0
2025-07-09,Google Ads,Google Ads - Brand Awareness - Eu,Brand Awareness,Europe,Desktop,1763,62,1,75.62,204.62
2025-02-24,Instagram,Instagram - Lead Generation - No,Lead Generation,North America,Desktop,1210,16,0,14.62,0.0
2025-10-23,Facebook,Facebook - Brand Awareness - No,Brand Awareness,North America,Desktop,2965,32,0,50.88,0.0
2025-09-27,Instagram,Instagram - Lead Generation - As,Lead Generation,Asia Pacific,Desktop,1291,15,0,6.31,0.0
2025-03-16,Facebook,Facebook - Lead Generation - LA,Lead Generation,LATAM,Mobile,2254,46,0,41.67,0.0
2025-04-08,Facebook,Facebook - Conversion - No,Conversion,North America,Desktop,815,10,0,16.44,0.0
2025-10-09,Instagram,Instagram - Brand Awareness - Eu,Brand Awareness,Europe,Mobile,1350,19,0,41.23,0.0
2025-07-28,Instagram,Instagram - Lead Generation - Eu,Lead Generation,Europe,Desktop,640,8,0,12.73,0.0
2025-05-22,Google Ads,Google Ads - Lead Generation - LA,Lead Generation,LATAM,Desktop,1242,32,0,77.16,0.0
2025-03-01,Google Ads,Google Ads - Lead Generation - Eu,Lead Generation,Europe,Mobile,1711,30,0,66.52,0.0
2025-06-21,Instagram,Instagram - Brand Awareness - No,Brand Awareness,North America,Mobile,754,8,0,5.55,0.0
2025-10-03,Google Ads,Google Ads - Brand Awareness - As,Brand Awareness,Asia Pacific,Desktop,3144,56,1,93.62,144.59
2025-03-27,Facebook,Facebook - Lead Generation - LA,Lead Generation,LATAM,Mobile,2822,52,1,48.81,144.52
2025-03-03,Facebook,Facebook - Retargeting - As,Retargeting,Asia Pacific,Desktop,2119,31,1,49.88,164.27
2025-02-14,LinkedIn,LinkedIn - Retargeting - As,Retargeting,Asia Pacific,Tablet,475,3,0,13.39,0.0
2025-11-05,LinkedIn,LinkedIn - Retargeting - Eu,Retargeting,Europe,Mobile,1012,8,0,46.91,0.0
2025-02-09,Facebook,Facebook - Retargeting - LA,Retargeting,LATAM,Desktop,2412,34,1,68.0,123.05
2025-02-02,Instagram,Instagram - Lead Generation - Eu,Lead Generation,Europe,Mobile,1453,9,0,13.84,0.0
2025-02-07,Google Ads,Google Ads - Retargeting - No,Retargeting,North America,Desktop,1706,38,2,44.99,245.7
2025-03-25,Instagram,Instagram - Retargeting - As,Retargeting,Asia Pacific,Tablet,889,9,0,6.85,0.0
2025-11-17,Instagram,Instagram - Conversion - No,Conversion,North America,Desktop,1410,10,0,17.36,0.0
2025-02-03,Facebook,Facebook - Conversion - LA,Conversion,LATAM,Desktop,1591,23,0,35.18,0.0
2025-10-21,Email,Email - Lead Generation - Eu,Lead Generation,Europe,Mobile,1118,30,0,12.9,0.0
2025-09-06,Instagram,Instagram - Lead Generation - No,Lead Generation,North America,Mobile,1138,13,0,5.22,0.0
2025-10-30,Email,Email - Brand Awareness - Eu,Brand Awareness,Europe,Mobile,784,17,0,-4.25,0.0
2025-04-04,Instagram,Instagram - Conversion - No,Conversion,North America,Desktop,734,9,0,11.07,0.0
2025-12-15,Email,Email - Lead Generation - Eu,Lead Generation,Europe,Desktop,818,20,0,5.06,0.0
2025-06-09,Instagram,Instagram - Brand Awareness - No,Brand Awareness,North America,Desktop,625,5,0,1.44,0.0
2025-06-09,Facebook,Facebook - Brand Awareness - No,Brand Awareness,North America,Mobile,1198,22,0,56.33,0.0
2025-06-22,YouTube,YouTube - Lead Generation - LA,Lead Generation,LATAM,Mobile,1289,6,0,-2.32,0.0
2025-08-12,Google Ads,Google Ads - Conversion - As,Conversion,Asia Pacific,Desktop,1629,29,0,50.82,0.0
2025-12-20,Instagram,Instagram - Brand Awareness - LA,Brand Awareness,LATAM,Mobile,790,7,0,4.46,0.0
2025-02-20,Google Ads,Google Ads - Retargeting - LA,Retargeting,LATAM,Mobile,2459,86,4,108.62,504.54
2025-11-04,Google Ads,Google Ads - Lead Generation - Eu,Lead Generation,Europe,Mobile,1378,33,0,76.88,0.0
2025-09-27,Google Ads,Google Ads - Brand Awareness - Eu,Brand Awareness,Europe,Desktop,1551,37,0,70.41,0.0
2025-06-05,Facebook,Facebook - Brand Awareness - Eu,Brand Awareness,Europe,Desktop,428,4,0,1.74,0.0
2025-02-22,LinkedIn,LinkedIn - Brand Awareness - Eu,Brand Awareness,Europe,Tablet,1310,7,0,36.43,0.0
2025-07-22,Facebook,Facebook - Lead Generation - Eu,Lead Generation,Europe,Desktop,2588,41,0,50.79,0.0
2025-04-02,Facebook,Facebook - Lead Generation - Eu,Lead Generation,Europe,Desktop,1247,16,0,15.59,0.0
2025-10-03,Instagram,Instagram - Brand Awareness - LA,Brand Awareness,LATAM,Desktop,1398,13,0,0.89,0.0
2025-11-21,Facebook,Facebook - Conversion - As,Conversion,Asia Pacific,Desktop,2337,30,0,54.21,0.0
2025-12-27,Facebook,Facebook - Lead Generation - LA,Lead Generation,LATAM,Mobile,2929,50,0,83.56,0.0
2025-02-24,Google Ads,Google Ads - Retargeting - As,Retargeting,Asia Pacific,Mobile,2658,52,2,71.96,357.15
2025-06-01,Google Ads,Google Ads - Brand Awareness - LA,Brand Awareness,LATAM,Desktop,2360,40,0,80.09,0.0
2025-01-18,Facebook,Facebook - Brand Awareness - As,Brand Awareness,Asia Pacific,Desktop,2408,41,0,23.79,0.0
2025-05-28,Google Ads,Google Ads - Lead Generation - Eu,Lead Generation,Europe,Desktop,3210,83,1,180.0,137.14
2025-10-14,YouTube,YouTube - Conversion - No,Conversion,North America,Mobile,1027,5,0,2.99,0.0
2025-04-17,Instagram,Instagram - Retargeting - LA,Retargeting,LATAM,Mobile,1656,18,0,30.13,0.0
2025-01-21,Facebook,Facebook - Lead Generation - As,Lead Generation,Asia Pacific,Mobile,2301,37,0,52.78,0.0
2025-04-19,Facebook,Facebook - Retargeting - No,Retargeting,North America,Mobile,2251,35,1,45.87,176.96
2025-11-24,Instagram,Instagram - Conversion - Eu,Conversion,Europe,Desktop,1011,12,0,23.41,0.0
2025-08-10,LinkedIn,LinkedIn - Retargeting - Eu,Retargeting,Europe,Mobile,1117,8,0,28.88,0.0
2025-10-19,Facebook,Facebook - Conversion - No,Conversion,North America,Mobile,2285,38,0,105.33,0.0
2025-10-21,YouTube,YouTube - Conversion - As,Conversion,Asia Pacific,Desktop,911,3,0,2.37,0.0
2025-03-23,LinkedIn,LinkedIn - Lead Generation - As,Lead Generation,Asia Pacific,Desktop,1162,11,0,33.58,0.0
2025-05-07,Google Ads,Google Ads - Conversion - Eu,Conversion,Europe,Desktop,2291,54,0,136.67,0.0
2025-10-11,LinkedIn,LinkedIn - Retargeting - Eu,Retargeting,Europe,Desktop,1338,10,0,42.56,0.0
2025-03-06,Instagram,Instagram - Retargeting - Eu,Retargeting,Europe,Mobile,608,7,0,6.19,0.0
2025-09-01,Google Ads,Google Ads - Conversion - LA,Conversion,LATAM,Mobile,2477,60,1,121.7,116.38
2025-12-04,YouTube,YouTube - Conversion - Eu,Conversion,Europe,Mobile,1461,6,0,2.66,0.0
2025-11-25,Google Ads,Google Ads - Retargeting - As,Retargeting,Asia Pacific,Tablet,2115,48,2,93.48,336.77
2025-07-31,Facebook,Facebook - Conversion - LA,Conversion,LATAM,Mobile,1826,32,0,35.3,0.0
2025-01-06,Google Ads,Google Ads - Retargeting - LA,Retargeting,LATAM,Mobile,1601,25,1,51.61,139.63
2025-07-30,Facebook,Facebook - Retargeting - LA,Retargeting,LATAM,Desktop,1869,30,1,54.63,131.18
2025-04-25,Email,Email - Brand Awareness - No,Brand Awareness,North America,Desktop,1021,36,0,-27.25,0.0
2025-10-18,Facebook,Facebook - Conversion - As,Conversion,Asia Pacific,Mobile,675,9,0,13.26,0.0
2025-02-21,Facebook,Facebook - Brand Awareness - Eu,Brand Awareness,Europe,Mobile,2025,27,0,58.1,0.0
2025-03-02,LinkedIn,LinkedIn - Retargeting - No,Retargeting,North America,Tablet,1147,10,0,44.87,0.0
2025-01-06,Google Ads,Google Ads - Brand Awareness - LA,Brand Awareness,LATAM,Mobile,1874,60,0,116.32,0.0
2025-02-16,Instagram,Instagram - Retargeting - No,Retargeting,North America,Mobile,1008,13,0,6.47,0.0
2025-03-10,Instagram,Instagram - Brand Awareness - Eu,Brand Awareness,Europe,Mobile,904,7,0,10.41,0.0
2025-08-06,Facebook,Facebook - Lead Generation - As,Lead Generation,Asia Pacific,Mobile,1153,18,0,29.46,0.0
2025-06-12,Facebook,Facebook - Retargeting - LA,Retargeting,LATAM,Desktop,1235,15,0,33.97,0.0
2025-04-29,LinkedIn,LinkedIn - Lead Generation - No,Lead Generation,North America,Mobile,1067,7,0,28.6,0.0
2025-06-09,LinkedIn,LinkedIn - Retargeting - As,Retargeting,Asia Pacific,Desktop,1231,5,0,29.26,0.0
2025-07-12,Facebook,Facebook - Conversion - Eu,Conversion,Europe,Desktop,1606,15,0,15.81,0.0
2025-05-25,LinkedIn,LinkedIn - Brand Awareness - As,Brand Awareness,Asia Pacific,Mobile,686,7,0,29.23,0.0
2025-03-25,Facebook,Facebook - Lead Generation - LA,Lead Generation,LATAM,Desktop,2829,59,1,106.04,116.41
2025-12-07,Google Ads,Google Ads - Conversion - Eu,Conversion,Europe,Mobile,2641,49,0,106.78,0.0
2025-04-04,Instagram,Instagram - Brand Awareness - LA,Brand Awareness,LATAM,Desktop,1325,12,0,18.91,0.0
2025-11-20,Facebook,Facebook - Brand Awareness - LA,Brand Awareness,LATAM,Mobile,1901,23,0,25.43,0.0
2025-03-19,Google Ads,Google Ads - Retargeting - As,Retargeting,Asia Pacific,Mobile,1174,28,1,59.05,127.5
2025-07-12,YouTube,YouTube - Lead Generation - LA,Lead Generation,LATAM,Mobile,721,4,0,0.7,0.0
2025-08-21,Facebook,Facebook - Brand Awareness - Eu,Brand Awareness,Europe,Mobile,2403,25,0,58.4,0.0
2025-10-09,Instagram,Instagram - Brand Awareness - As,Brand Awareness,Asia Pacific,Mobile,749,6,0,8.55,0.0
2025-12-28,Google Ads,Google Ads - Brand Awareness - No,Brand Awareness,North America,Mobile,3017,86,1,172.85,138.22
2025-04-23,Instagram,Instagram - Brand Awareness - Eu,Brand Awareness,Europe,Mobile,1063,13,0,14.83,0.0
2025-07-12,Facebook,Facebook - Retargeting - Eu,Retargeting,Europe,Mobile,2052,46,2,9.92,261.45
2025-09-21,Instagram,Instagram - Retargeting - Eu,Retargeting,Europe,Desktop,1205,12,0,17.79,0.0
2025-08-10,Google Ads,Google Ads - Lead Generation - As,Lead Generation,Asia Pacific,Mobile,2447,52,1,90.06,236.75
2025-09-03,Instagram,Instagram - Conversion - Eu,Conversion,Europe,Desktop,1083,18,0,18.45,0.0
2025-05-31,Google Ads,Google Ads - Lead Generation - As,Lead Generation,Asia Pacific,Mobile,1669,41,0,72.6,0.0
2025-09-19,Google Ads,Google Ads - Retargeting - Eu,Retargeting,Europe,Desktop,2505,62,3,96.98,470.61
2025-12-08,Instagram,Instagram - Retargeting - LA,Retargeting,LATAM,Mobile,756,12,0,6.15,0.0
2025-04-24,Google Ads,Google Ads - Retargeting - As,Retargeting,Asia Pacific,Desktop,2075,61,3,142.92,256.16
2025-10-01,Google Ads,Google Ads - Retargeting - LA,Retargeting,LATAM,Mobile,3383,81,3,218.15,535.12
2025-10-14,LinkedIn,LinkedIn - Brand Awareness - No,Brand Awareness,North America,Mobile,1354,11,0,52.24,0.0
2025-10-05,Email,Email - Brand Awareness - As,Brand Awareness,Asia Pacific,Desktop,607,15,0,9.59,0.0
2025-04-09,YouTube,YouTube - Lead Generation - No,Lead Generation,North America,Desktop,828,4,0,-0.23,0.0
2025-08-27,Instagram,Instagram - Retargeting - No,Retargeting,North America,Desktop,830,9,0,11.46,0.0
2025-09-29,Facebook,Facebook - Conversion - No,Conversion,North America,Desktop,1394,24,0,46.86,0.0
2025-02-12,LinkedIn,LinkedIn - Brand Awareness - No,Brand Awareness,North America,Desktop,1283,10,0,42.01,0.0
2025-04-14,LinkedIn,LinkedIn - Retargeting - Eu,Retargeting,Europe,Desktop,1386,13,0,55.12,0.0
2025-04-09,LinkedIn,LinkedIn - Conversion - Eu,Conversion,Europe,Mobile,1388,12,0,54.03,0.0
2025-11-22,Google Ads,Google Ads - Brand Awareness - As,Brand Awareness,Asia Pacific,Desktop,1193,26,0,61.74,0.0
2025-12-23,Email,Email - Brand Awareness - No,Brand Awareness,North America,Mobile,1014,34,0,44.0,0.0
2025-12-01,Facebook,Facebook - Retargeting - Eu,Retargeting,Europe,Desktop,1836,36,1,35.77,156.71
2025-08-27,Instagram,Instagram - Lead Generation - LA,Lead Generation,LATAM,Mobile,1221,18,0,20.32,0.0
2025-08-03,Facebook,Facebook - Brand Awareness - No,Brand Awareness,North America,Mobile,1714,16,0,19.01,0.0
2025-10-10,Facebook,Facebook - Lead Generation - Eu,Lead Generation,Europe,Mobile,2020,32,0,51.93,0.0
2025-04-21,Google Ads,Google Ads - Lead Generation - LA,Lead Generation,LATAM,Tablet,1926,33,0,68.91,0.0
2025-04-04,Facebook,Facebook - Retargeting - LA,Retargeting,LATAM,Mobile,1319,21,0,42.66,0.0
2025-10-12,Facebook,Facebook - Brand Awareness - Eu,Brand Awareness,Europe,Tablet,1483,21,0,59.94,0.0
2025-06-27,Instagram,Instagram - Brand Awareness - Eu,Brand Awareness,Europe,Desktop,1138,10,0,8.14,0.0
2025-01-21,LinkedIn,LinkedIn - Lead Generation - As,Lead Generation,Asia Pacific,Desktop,1381,8,0,40.59,0.0
2025-10-16,Instagram,Instagram - Lead Generation - As,Lead Generation,Asia Pacific,Mobile,1326,14,0,23.49,0.0
2025-10-12,Google Ads,Google Ads - Conversion - LA,Conversion,LATAM,Mobile,1972,59,1,177.81,150.1
2025-02-06,Instagram,Instagram - Conversion - As,Conversion,Asia Pacific,Desktop,853,8,0,8.22,0.0
2025-10-17,LinkedIn,LinkedIn - Conversion - As,Conversion,Asia Pacific,Mobile,830,9,0,27.81,0.0
2025-02-04,LinkedIn,LinkedIn - Retargeting - Eu,Retargeting,Europe,Tablet,1043,9,0,33.6,0.0
2025-09-06,YouTube,YouTube - Retargeting - As,Retargeting,Asia Pacific,Mobile,816,2,0,0.02,0.0
2025-08-15,Facebook,Facebook - Lead Generation - No,Lead Generation,North America,Mobile,3343,40,0,90.55,0.0
2025-09-11,Google Ads,Google Ads - Conversion - Eu,Conversion,Europe,Desktop,2631,59,1,80.3,172.36
2025-03-05,Instagram,Instagram - Conversion - No,Conversion,North America,Mobile,570,6,0,6.13,0.0
2025-05-11,Instagram,Instagram - Lead Generation - LA,Lead Generation,LATAM,Desktop,670,6,0,10.1,0.0
2025-08-13,Google Ads,Google Ads - Retargeting - Eu,Retargeting,Europe,Desktop,3295,51,2,116.3,203.69
2025-11-18,Facebook,Facebook - Brand Awareness - As,Brand Awareness,Asia Pacific,Desktop,1443,19,0,32.93,0.0
2025-01-25,YouTube,YouTube - Lead Generation - No,Lead Generation,North America,Mobile,1248,5,0,1.59,0.0
2025-08-27,Google Ads,Google Ads - Conversion - As,Conversion,Asia Pacific,Mobile,507,15,0,27.74,0.0
2025-08-27,Google Ads,Google Ads - Lead Generation - No,Lead Generation,North America,Mobile,1313,25,0,53.43,0.0
2025-05-26,Google Ads,Google Ads - Conversion - No,Conversion,North America,Tablet,2146,52,0,95.92,0.0
2025-07-30,LinkedIn,LinkedIn - Conversion - LA,Conversion,LATAM,Desktop,698,5,0,24.43,0.0
2025-06-17,Facebook,Facebook - Lead Generation - As,Lead Generation,Asia Pacific,Desktop,2184,36,0,62.63,0.0
2025-01-28,Facebook,Facebook - Retargeting - LA,Retargeting,LATAM,Desktop,1953,26,1,44.47,151.09
2025-02-22,YouTube,YouTube - Brand Awareness - No,Brand Awareness,North America,Desktop,1273,5,0,4.16,0.0
2025-01-12,Instagram,Instagram - Retargeting - Eu,Retargeting,Europe,Mobile,850,11,0,15.33,0.0
2025-09-28,Instagram,Instagram - Brand Awareness - Eu,Brand Awareness,Europe,Mobile,1077,12,0,20.15,0.0
2025-08-13,Email,Email - Retargeting - No,Retargeting,North America,Mobile,1081,28,1,-2.98,140.17
2025-08-28,Google Ads,Google Ads - Conversion - LA,Conversion,LATAM,Mobile,2666,55,1,109.85,179.27
2025-05-15,Instagram,Instagram - Lead Generation - No,Lead Generation,North America,Mobile,757,10,0,19.09,0.0
2025-01-25,Facebook,Facebook - Lead Generation - LA,Lead Generation,LATAM,Desktop,2164,33,0,34.22,0.0
2025-11-03,Instagram,Instagram - Brand Awareness - LA,Brand Awareness,LATAM,Desktop,707,8,0,10.63,0.0
2025-11-26,Facebook,Facebook - Brand Awareness - No,Brand Awareness,North America,Mobile,2399,21,0,26.13,0.0
2025-12-13,Instagram,Instagram - Lead Generation - No,Lead Generation,North America,Desktop,1272,16,0,7.8,0.0
2025-04-07,Email,Email - Conversion - No,Conversion,North America,Desktop,1354,44,0,36.73,0.0
2025-04-09,YouTube,YouTube - Retargeting - LA,Retargeting,LATAM,Mobile,610,2,0,1.18,0.0
2025-03-19,Facebook,Facebook - Lead Generation - As,Lead Generation,Asia Pacific,Desktop,1846,24,0,41.27,0.0
2025-04-29,Instagram,Instagram - Retargeting - Eu,Retargeting,Europe,Desktop,771,9,0,9.85,0.0
2025-11-10,LinkedIn,LinkedIn - Lead Generation - As,Lead Generation,Asia Pacific,Desktop,1333,11,0,47.49,0.0
2025-07-27,Google Ads,Google Ads - Brand Awareness - Eu,Brand Awareness,Europe,Mobile,1737,45,0,87.79,0.0
2025-05-09,Google Ads,Google Ads - Conversion - Eu,Conversion,Europe,Mobile,2198,60,1,85.89,125.35
2025-11-07,Google Ads,Google Ads - Retargeting - LA,Retargeting,LATAM,Desktop,2189,48,2,95.97,322.41
2025-03-04,Email,Email - Lead Generation - No,Lead Generation,North America,Mobile,764,12,0,-1.74,0.0
2025-11-18,Instagram,Instagram - Conversion - No,Conversion,North America,Desktop,980,15,0,7.53,0.0
2025-02-24,Facebook,Facebook - Retargeting - No,Retargeting,North America,Desktop,1530,19,0,28.62,0.0
2025-01-21,YouTube,YouTube - Lead Generation - LA,Lead Generation,LATAM,Mobile,918,5,0,0.95,0.0
2025-08-08,LinkedIn,LinkedIn - Retargeting - LA,Retargeting,LATAM,Desktop,698,7,0,33.71,0.0
2025-08-09,Instagram,Instagram - Lead Generation - LA,Lead Generation,LATAM,Mobile,378,5,0,6.75,0.0
2025-10-29,YouTube,YouTube - Brand Awareness - Eu,Brand Awareness,Europe,Mobile,689,2,0,1.29,0.0
2025-03-04,Facebook,Facebook - Lead Generation - As,Lead Generation,Asia Pacific,Desktop,1863,20,0,43.21,0.0
2025-03-04,YouTube,YouTube - Lead Generation - LA,Lead Generation,LATAM,Mobile,728,4,0,5.81,0.0
2025-10-24,Google Ads,Google Ads - Conversion - As,Conversion,Asia Pacific,Mobile,2361,65,1,151.39,138.59
2025-03-01,LinkedIn,LinkedIn - Conversion - Eu,Conversion,Europe,Tablet,754,5,0,26.62,0.0
2025-12-27,Google Ads,Google Ads - Conversion - LA,Conversion,LATAM,Mobile,2354,88,1,250.82,94.28
2025-12-23,Facebook,Facebook - Retargeting - No,Retargeting,North America,Mobile,1151,20,1,26.55,158.25
2025-03-06,Facebook,Facebook - Brand Awareness - LA,Brand Awareness,LATAM,Desktop,2347,38,0,80.85,0.0
2025-05-12,Facebook,Facebook - Brand Awareness - LA,Brand Awareness,LATAM,Desktop,2492,42,0,64.03,0.0
2025-06-07,Facebook,Facebook - Lead Generation - As,Lead Generation,Asia Pacific,Mobile,2443,33,0,56.51,0.0
2025-10-11,Facebook,Facebook - Lead Generation - No,Lead Generation,North America,Mobile,1991,29,0,67.61,0.0
2025-03-14,Google Ads,Google Ads - Brand Awareness - Eu,Brand Awareness,Europe,Desktop,2417,59,0,85.85,0.0
2025-06-26,Facebook,Facebook - Conversion - Eu,Conversion,Europe,Tablet,2309,39,0,57.81,0.0
2025-04-22,Instagram,Instagram - Retargeting - As,Retargeting,Asia Pacific,Desktop,1480,17,0,29.03,0.0
2025-03-04,Facebook,Facebook - Retargeting - LA,Retargeting,LATAM,Mobile,2586,36,1,82.7,153.11
2025-06-19,Email,Email - Brand Awareness - Eu,Brand Awareness,Europe,Mobile,988,25,0,22.31,0.0
2025-04-12,Facebook,Facebook - Conversion - LA,Conversion,LATAM,Desktop,3414,56,0,97.78,0.0
2025-05-24,Google Ads,Google Ads - Conversion - LA,Conversion,LATAM,Desktop,1367,41,0,81.21,0.0
2025-04-26,Google Ads,Google Ads - Lead Generation - LA,Lead Generation,LATAM,Mobile,2328,67,1,170.5,220.96
2025-08-23,Google Ads,Google Ads - Lead Generation - As,Lead Generation,Asia Pacific,Mobile,724,19,0,44.77,0.0
2025-08-16,LinkedIn,LinkedIn - Lead Generation - LA,Lead Generation,LATAM,Mobile,791,5,0,21.81,0.0
2025-01-15,Facebook,Facebook - Brand Awareness - LA,Brand Awareness,LATAM,Mobile,1219,17,0,17.91,0.0
2025-10-14,Facebook,Facebook - Brand Awareness - LA,Brand Awareness,LATAM,Mobile,2126,35,0,71.86,0.0
2025-05-26,Facebook,Facebook - Lead Generation - As,Lead Generation,Asia Pacific,Desktop,2816,49,0,89.02,0.0
2025-08-07,Google Ads,Google Ads - Retargeting - No,Retargeting,North America,Desktop,2283,62,3,114.62,393.18
2025-06-28,Instagram,Instagram - Lead Generation - As,Lead Generation,Asia Pacific,Mobile,865,6,0,6.92,0.0
2025-12-23,Google Ads,Google Ads - Conversion - As,Conversion,Asia Pacific,Mobile,2148,42,0,47.22,0.0
2025-12-17,Google Ads,Google Ads - Conversion - LA,Conversion,LATAM,Desktop,1608,35,0,74.69,0.0
2025-06-08,Instagram,Instagram - Lead Generation - LA,Lead Generation,LATAM,Mobile,984,12,0,18.54,0.0
2025-09-07,Facebook,Facebook - Conversion - Eu,Conversion,Europe,Mobile,2464,38,0,45.83,0.0
2025-06-23,Facebook,Facebook - Retargeting - LA,Retargeting,LATAM,Mobile,2561,25,1,24.68,136.9
2025-12-02,Instagram,Instagram - Brand Awareness - No,Brand Awareness,North America,Mobile,875,10,0,10.55,0.0
2025-05-27,Facebook,Facebook - Brand Awareness - As,Brand Awareness,Asia Pacific,Desktop,2857,26,0,52.63,0.0
2025-07-20,Facebook,Facebook - Retargeting - As,Retargeting,Asia Pacific,Desktop,2619,35,1,59.21,146.52
2025-02-22,Instagram,Instagram - Lead Generation - Eu,Lead Generation,Europe,Desktop,1112,13,0,19.6,0.0
2025-11-09,Instagram,Instagram - Brand Awareness - No,Brand Awareness,North America,Desktop,799,11,0,8.64,0.0
2025-08-12,Instagram,Instagram - Lead Generation - Eu,Lead Generation,Europe,Mobile,811,11,0,14.32,0.0
2025-12-08,Google Ads,Google Ads - Brand Awareness - LA,Brand Awareness,LATAM,Mobile,1711,35,0,75.29,0.0
2025-01-19,Google Ads,Google Ads - Conversion - LA,Conversion,LATAM,Mobile,2372,69,1,148.25,200.02
2025-06-18,Facebook,Facebook - Brand Awareness - Eu,Brand Awareness,Europe,Mobile,1999,29,0,51.44,0.0
2025-04-19,LinkedIn,LinkedIn - Lead Generation - LA,Lead Generation,LATAM,Mobile,1314,8,0,39.53,0.0
2025-03-17,Email,Email - Lead Generation - As,Lead Generation,Asia Pacific,Desktop,769,24,0,16.1,0.0
2025-04-03,YouTube,YouTube - Conversion - LA,Conversion,LATAM,Desktop,1146,4,0,1.82,0.0
2025-10-22,Google Ads,Google Ads - Conversion - As,Conversion,Asia Pacific,Mobile,2923,96,1,251.07,121.53
2025-04-12,Instagram,Instagram - Retargeting - As,Retargeting,Asia Pacific,Desktop,727,11,0,7.66,0.0
2025-10-12,Instagram,Instagram - Retargeting - LA,Retargeting,LATAM,Mobile,410,3,0,2.78,0.0
2025-06-19,Facebook,Facebook - Conversion - As,Conversion,Asia Pacific,Mobile,3100,74,1,206.68,149.76
2025-12-07,LinkedIn,LinkedIn - Brand Awareness - As,Brand Awareness,Asia Pacific,Mobile,854,7,0,35.21,0.0
2025-04-15,Google Ads,Google Ads - Brand Awareness - LA,Brand Awareness,LATAM,Mobile,2479,54,1,103.56,174.21
2025-12-18,Instagram,Instagram - Lead Generation - LA,Lead Generation,LATAM,Desktop,1381,19,0,29.08,0.0
2025-09-11,Google Ads,Google Ads - Conversion - Eu,Conversion,Europe,Desktop,3360,91,1,206.36,178.45
2025-10-18,Google Ads,Google Ads - Lead Generation - LA,Lead Generation,LATAM,Desktop,2904,88,1,125.68,115.7
2025-03-19,Instagram,Instagram - Retargeting - LA,Retargeting,LATAM,Mobile,925,10,0,20.46,0.0
2025-01-27,Instagram,Instagram - Conversion - Eu,Conversion,Europe,Desktop,1026,11,0,22.04,0.0
2025-06-25,Facebook,Facebook - Lead Generation - No,Lead Generation,North America,Mobile,2223,28,0,41.42,0.0
2025-02-20,Facebook,Facebook - Lead Generation - LA,Lead Generation,LATAM,Mobile,2322,24,0,15.81,0.0
2025-07-15,YouTube,YouTube - Brand Awareness - LA,Brand Awareness,LATAM,Tablet,996,5,0,0.25,0.0
2025-02-25,Instagram,Instagram - Brand Awareness - No,Brand Awareness,North America,Mobile,900,10,0,11.3,0.0
2025-01-20,Facebook,Facebook - Lead Generation - Eu,Lead Generation,Europe,Desktop,1528,13,0,19.64,0.0
2025-01-05,Facebook,Facebook - Brand Awareness - As,Brand Awareness,Asia Pacific,Mobile,1450,19,0,31.62,0.0
2025-10-27,Facebook,Facebook - Retargeting - No,Retargeting,North America,Desktop,1571,16,0,25.31,0.0
2025-01-11,LinkedIn,LinkedIn - Conversion - As,Conversion,Asia Pacific,Mobile,1302,7,0,25.88,0.0
2025-12-02,Google Ads,Google Ads - Lead Generation - Eu,Lead Generation,Europe,Desktop,1249,23,0,56.67,0.0
2025-09-06,Facebook,Facebook - Retargeting - No,Retargeting,North America,Desktop,2299,32,1,56.6,132.65
2025-02-10,LinkedIn,LinkedIn - Brand Awareness - As,Brand Awareness,Asia Pacific,Mobile,976,7,0,28.49,0.0
2025-04-08,LinkedIn,LinkedIn - Lead Generation - Eu,Lead Generation,Europe,Desktop,784,8,0,39.41,0.0
2025-12-03,Facebook,Facebook - Lead Generation - No,Lead Generation,North America,Tablet,1859,21,0,35.8,0.0
2025-04-23,Instagram,Instagram - Brand Awareness - No,Brand Awareness,North America,Mobile,1176,16,0,27.79,0.0
2025-07-19,Instagram,Instagram - Conversion - As,Conversion,Asia Pacific,Desktop,910,12,0,10.43,0.0
2025-06-14,Facebook,Facebook - Conversion - LA,Conversion,LATAM,Mobile,2031,30,0,66.28,0.0
2025-05-20,Facebook,Facebook - Lead Generation - Eu,Lead Generation,Europe,Mobile,2804,39,0,59.91,0.0
2025-01-17,LinkedIn,LinkedIn - Retargeting - No,Retargeting,North America,Mobile,1341,11,0,43.3,0.0
2025-10-10,Instagram,Instagram - Conversion - LA,Conversion,LATAM,Mobile,1096,11,0,10.73,0.0
2025-07-03,Facebook,Facebook - Brand Awareness - LA,Brand Awareness,LATAM,Mobile,1766,16,0,21.57,0.0
2025-07-02,Google Ads,Google Ads - Conversion - No,Conversion,North America,Mobile,2261,38,0,39.73,0.0
2025-03-13,Facebook,Facebook - Lead Generation - No,Lead Generation,North America,Mobile,2684,35,0,32.49,0.0
2025-04-03,Google Ads,Google Ads - Brand Awareness - No,Brand Awareness,North America,Desktop,2078,44,0,93.2,0.0
2025-11-21,Instagram,Instagram - Brand Awareness - LA,Brand Awareness,LATAM,Mobile,1306,19,0,36.77,0.0
2025-07-31,LinkedIn,LinkedIn - Conversion - LA,Conversion,LATAM,Mobile,760,7,0,31.96,0.0
2025-07-02,Google Ads,Google Ads - Retargeting - As,Retargeting,Asia Pacific,Desktop,1677,52,2,106.14,349.91
2025-03-15,Instagram,Instagram - Brand Awareness - No,Brand Awareness,North America,Desktop,1134,20,0,15.23,0.0
2025-03-02,Google Ads,Google Ads - Brand Awareness - No,Brand Awareness,North America,Mobile,2346,74,1,176.02,180.71
2025-04-01,LinkedIn,LinkedIn - Conversion - Eu,Conversion,Europe,Desktop,1191,12,0,48.58,0.0
2025-07-22,Instagram,Instagram - Lead Generation - Eu,Lead Generation,Europe,Mobile,948,14,0,19.02,0.0
2025-01-14,Email,Email - Lead Generation - LA,Lead Generation,LATAM,Mobile,1208,23,0,0.8,0.0
2025-12-20,Instagram,Instagram - Lead Generation - Eu,Lead Generation,Europe,Tablet,796,8,0,4.13,0.0
2025-02-19,Facebook,Facebook - Conversion - As,Conversion,Asia Pacific,Desktop,2157,28,0,-3.09,0.0
2025-07-17,Instagram,Instagram - Retargeting - As,Retargeting,Asia Pacific,Mobile,869,11,0,13.4,0.0
2025-10-21,Google Ads,Google Ads - Conversion - As,Conversion,Asia Pacific,Desktop,2280,50,0,49.13,0.0
2025-07-16,Instagram,Instagram - Brand Awareness - No,Brand Awareness,North America,Desktop,1104,14,0,13.69,0.0
2025-04-30,Instagram,Instagram - Conversion - LA,Conversion,LATAM,Tablet,1079,16,0,14.09,0.0
2025-10-29,Facebook,Facebook - Retargeting - Eu,Retargeting,Europe,Tablet,1816,34,1,50.13,177.87
2025-04-26,Instagram,Instagram - Retargeting - LA,Retargeting,LATAM,Desktop,1188,20,0,21.66,0.0
2025-07-28,Google Ads,Google Ads - Retargeting - As,Retargeting,Asia Pacific,Desktop,3151,84,3,202.53,570.09
2025-07-06,Instagram,Instagram - Brand Awareness - As,Brand Awareness,Asia Pacific,Desktop,1117,9,0,10.86,0.0
2025-06-05,Google Ads,Google Ads - Retargeting - As,Retargeting,Asia Pacific,Desktop,1639,45,2,100.64,216.58
2025-05-09,YouTube,YouTube - Brand Awareness - No,Brand Awareness,North America,Desktop,1309,7,0,7.92,0.0
2025-02-13,Facebook,Facebook - Conversion - No,Conversion,North America,Mobile,736,12,0,14.26,0.0
2025-03-07,Facebook,Facebook - Brand Awareness - LA,Brand Awareness,LATAM,Mobile,1963,33,0,47.56,0.0
2025-07-16,Facebook,Facebook - Brand Awareness - Eu,Brand Awareness,Europe,Mobile,1719,36,0,76.85,0.0
2025-05-10,Facebook,Facebook - Retargeting - LA,Retargeting,LATAM,Desktop,2113,31,1,61.81,143.17
2025-10-23,LinkedIn,LinkedIn - Retargeting - Eu,Retargeting,Europe,Tablet,1000,6,0,28.96,0.0
2025-12-25,Google Ads,Google Ads - Conversion - LA,Conversion,LATAM,Mobile,2101,35,0,79.86,0.0
2025-12-25,Instagram,Instagram - Brand Awareness - LA,Brand Awareness,LATAM,Desktop,1027,4,0,7.02,0.0
2025-09-20,Facebook,Facebook - Retargeting - As,Retargeting,Asia Pacific,Mobile,1792,22,1,54.64,148.83
2025-09-01,Facebook,Facebook - Lead Generation - As,Lead Generation,Asia Pacific,Desktop,1762,23,0,31.93,0.0
2025-12-17,Facebook,Facebook - Retargeting - As,Retargeting,Asia Pacific,Mobile,965,17,0,15.75,0.0
2025-03-28,Email,Email - Retargeting - Eu,Retargeting,Europe,Mobile,893,34,1,-5.56,171.9
2025-06-29,Instagram,Instagram - Retargeting - Eu,Retargeting,Europe,Mobile,1202,15,0,9.62,0.0
2025-12-27,Google Ads,Google Ads - Retargeting - LA,Retargeting,LATAM,Desktop,2019,60,3,133.46,560.0
2025-03-01,Instagram,Instagram - Retargeting - Eu,Retargeting,Europe,Desktop,1481,24,1,36.23,152.69
2025-03-14,YouTube,YouTube - Lead Generation - As,Lead Generation,Asia Pacific,Tablet,918,4,0,1.97,0.0
2025-04-10,Google Ads,Google Ads - Lead Generation - LA,Lead Generation,LATAM,Desktop,2020,35,0,92.89,0.0
2025-01-05,Instagram,Instagram - Retargeting - LA,Retargeting,LATAM,Mobile,849,12,0,19.58,0.0
2025-11-22,Email,Email - Conversion - As,Conversion,Asia Pacific,Mobile,930,21,0,2.8,0.0
2025-05-12,Instagram,Instagram - Brand Awareness - No,Brand Awareness,North America,Desktop,1594,17,0,21.64,0.0
2025-05-28,Instagram,Instagram - Conversion - Eu,Conversion,Europe,Mobile,1270,13,0,16.39,0.0
2025-07-10,Facebook,Facebook - Retargeting - Eu,Retargeting,Europe,Desktop,2769,42,1,55.75,151.32
2025-03-11,Google Ads,Google Ads - Retargeting - Eu,Retargeting,Europe,Desktop,898,19,1,36.96,144.48
2025-02-16,Google Ads,Google Ads - Conversion - Eu,Conversion,Europe,Mobile,1697,43,0,90.35,0.0
2025-08-05,YouTube,YouTube - Brand Awareness - As,Brand Awareness,Asia Pacific,Mobile,1378,5,0,0.26,0.0
2025-06-29,Instagram,Instagram - Conversion - As,Conversion,Asia Pacific,Desktop,921,10,0,12.92,0.0
2025-02-22,Facebook,Facebook - Brand Awareness - LA,Brand Awareness,LATAM,Mobile,2067,21,0,50.03,0.0
2025-05-17,Facebook,Facebook - Lead Generation - As,Lead Generation,Asia Pacific,Mobile,1591,24,0,33.8,0.0
2025-02-27,Instagram,Instagram - Brand Awareness - Eu,Brand Awareness,Europe,Desktop,633,6,0,6.44,0.0
2025-10-10,Email,Email - Brand Awareness - As,Brand Awareness,Asia Pacific,Desktop,676,21,0,-2.81,0.0
2025-01-20,Facebook,Facebook - Retargeting - No,Retargeting,North America,Mobile,2360,42,1,37.03,188.23
2025-08-26,Google Ads,Google Ads - Retargeting - No,Retargeting,North America,Mobile,1001,23,1,57.12,173.81
2025-01-20,LinkedIn,LinkedIn - Retargeting - LA,Retargeting,LATAM,Desktop,845,6,0,29.48,0.0
2025-11-04,YouTube,YouTube - Conversion - As,Conversion,Asia Pacific,Mobile,1006,2,0,0.63,0.0
2025-10-26,Facebook,Facebook - Conversion - As,Conversion,Asia Pacific,Mobile,1356,17,0,30.85,0.0
2025-01-11,Facebook,Facebook - Brand Awareness - Eu,Brand Awareness,Europe,Desktop,1740,21,0,37.74,0.0
2025-04-30,Instagram,Instagram - Retargeting - As,Retargeting,Asia Pacific,Tablet,617,6,0,10.13,0.0
2025-06-09,Facebook,Facebook - Brand Awareness - No,Brand Awareness,North America,Desktop,1568,20,0,27.26,0.0
2025-11-04,LinkedIn,LinkedIn - Conversion - LA,Conversion,LATAM,Mobile,1493,10,0,41.32,0.0
2025-08-07,Instagram,Instagram - Lead Generation - Eu,Lead Generation,Europe,Desktop,1087,11,0,7.25,0.0
2025-04-20,Google Ads,Google Ads - Brand Awareness - Eu,Brand Awareness,Europe,Desktop,2509,65,1,56.45,169.12
2025-08-28,Facebook,Facebook - Lead Generation - Eu,Lead Generation,Europe,Desktop,817,11,0,10.92,0.0
2025-08-01,Instagram,Instagram - Conversion - Eu,Conversion,Europe,Tablet,723,5,0,4.22,0.0
2025-01-31,Instagram,Instagram - Lead Generation - LA,Lead Generation,LATAM,Desktop,674,8,0,15.53,0.0
2025-06-02,Instagram,Instagram - Retargeting - As,Retargeting,Asia Pacific,Mobile,580,8,0,9.49,0.0
2025-05-06,Facebook,Facebook - Retargeting - No,Retargeting,North America,Mobile,1307,11,0,22.12,0.0
2025-04-29,Instagram,Instagram - Brand Awareness - No,Brand Awareness,North America,Mobile,828,11,0,7.23,0.0
2025-04-15,Google Ads,Google Ads - Lead Generation - As,Lead Generation,Asia Pacific,Tablet,2515,54,1,128.24,167.3
2025-12-14,LinkedIn,LinkedIn - Lead Generation - Eu,Lead Generation,Europe,Mobile,1179,12,0,54.98,0.0
2025-09-24,Instagram,Instagram - Brand Awareness - As,Brand Awareness,Asia Pacific,Desktop,991,13,0,17.06,0.0
2025-10-26,Google Ads,Google Ads - Lead Generation - Eu,Lead Generation,Europe,Desktop,1851,38,0,89.53,0.0
2025-04-07,LinkedIn,LinkedIn - Lead Generation - No,Lead Generation,North America,Desktop,716,7,0,30.7,0.0
2025-02-23,Instagram,Instagram - Brand Awareness - No,Brand Awareness,North America,Mobile,1118,13,0,5.67,0.0
2025-04-04,Instagram,Instagram - Conversion - Eu,Conversion,Europe,Desktop,1328,13,0,14.92,0.0
2025-09-18,Google Ads,Google Ads - Brand Awareness - As,Brand Awareness,Asia Pacific,Mobile,2036,59,1,87.62,135.48
2025-02-19,YouTube,YouTube - Lead Generation - Eu,Lead Generation,Europe,Mobile,888,4,0,5.7,0.0
2025-01-10,Facebook,Facebook - Retargeting - As,Retargeting,Asia Pacific,Mobile,1295,23,1,55.17,140.51
2025-09-22,Instagram,Instagram - Brand Awareness - Eu,Brand Awareness,Europe,Mobile,1629,25,0,16.47,0.0
2025-08-21,Google Ads,Google Ads - Lead Generation - LA,Lead Generation,LATAM,Desktop,1705,32,0,80.23,0.0
2025-07-28,YouTube,YouTube - Retargeting - No,Retargeting,North America,Desktop,1347,5,0,2.6,0.0
2025-01-21,Facebook,Facebook - Brand Awareness - No,Brand Awareness,North America,Tablet,1913,32,0,56.79,0.0
2025-04-21,Instagram,Instagram - Brand Awareness - As,Brand Awareness,Asia Pacific,Desktop,1384,26,0,28.52,0.0
2025-02-23,Google Ads,Google Ads - Retargeting - No,Retargeting,North America,Mobile,1943,44,2,90.59,199.69
2025-11-22,Facebook,Facebook - Brand Awareness - Eu,Brand Awareness,Europe,Desktop,1496,20,0,22.82,0.0
2025-08-09,LinkedIn,LinkedIn - Lead Generation - As,Lead Generation,Asia Pacific,Desktop,1141,7,0,29.64,0.0
2025-01-31,Instagram,Instagram - Brand Awareness - As,Brand Awareness,Asia Pacific,Desktop,1000,10,0,5.45,0.0
2025-09-07,Facebook,Facebook - Conversion - No,Conversion,North America,Desktop,2251,51,0,94.19,0.0
2025-03-01,Facebook,Facebook - Retargeting - No,Retargeting,North America,Desktop,2250,30,1,40.27,186.41
2025-03-08,Facebook,Facebook - Brand Awareness - No,Brand Awareness,North America,Desktop,1794,33,0,86.1,0.0
2025-12-12,LinkedIn,LinkedIn - Retargeting - As,Retargeting,Asia Pacific,Desktop,371,2,0,7.9,0.0
2025-09-23,Google Ads,Google Ads - Lead Generation - As,Lead Generation,Asia Pacific,Mobile,784,14,0,29.01,0.0
2025-03-28,LinkedIn,LinkedIn - Lead Generation - Eu,Lead Generation,Europe,Mobile,193,1,0,4.93,0.0
2025-04-16,Instagram,Instagram - Brand Awareness - LA,Brand Awareness,LATAM,Mobile,1086,14,0,13.14,0.0
2025-04-01,Facebook,Facebook - Retargeting - Eu,Retargeting,Europe,Tablet,2378,41,1,69.19,162.36
2025-01-13,Instagram,Instagram - Conversion - LA,Conversion,LATAM,Desktop,1184,13,0,19.77,0.0
2025-06-19,Google Ads,Google Ads - Lead Generation - No,Lead Generation,North America,Mobile,2447,58,1,61.8,150.55
2025-07-09,Facebook,Facebook - Retargeting - LA,Retargeting,LATAM,Desktop,1757,31,1,56.52,96.02
2025-12-29,Facebook,Facebook - Conversion - LA,Conversion,LATAM,Mobile,1959,23,0,38.76,0.0
2025-12-05,Instagram,Instagram - Retargeting - Eu,Retargeting,Europe,Tablet,1290,23,0,28.23,0.0
2025-10-13,Instagram,Instagram - Retargeting - LA,Retargeting,LATAM,Mobile,1258,17,0,26.56,0.0
2025-05-18,YouTube,YouTube - Retargeting - Eu,Retargeting,Europe,Mobile,1570,8,0,1.79,0.0
2025-04-28,Facebook,Facebook - Conversion - As,Conversion,Asia Pacific,Tablet,1946,25,0,20.47,0.0
2025-12-10,Google Ads,Google Ads - Lead Generation - As,Lead Generation,Asia Pacific,Tablet,2780,50,1,150.65,142.8
2025-06-27,Facebook,Facebook - Conversion - Eu,Conversion,Europe,Tablet,2546,37,0,59.74,0.0
2025-07-12,Facebook,Facebook - Conversion - LA,Conversion,LATAM,Mobile,3044,49,0,100.76,0.0
2025-11-29,YouTube,YouTube - Conversion - LA,Conversion,LATAM,Mobile,1234,7,0,12.38,0.0
2025-05-04,Facebook,Facebook - Lead Generation - No,Lead Generation,North America,Mobile,1791,22,0,36.31,0.0
2025-09-02,Email,Email - Lead Generation - No,Lead Generation,North America,Tablet,1317,33,0,21.6,0.0
2025-02-16,Google Ads,Google Ads - Retargeting - No,Retargeting,North America,Mobile,1112,26,1,49.53,175.49
2025-06-05,Facebook,Facebook - Lead Generation - No,Lead Generation,North America,Mobile,3041,48,1,49.45,137.26
2025-10-03,Google Ads,Google Ads - Brand Awareness - LA,Brand Awareness,LATAM,Desktop,3093,85,2,133.43,260.78
2025-10-14,LinkedIn,LinkedIn - Conversion - No,Conversion,North America,Tablet,1282,11,0,49.24,0.0
2025-07-31,Facebook,Facebook - Retargeting - LA,Retargeting,LATAM,Mobile,2098,33,1,71.59,97.19
2025-10-04,Instagram,Instagram - Retargeting - No,Retargeting,North America,Desktop,922,16,0,15.76,0.0
2025-01-27,LinkedIn,LinkedIn - Conversion - Eu,Conversion,Europe,Mobile,929,7,0,32.33,0.0
2025-10-08,Google Ads,Google Ads - Conversion - Eu,Conversion,Europe,Mobile,2194,61,1,121.26,199.17
2025-03-16,Facebook,Facebook - Retargeting - No,Retargeting,North America,Mobile,2544,37,1,76.1,162.77
2025-02-19,LinkedIn,LinkedIn - Retargeting - As,Retargeting,Asia Pacific,Mobile,1239,9,0,34.43,0.0
2025-01-31,YouTube,YouTube - Retargeting - LA,Retargeting,LATAM,Mobile,1200,5,0,-6.06,0.0
2025-02-01,Instagram,Instagram - Retargeting - Eu,Retargeting,Europe,Mobile,1636,23,0,21.1,0.0
2025-03-09,YouTube,YouTube - Brand Awareness - Eu,Brand Awareness,Europe,Mobile,714,3,0,3.12,0.0
2025-01-19,Google Ads,Google Ads - Lead Generation - As,Lead Generation,Asia Pacific,Desktop,2548,78,0,132.0,0.0
2025-10-22,Google Ads,Google Ads - Retargeting - LA,Retargeting,LATAM,Mobile,1211,32,1,59.83,161.12
2025-02-16,Google Ads,Google Ads - Brand Awareness - No,Brand Awareness,North America,Desktop,2491,50,0,111.33,0.0
2025-09-05,Facebook,Facebook - Conversion - LA,Conversion,LATAM,Mobile,2677,40,0,63.66,0.0
2025-03-22,Email,Email - Brand Awareness - Eu,Brand Awareness,Europe,Desktop,1155,28,0,-11.02,0.0
2025-09-25,Facebook,Facebook - Brand Awareness - Eu,Brand Awareness,Europe,Desktop,1795,23,0,35.54,0.0
2025-10-24,LinkedIn,LinkedIn - Conversion - As,Conversion,Asia Pacific,Mobile,710,3,0,10.83,0.0
2025-06-12,Facebook,Facebook - Lead Generation - No,Lead Generation,North America,Mobile,1463,24,0,22.06,0.0
2025-10-09,Facebook,Facebook - Conversion - As,Conversion,Asia Pacific,Mobile,2085,19,0,30.36,0.0
2025-10-29,Google Ads,Google Ads - Lead Generation - No,Lead Generation,North America,Mobile,1699,43,0,88.66,0.0
2025-12-18,LinkedIn,LinkedIn - Lead Generation - As,Lead Generation,Asia Pacific,Mobile,1239,12,0,55.03,0.0
2025-09-29,Instagram,Instagram - Brand Awareness - As,Brand Awareness,Asia Pacific,Desktop,1098,10,0,16.22,0.0
2025-05-23,Google Ads,Google Ads - Conversion - Eu,Conversion,Europe,Tablet,2527,51,0,109.17,0.0
2025-03-27,Instagram,Instagram - Brand Awareness - LA,Brand Awareness,LATAM,Mobile,1175,14,0,6.09,0.0
2025-09-16,Google Ads,Google Ads - Brand Awareness - Eu,Brand Awareness,Europe,Desktop,1706,29,0,31.51,0.0
2025-05-25,Facebook,Facebook - Lead Generation - As,Lead Generation,Asia Pacific,Mobile,1091,14,0,8.32,0.0
2025-06-11,Instagram,Instagram - Lead Generation - Eu,Lead Generation,Europe,Tablet,1379,15,0,11.92,0.0
2025-06-21,LinkedIn,LinkedIn - Brand Awareness - As,Brand Awareness,Asia Pacific,Desktop,730,7,0,33.18,0.0
2025-05-04,Facebook,Facebook - Conversion - LA,Conversion,LATAM,Mobile,1642,15,0,13.22,0.0
2025-09-16,YouTube,YouTube - Brand Awareness - As,Brand Awareness,Asia Pacific,Mobile,1064,5,0,2.63,0.0
2025-06-07,Google Ads,Google Ads - Lead Generation - No,Lead Generation,North America,Desktop,1524,52,0,110.49,0.0
2025-09-08,YouTube,YouTube - Brand Awareness - No,Brand Awareness,North America,Desktop,463,2,0,1.04,0.0
2025-10-11,Instagram,Instagram - Retargeting - LA,Retargeting,LATAM,Mobile,1026,13,0,8.04,0.0
2025-05-08,LinkedIn,LinkedIn - Lead Generation - LA,Lead Generation,LATAM,Mobile,881,7,0,28.75,0.0
2025-10-11,Facebook,Facebook - Brand Awareness - Eu,Brand Awareness,Europe,Mobile,2251,26,0,42.66,0.0
2025-11-09,Google Ads,Google Ads - Lead Generation - No,Lead Generation,North America,Mobile,1917,45,0,95.15,0.0
2025-09-28,Email,Email - Lead Generation - Eu,Lead Generation,Europe,Desktop,640,11,0,-0.53,0.0
2025-09-23,Email,Email - Retargeting - Eu,Retargeting,Europe,Desktop,1190,47,1,9.7,149.69
2025-05-30,Google Ads,Google Ads - Conversion - No,Conversion,North America,Desktop,1276,25,0,44.45,0.0
2025-07-14,LinkedIn,LinkedIn - Lead Generation - No,Lead Generation,North America,Tablet,1088,6,0,30.51,0.0
2025-10-21,Instagram,Instagram - Lead Generation - As,Lead Generation,Asia Pacific,Desktop,689,9,0,10.43,0.0
2025-09-10,Instagram,Instagram - Conversion - As,Conversion,Asia Pacific,Desktop,382,4,0,2.54,0.0
2025-08-04,Google Ads,Google Ads - Conversion - Eu,Conversion,Europe,Mobile,3005,76,2,119.42,261.67
2025-11-10,Google Ads,Google Ads - Conversion - As,Conversion,Asia Pacific,Desktop,2389,41,0,119.76,0.0
2025-07-07,Instagram,Instagram - Brand Awareness - Eu,Brand Awareness,Europe,Mobile,1300,17,0,10.5,0.0
2025-06-26,Google Ads,Google Ads - Retargeting - As,Retargeting,Asia Pacific,Desktop,2105,50,3,136.35,406.8
2025-07-13,Facebook,Facebook - Brand Awareness - Eu,Brand Awareness,Europe,Mobile,2498,43,0,105.6,0.0
2025-11-16,Facebook,Facebook - Conversion - LA,Conversion,LATAM,Desktop,1840,29,0,51.49,0.0
2025-01-27,LinkedIn,LinkedIn - Conversion - No,Conversion,North America,Mobile,470,5,0,20.33,0.0
2025-10-21,Facebook,Facebook - Conversion - LA,Conversion,LATAM,Mobile,1602,24,0,36.08,0.0
2025-07-14,Instagram,Instagram - Retargeting - Eu,Retargeting,Europe,Desktop,1309,16,0,8.38,0.0
2025-06-14,Instagram,Instagram - Retargeting - No,Retargeting,North America,Mobile,948,10,0,9.59,0.0
2025-12-25,Google Ads,Google Ads - Conversion - Eu,Conversion,Europe,Desktop,1240,41,0,73.42,0.0
2025-09-05,Google Ads,Google Ads - Lead Generation - LA,Lead Generation,LATAM,Desktop,3099,58,0,111.73,0.0
2025-12-21,YouTube,YouTube - Conversion - Eu,Conversion,Europe,Desktop,1487,7,0,0.29,0.0
2025-08-08,Facebook,Facebook - Retargeting - LA,Retargeting,LATAM,Tablet,535,7,0,11.12,0.0
2025-08-04,Email,Email - Lead Generation - No,Lead Generation,North America,Desktop,562,17,0,11.81,0.0
2025-07-20,Google Ads,Google Ads - Retargeting - LA,Retargeting,LATAM,Desktop,2430,62,3,104.4,495.34
2025-11-06,YouTube,YouTube - Retargeting - No,Retargeting,North America,Tablet,1070,6,0,2.49,0.0
2025-01-30,Google Ads,Google Ads - Lead Generation - Eu,Lead Generation,Europe,Desktop,581,14,0,23.73,0.0
2025-03-16,Facebook,Facebook - Retargeting - Eu,Retargeting,Europe,Desktop,1616,21,1,34.91,113.95
2025-05-19,LinkedIn,LinkedIn - Brand Awareness - As,Brand Awareness,Asia Pacific,Mobile,1131,8,0,38.21,0.0
2025-08-08,Facebook,Facebook - Lead Generation - LA,Lead Generation,LATAM,Mobile,2094,32,0,56.17,0.0
2025-02-09,Instagram,Instagram - Brand Awareness - No,Brand Awareness,North America,Tablet,1419,17,0,26.06,0.0
2025-12-17,Google Ads,Google Ads - Lead Generation - Eu,Lead Generation,Europe,Desktop,1569,29,0,66.57,0.0
2025-09-11,Facebook,Facebook - Brand Awareness - LA,Brand Awareness,LATAM,Desktop,1913,23,0,25.87,0.0
2025-05-11,Email,Email - Conversion - No,Conversion,North America,Mobile,683,21,0,5.73,0.0
2025-02-25,Facebook,Facebook - Brand Awareness - No,Brand Awareness,North America,Mobile,1943,25,0,4.99,0.0
2025-12-09,Facebook,Facebook - Retargeting - As,Retargeting,Asia Pacific,Mobile,971,14,0,29.18,0.0
2025-10-17,Facebook,Facebook - Brand Awareness - Eu,Brand Awareness,Europe,Mobile,2597,32,0,60.66,0.0
2025-02-10,Instagram,Instagram - Lead Generation - Eu,Lead Generation,Europe,Desktop,1568,17,0,17.8,0.0
2025-12-03,Instagram,Instagram - Lead Generation - As,Lead Generation,Asia Pacific,Mobile,748,5,0,9.51,0.0
2025-06-27,Facebook,Facebook - Conversion - No,Conversion,North America,Desktop,316,5,0,5.32,0.0
2025-05-06,Instagram,Instagram - Conversion - LA,Conversion,LATAM,Desktop,1177,13,0,13.93,0.0
2025-04-22,Instagram,Instagram - Conversion - Eu,Conversion,Europe,Desktop,668,5,0,3.86,0.0
2025-08-15,Google Ads,Google Ads - Retargeting - LA,Retargeting,LATAM,Mobile,2291,49,2,99.49,415.58
2025-06-22,YouTube,YouTube - Brand Awareness - Eu,Brand Awareness,Europe,Desktop,869,4,0,0.52,0.0
2025-08-31,LinkedIn,LinkedIn - Lead Generation - No,Lead Generation,North America,Desktop,1002,7,0,31.88,0.0
2025-07-20,Facebook,Facebook - Retargeting - LA,Retargeting,LATAM,Desktop,2000,25,1,19.56,129.98
2025-07-26,Facebook,Facebook - Lead Generation - LA,Lead Generation,LATAM,Desktop,2535,22,0,21.87,0.0
2025-01-21,Instagram,Instagram - Conversion - No,Conversion,North America,Mobile,1171,10,0,18.02,0.0
2025-04-23,LinkedIn,LinkedIn - Lead Generation - Eu,Lead Generation,Europe,Tablet,1248,8,0,41.82,0.0
2025-06-25,Google Ads,Google Ads - Retargeting - LA,Retargeting,LATAM,Mobile,1451,42,2,64.72,296.04
2025-08-28,Facebook,Facebook - Brand Awareness - Eu,Brand Awareness,Europe,Mobile,2734,37,0,103.34,0.0
2025-07-03,Google Ads,Google Ads - Lead Generation - LA,Lead Generation,LATAM,Mobile,494,10,0,22.91,0.0
2025-04-29,Facebook,Facebook - Lead Generation - Eu,Lead Generation,Europe,Mobile,1899,19,0,35.09,0.0
2025-03-27,Facebook,Facebook - Retargeting - No,Retargeting,North America,Mobile,1639,27,1,17.93,163.15
2025-09-19,YouTube,YouTube - Retargeting - LA,Retargeting,LATAM,Mobile,977,4,0,-0.54,0.0
2025-12-01,Instagram,Instagram - Conversion - As,Conversion,Asia Pacific,Mobile,783,10,0,17.26,0.0
2025-08-20,Google Ads,Google Ads - Brand Awareness - As,Brand Awareness,Asia Pacific,Desktop,3074,59,1,97.37,162.94
2025-12-07,YouTube,YouTube - Conversion - No,Conversion,North America,Desktop,893,5,0,2.82,0.0
2025-11-26,Google Ads,Google Ads - Brand Awareness - LA,Brand Awareness,LATAM,Mobile,1160,38,0,46.17,0.0
2025-11-26,Google Ads,Google Ads - Conversion - LA,Conversion,LATAM,Desktop,2654,65,1,123.35,118.3
2025-05-18,LinkedIn,LinkedIn - Brand Awareness - LA,Brand Awareness,LATAM,Desktop,1259,6,0,23.62,0.0
2025-04-01,YouTube,YouTube - Conversion - Eu,Conversion,Europe,Mobile,1611,8,0,4.81,0.0
2025-02-23,Facebook,Facebook - Retargeting - LA,Retargeting,LATAM,Mobile,1928,28,1,45.85,133.79
2025-06-25,Instagram,Instagram - Conversion - As,Conversion,Asia Pacific,Mobile,1254,16,0,23.79,0.0
2025-06-19,LinkedIn,LinkedIn - Retargeting - LA,Retargeting,LATAM,Tablet,957,6,0,22.78,0.0
2025-09-25,Google Ads,Google Ads - Brand Awareness - No,Brand Awareness,North America,Desktop,1303,46,0,80.83,0.0
2025-03-16,Facebook,Facebook - Lead Generation - No,Lead Generation,North America,Desktop,1836,26,0,80.05,0.0
2025-10-19,Instagram,Instagram - Retargeting - As,Retargeting,Asia Pacific,Tablet,1420,16,0,16.83,0.0
2025-07-30,Instagram,Instagram - Brand Awareness - No,Brand Awareness,North America,Desktop,1211,16,0,5.3,0.0
2025-04-18,Google Ads,Google Ads - Conversion - No,Conversion,North America,Desktop,1119,27,0,54.63,0.0
2025-07-02,Email,Email - Lead Generation - LA,Lead Generation,LATAM,Desktop,1008,26,0,-3.87,0.0
2025-03-12,Google Ads,Google Ads - Retargeting - Eu,Retargeting,Europe,Desktop,341,11,0,20.42,0.0
2025-04-23,Instagram,Instagram - Retargeting - No,Retargeting,North America,Mobile,1369,21,0,21.59,0.0
2025-07-09,LinkedIn,LinkedIn - Brand Awareness - Eu,Brand Awareness,Europe,Desktop,952,8,0,34.58,0.0
2025-04-01,Google Ads,Google Ads - Conversion - LA,Conversion,LATAM,Mobile,2854,66,1,161.76,138.56
2025-04-19,Facebook,Facebook - Retargeting - As,Retargeting,Asia Pacific,Mobile,2715,38,2,54.14,331.24
2025-06-17,Instagram,Instagram - Conversion - Eu,Conversion,Europe,Desktop,692,7,0,5.9,0.0
2025-08-05,Facebook,Facebook - Conversion - LA,Conversion,LATAM,Mobile,1247,20,0,10.74,0.0
2025-09-28,Email,Email - Brand Awareness - No,Brand Awareness,North America,Mobile,1379,45,0,13.07,0.0
2025-01-12,Instagram,Instagram - Conversion - As,Conversion,Asia Pacific,Desktop,1071,14,0,20.39,0.0
2025-07-21,LinkedIn,LinkedIn - Brand Awareness - As,Brand Awareness,Asia Pacific,Desktop,945,7,0,35.54,0.0
2025-01-05,Google Ads,Google Ads - Lead Generation - No,Lead Generation,North America,Tablet,1575,45,0,83.54,0.0
2025-06-15,Instagram,Instagram - Retargeting - As,Retargeting,Asia Pacific,Mobile,777,10,0,9.13,0.0
2025-04-04,LinkedIn,LinkedIn - Retargeting - LA,Retargeting,LATAM,Mobile,1246,8,0,32.7,0.0
2025-11-01,Facebook,Facebook - Conversion - No,Conversion,North America,Desktop,2280,33,0,34.13,0.0
2025-05-17,LinkedIn,LinkedIn - Retargeting - As,Retargeting,Asia Pacific,Desktop,782,4,0,18.62,0.0
2025-07-26,Google Ads,Google Ads - Brand Awareness - No,Brand Awareness,North America,Tablet,973,25,0,49.15,0.0
2025-09-10,Instagram,Instagram - Lead Generation - As,Lead Generation,Asia Pacific,Desktop,397,5,0,2.28,0.0
2025-04-15,YouTube,YouTube - Lead Generation - As,Lead Generation,Asia Pacific,Mobile,682,3,0,-0.1,0.0
2025-07-30,Facebook,Facebook - Conversion - Eu,Conversion,Europe,Mobile,2269,28,0,53.46,0.0
2025-02-25,Google Ads,Google Ads - Lead Generation - No,Lead Generation,North America,Mobile,2077,69,1,100.47,146.28
2025-02-27,Facebook,Facebook - Retargeting - Eu,Retargeting,Europe,Mobile,1397,21,0,33.36,0.0
2025-01-20,Facebook,Facebook - Conversion - LA,Conversion,LATAM,Desktop,1408,24,0,40.13,0.0
2025-04-18,Google Ads,Google Ads - Lead Generation - As,Lead Generation,Asia Pacific,Mobile,1656,26,0,58.69,0.0
2025-11-15,LinkedIn,LinkedIn - Conversion - As,Conversion,Asia Pacific,Tablet,1191,9,0,44.46,0.0
2025-07-02,Email,Email - Conversion - LA,Conversion,LATAM,Mobile,1077,30,0,-20.18,0.0
2025-03-24,Google Ads,Google Ads - Conversion - As,Conversion,Asia Pacific,Mobile,2177,53,0,109.15,0.0
2025-05-01,Facebook,Facebook - Retargeting - Eu,Retargeting,Europe,Desktop,1935,24,1,28.08,155.84
2025-09-29,Facebook,Facebook - Retargeting - Eu,Retargeting,Europe,Mobile,1905,31,1,29.1,179.18
2025-08-08,Instagram,Instagram - Brand Awareness - LA,Brand Awareness,LATAM,Mobile,534,7,0,9.19,0.0
2025-05-15,Instagram,Instagram - Brand Awareness - No,Brand Awareness,North America,Desktop,1097,12,0,16.69,0.0
2025-08-23,LinkedIn,LinkedIn - Conversion - No,Conversion,North America,Mobile,935,6,0,24.8,0.0
2025-09-29,LinkedIn,LinkedIn - Conversion - No,Conversion,North America,Mobile,1199,9,0,38.54,0.0
2025-12-23,LinkedIn,LinkedIn - Conversion - LA,Conversion,LATAM,Mobile,415,2,0,9.25,0.0
2025-12-05,Instagram,Instagram - Retargeting - LA,Retargeting,LATAM,Tablet,1109,15,1,12.95,200.26
2025-09-09,Facebook,Facebook - Brand Awareness - Eu,Brand Awareness,Europe,Mobile,1838,27,0,40.03,0.0
2025-10-01,LinkedIn,LinkedIn - Brand Awareness - As,Brand Awareness,Asia Pacific,Mobile,731,3,0,11.23,0.0
2025-04-09,Facebook,Facebook - Conversion - No,Conversion,North America,Desktop,2273,31,0,55.39,0.0
2025-04-16,LinkedIn,LinkedIn - Brand Awareness - As,Brand Awareness,Asia Pacific,Mobile,1217,9,0,44.93,0.0
2025-08-18,Instagram,Instagram - Lead Generation - Eu,Lead Generation,Europe,Desktop,1213,14,0,5.15,0.0
2025-12-02,Email,Email - Conversion - No,Conversion,North America,Mobile,1436,59,1,36.8,151.17
2025-08-06,Google Ads,Google Ads - Lead Generation - Eu,Lead Generation,Europe,Mobile,1242,23,0,40.25,0.0
2025-09-05,Facebook,Facebook - Conversion - As,Conversion,Asia Pacific,Desktop,2613,51,0,112.45,0.0
2025-11-06,LinkedIn,LinkedIn - Lead Generation - Eu,Lead Generation,Europe,Mobile,1059,10,0,40.18,0.0
2025-08-08,Instagram,Instagram - Brand Awareness - LA,Brand Awareness,LATAM,Mobile,1052,12,0,19.65,0.0
2025-05-17,YouTube,YouTube - Lead Generation - Eu,Lead Generation,Europe,Tablet,1171,4,0,3.99,0.0
2025-07-01,Instagram,Instagram - Retargeting - LA,Retargeting,LATAM,Mobile,1604,14,0,24.04,0.0
2025-10-02,YouTube,YouTube - Lead Generation - Eu,Lead Generation,Europe,Desktop,752,4,0,3.3,0.0
2025-04-04,YouTube,YouTube - Conversion - No,Conversion,North America,Desktop,-216,0,0,0.0,0.0
2026-01-04,Instagram,Instagram - Conversion - No,Conversion,North America,Desktop,758,10,0,7.96,0.0
2025-04-25,Google Ads,Google Ads - Conversion - As,Conversion,Asia Pacific,Desktop,1903,59,1,87.71,136.26
2025-09-20,Facebook,Facebook - Conversion - Eu,Conversion,Europe,Desktop,2271,37,0,44.45,0.0
2025-04-01,LinkedIn,LinkedIn - Conversion - No,Conversion,North America,Mobile,1135,5,0,24.31,0.0
2025-09-08,Facebook,Facebook - Lead Generation - No,Lead Generation,North America,Mobile,2262,39,0,67.96,0.0
2025-10-27,Instagram,Instagram - Conversion - Eu,Conversion,Europe,Mobile,960,10,0,10.84,0.0
2025-11-13,Instagram,Instagram - Lead Generation - No,Lead Generation,North America,Mobile,1161,14,0,13.77,0.0
2025-10-13,Instagram,Instagram - Retargeting - LA,Retargeting,LATAM,Tablet,1195,15,0,8.92,0.0
2025-07-10,Google Ads,Google Ads - Lead Generation - LA,Lead Generation,LATAM,Mobile,1705,37,0,74.36,0.0
2025-06-25,Google Ads,Google Ads - Conversion - Eu,Conversion,Europe,Desktop,2392,66,0,104.33,0.0
2025-02-04,Facebook,Facebook - Conversion - As,Conversion,Asia Pacific,Tablet,1084,24,0,39.75,0.0
2025-05-16,Email,Email - Conversion - No,Conversion,North America,Desktop,1364,34,0,-4.0,0.0
2025-02-28,Facebook,Facebook - Brand Awareness - No,Brand Awareness,North America,Desktop,2300,29,0,36.66,0.0
2025-01-15,Google Ads,Google Ads - Retargeting - As,Retargeting,Asia Pacific,Mobile,2258,26,0,63.27,0.0
2025-01-29,Google Ads,Google Ads - Lead Generation - As,Lead Generation,Asia Pacific,Mobile,913,20,0,29.92,0.0
2025-12-23,Instagram,Instagram - Brand Awareness - LA,Brand Awareness,LATAM,Desktop,1195,19,0,24.34,0.0
2025-02-24,Google Ads,Google Ads - Brand Awareness - LA,Brand Awareness,LATAM,Desktop,2365,62,1,142.79,142.0
2025-06-29,Facebook,Facebook - Lead Generation - LA,Lead Generation,LATAM,Mobile,2193,39,0,63.56,0.0
2025-06-29,Instagram,Instagram - Retargeting - No,Retargeting,North America,Desktop,962,8,0,11.39,0.0
2025-07-19,Google Ads,Google Ads - Retargeting - Eu,Retargeting,Europe,Mobile,1958,55,2,134.47,451.9
2025-12-17,Facebook,Facebook - Retargeting - As,Retargeting,Asia Pacific,Mobile,1730,23,1,15.93,106.63
2025-04-14,Facebook,Facebook - Retargeting - Eu,Retargeting,Europe,Desktop,2217,31,1,34.16,126.02
2025-01-26,Facebook,Facebook - Lead Generation - Eu,Lead Generation,Europe,Desktop,2019,30,0,46.16,0.0
2025-01-22,Instagram,Instagram - Retargeting - LA,Retargeting,LATAM,Desktop,1133,8,0,0.77,0.0
2025-03-29,Facebook,Facebook - Lead Generation - Eu,Lead Generation,Europe,Tablet,1891,31,0,47.16,0.0
2025-01-28,LinkedIn,LinkedIn - Retargeting - As,Retargeting,Asia Pacific,Desktop,1043,8,0,36.18,0.0
2025-02-03,Google Ads,Google Ads - Retargeting - As,Retargeting,Asia Pacific,Mobile,1691,41,1,72.58,139.91
2025-08-01,Facebook,Facebook - Brand Awareness - LA,Brand Awareness,LATAM,Mobile,2346,27,0,39.55,0.0
2025-04-20,Instagram,Instagram - Brand Awareness - LA,Brand Awareness,LATAM,Mobile,999,9,0,6.28,0.0
2025-01-28,Google Ads,Google Ads - Brand Awareness - No,Brand Awareness,North America,Mobile,2219,61,1,112.48,143.59
2025-11-02,YouTube,YouTube - Brand Awareness - As,Brand Awareness,Asia Pacific,Mobile,1101,5,0,1.99,0.0
2025-10-05,Google Ads,Google Ads - Brand Awareness - LA,Brand Awareness,LATAM,Mobile,1759,40,0,90.64,0.0
2025-02-15,Google Ads,Google Ads - Lead Generation - Eu,Lead Generation,Europe,Tablet,1495,32,0,50.66,0.0
2025-07-10,Instagram,Instagram - Retargeting - LA,Retargeting,LATAM,Desktop,868,10,0,13.46,0.0
2025-05-22,Email,Email - Retargeting - As,Retargeting,Asia Pacific,Tablet,706,18,0,20.04,0.0
2025-04-28,Instagram,Instagram - Conversion - No,Conversion,North America,Desktop,750,9,0,14.52,0.0
2025-06-10,Google Ads,Google Ads - Retargeting - No,Retargeting,North America,Mobile,2100,42,1,43.44,141.17
2025-08-23,Facebook,Facebook - Brand Awareness - As,Brand Awareness,Asia Pacific,Tablet,1967,31,0,63.65,0.0
2025-07-16,Google Ads,Google Ads - Conversion - LA,Conversion,LATAM,Tablet,2627,63,1,124.72,147.11
2025-07-30,Facebook,Facebook - Retargeting - No,Retargeting,North America,Mobile,2155,28,1,59.03,119.62
2025-01-20,YouTube,YouTube - Brand Awareness - LA,Brand Awareness,LATAM,Mobile,498,3,0,-1.44,0.0
2025-01-19,Facebook,Facebook - Lead Generation - LA,Lead Generation,LATAM,Mobile,1549,26,0,31.19,0.0
2025-02-05,Instagram,Instagram - Retargeting - As,Retargeting,Asia Pacific,Mobile,855,10,0,11.77,0.0
2025-10-27,Instagram,Instagram - Conversion - Eu,Conversion,Europe,Desktop,1117,13,0,13.86,0.0
2025-10-13,Facebook,Facebook - Lead Generation - Eu,Lead Generation,Europe,Mobile,1784,25,0,58.32,0.0
2025-12-08,Facebook,Facebook - Lead Generation - As,Lead Generation,Asia Pacific,Mobile,2539,44,0,85.85,0.0
2025-12-30,Facebook,Facebook - Retargeting - Eu,Retargeting,Europe,Desktop,1691,26,1,20.29,209.93
2025-11-02,Google Ads,Google Ads - Lead Generation - Eu,Lead Generation,Europe,Desktop,2707,83,1,150.08,176.94
2025-07-25,YouTube,YouTube - Lead Generation - As,Lead Generation,Asia Pacific,Mobile,948,3,0,3.01,0.0
2025-10-29,Facebook,Facebook - Retargeting - Eu,Retargeting,Europe,Desktop,2690,46,2,101.4,292.46
2025-11-02,Google Ads,Google Ads - Lead Generation - As,Lead Generation,Asia Pacific,Mobile,2216,56,1,105.66,137.09
2025-01-26,Instagram,Instagram - Lead Generation - Eu,Lead Generation,Europe,Mobile,1602,18,0,26.74,0.0
2025-11-21,Google Ads,Google Ads - Brand Awareness - No,Brand Awareness,North America,Desktop,2903,68,1,87.18,171.72
2025-03-15,Instagram,Instagram - Brand Awareness - As,Brand Awareness,Asia Pacific,Mobile,1255,17,0,18.84,0.0
2025-09-03,LinkedIn,LinkedIn - Lead Generation - No,Lead Generation,North America,Tablet,1223,8,0,41.65,0.0
2025-12-29,YouTube,YouTube - Lead Generation - LA,Lead Generation,LATAM,Tablet,908,5,0,2.76,0.0
2025-02-28,Google Ads,Google Ads - Conversion - LA,Conversion,LATAM,Desktop,3473,94,2,176.43,312.64
2025-05-03,LinkedIn,LinkedIn - Conversion - No,Conversion,North America,Desktop,1192,6,0,31.1,0.0
2025-05-12,YouTube,YouTube - Conversion - LA,Conversion,LATAM,Desktop,1150,4,0,2.64,0.0
2025-01-07,LinkedIn,LinkedIn - Retargeting - No,Retargeting,North America,Mobile,1271,11,0,44.17,0.0
2025-12-08,Facebook,Facebook - Retargeting - As,Retargeting,Asia Pacific,Mobile,719,6,0,7.63,0.0
2025-04-29,Facebook,Facebook - Lead Generation - No,Lead Generation,North America,Mobile,1604,22,0,31.22,0.0
2025-08-24,Google Ads,Google Ads - Conversion - No,Conversion,North America,Mobile,1349,41,0,83.78,0.0
2025-08-19,Facebook,Facebook - Retargeting - No,Retargeting,North America,Mobile,2405,35,1,36.31,158.06
2025-03-31,Facebook,Facebook - Brand Awareness - No,Brand Awareness,North America,Tablet,2053,31,0,48.78,0.0
2025-02-09,Google Ads,Google Ads - Retargeting - As,Retargeting,Asia Pacific,Mobile,2367,75,4,107.14,416.47
2025-09-02,Instagram,Instagram - Lead Generation - No,Lead Generation,North America,Tablet,497,5,0,8.47,0.0
2025-12-14,Facebook,Facebook - Conversion - LA,Conversion,LATAM,Mobile,2122,30,0,32.88,0.0
2025-09-22,Google Ads,Google Ads - Retargeting - Eu,Retargeting,Europe,Desktop,1193,23,0,53.8,0.0
2025-01-09,YouTube,YouTube - Lead Generation - No,Lead Generation,North America,Tablet,900,3,0,2.34,0.0
2025-12-13,YouTube,YouTube - Brand Awareness - No,Brand Awareness,North America,Desktop,963,5,0,2.51,0.0
2025-11-25,Google Ads,Google Ads - Brand Awareness - No,Brand Awareness,North America,Desktop,1440,37,0,71.37,0.0
2025-03-02,Instagram,Instagram - Conversion - As,Conversion,Asia Pacific,Mobile,1171,15,0,9.32,0.0
2025-05-11,Facebook,Facebook - Retargeting - As,Retargeting,Asia Pacific,Mobile,2691,37,2,33.11,314.74
2025-07-13,YouTube,YouTube - Lead Generation - No,Lead Generation,North America,Desktop,929,4,0,6.08,0.0
2025-03-10,Google Ads,Google Ads - Conversion - No,Conversion,North America,Desktop,2451,62,1,161.28,99.6
2025-03-26,Facebook,Facebook - Lead Generation - Eu,Lead Generation,Europe,Desktop,3311,54,1,30.42,134.87
2025-02-15,Facebook,Facebook - Conversion - As,Conversion,Asia Pacific,Tablet,1700,29,0,46.11,0.0
2025-02-22,Google Ads,Google Ads - Brand Awareness - No,Brand Awareness,North America,Desktop,2112,58,1,69.12,206.67
2025-08-07,Instagram,Instagram - Conversion - LA,Conversion,LATAM,Tablet,420,3,0,3.57,0.0
2025-08-24,Email,Email - Lead Generation - Eu,Lead Generation,Europe,Mobile,1009,23,0,-9.91,0.0
2025-09-29,Facebook,Facebook - Retargeting - Eu,Retargeting,Europe,Mobile,1309,19,1,41.77,159.72
2025-11-15,Facebook,Facebook - Lead Generation - No,Lead Generation,North America,Mobile,987,13,0,15.25,0.0
2025-01-05,Facebook,Facebook - Retargeting - LA,Retargeting,LATAM,Desktop,1511,27,1,27.02,113.33
2025-05-31,LinkedIn,LinkedIn - Brand Awareness - No,Brand Awareness,North America,Mobile,979,6,0,30.8,0.0
2025-10-07,Google Ads,Google Ads - Retargeting - Eu,Retargeting,Europe,Mobile,1982,55,3,93.04,350.9
2025-09-07,Google Ads,Google Ads - Retargeting - Eu,Retargeting,Europe,Mobile,2679,72,4,147.54,465.4
2025-11-25,Google Ads,Google Ads - Lead Generation - LA,Lead Generation,LATAM,Tablet,1344,35,0,76.64,0.0
2025-10-11,Instagram,Instagram - Brand Awareness - No,Brand Awareness,North America,Mobile,1097,15,0,23.75,0.0
2025-04-14,Facebook,Facebook - Lead Generation - LA,Lead Generation,LATAM,Mobile,1948,26,0,33.08,0.0
2025-07-31,Instagram,Instagram - Retargeting - No,Retargeting,North America,Mobile,1354,16,0,31.63,0.0
2025-10-13,Facebook,Facebook - Brand Awareness - No,Brand Awareness,North America,Desktop,2541,45,0,42.36,0.0
2025-04-29,Facebook,Facebook - Retargeting - As,Retargeting,Asia Pacific,Mobile,2664,54,2,106.94,262.06
2025-04-01,Google Ads,Google Ads - Conversion - As,Conversion,Asia Pacific,Mobile,2826,80,1,164.83,130.44
2025-07-29,Google Ads,Google Ads - Conversion - No,Conversion,North America,Mobile,2023,30,0,44.14,0.0
2025-06-07,Facebook,Facebook - Brand Awareness - LA,Brand Awareness,LATAM,Tablet,1466,25,0,28.68,0.0
2025-01-18,Google Ads,Google Ads - Retargeting - No,Retargeting,North America,Desktop,2187,64,2,66.84,265.95
2025-11-16,Google Ads,Google Ads - Conversion - LA,Conversion,LATAM,Desktop,3080,62,1,143.08,80.38
2025-04-11,YouTube,YouTube - Lead Generation - LA,Lead Generation,LATAM,Mobile,1266,7,0,4.64,0.0
2025-09-26,YouTube,YouTube - Conversion - LA,Conversion,LATAM,Mobile,1369,5,0,2.87,0.0
2025-08-22,Instagram,Instagram - Lead Generation - As,Lead Generation,Asia Pacific,Desktop,850,9,0,9.13,0.0
2025-06-22,LinkedIn,LinkedIn - Lead Generation - Eu,Lead Generation,Europe,Mobile,1233,11,0,48.56,0.0
2025-11-20,YouTube,YouTube - Retargeting - LA,Retargeting,LATAM,Mobile,888,2,0,0.23,0.0
2025-06-20,Google Ads,Google Ads - Retargeting - As,Retargeting,Asia Pacific,Mobile,2114,63,2,101.58,367.26
2025-12-07,Facebook,Facebook - Lead Generation - LA,Lead Generation,LATAM,Desktop,2589,36,0,70.41,0.0
2025-06-16,Google Ads,Google Ads - Conversion - As,Conversion,Asia Pacific,Mobile,1650,48,0,70.23,0.0
2025-04-24,Facebook,Facebook - Retargeting - As,Retargeting,Asia Pacific,Mobile,2019,31,1,52.04,132.07
2025-03-17,YouTube,YouTube - Conversion - As,Conversion,Asia Pacific,Mobile,875,5,0,0.75,0.0
2025-02-16,Facebook,Facebook - Retargeting - As,Retargeting,Asia Pacific,Mobile,1444,19,1,19.11,119.03
2025-03-26,Google Ads,Google Ads - Brand Awareness - No,Brand Awareness,North America,Desktop,2082,40,0,114.79,0.0
2025-04-04,Google Ads,Google Ads - Retargeting - Eu,Retargeting,Europe,Mobile,1597,31,1,68.72,143.32
2025-01-19,LinkedIn,LinkedIn - Conversion - No,Conversion,North America,Desktop,495,4,0,15.27,0.0
2025-05-29,LinkedIn,LinkedIn - Lead Generation - LA,Lead Generation,LATAM,Mobile,1018,8,0,37.98,0.0
2025-11-08,Google Ads,Google Ads - Brand Awareness - LA,Brand Awareness,LATAM,Desktop,2401,76,1,166.92,94.72
2025-08-16,Google Ads,Google Ads - Retargeting - As,Retargeting,Asia Pacific,Desktop,1896,50,3,77.99,344.45
2025-06-19,Instagram,Instagram - Brand Awareness - Eu,Brand Awareness,Europe,Mobile,1121,15,0,14.69,0.0
2025-09-07,YouTube,YouTube - Retargeting - As,Retargeting,Asia Pacific,Mobile,1421,7,0,1.14,0.0
2025-05-01,Google Ads,Google Ads - Conversion - No,Conversion,North America,Mobile,1672,34,0,42.49,0.0
2025-11-14,LinkedIn,LinkedIn - Retargeting - No,Retargeting,North America,Desktop,840,7,0,24.41,0.0
2025-04-28,Facebook,Facebook - Retargeting - No,Retargeting,North America,Desktop,2433,36,1,47.18,110.36
2025-08-16,LinkedIn,LinkedIn - Brand Awareness - Eu,Brand Awareness,Europe,Desktop,743,5,0,21.31,0.0
2025-02-17,LinkedIn,LinkedIn - Retargeting - As,Retargeting,Asia Pacific,Desktop,450,3,0,11.09,0.0
2025-03-18,Email,Email - Conversion - LA,Conversion,LATAM,Desktop,1814,37,0,3.0,0.0
2025-04-21,Instagram,Instagram - Conversion - Eu,Conversion,Europe,Desktop,1110,11,0,9.58,0.0
2025-05-04,Email,Email - Lead Generation - As,Lead Generation,Asia Pacific,Mobile,909,33,0,31.95,0.0
2025-01-31,YouTube,YouTube - Brand Awareness - No,Brand Awareness,North America,Mobile,1367,6,0,7.53,0.0
2025-05-27,Instagram,Instagram - Retargeting - LA,Retargeting,LATAM,Desktop,1092,14,0,15.42,0.0
2025-03-26,Google Ads,Google Ads - Lead Generation - Eu,Lead Generation,Europe,Mobile,2249,55,1,109.57,120.58
2025-01-07,YouTube,YouTube - Lead Generation - No,Lead Generation,North America,Desktop,1436,9,0,7.19,0.0
2025-03-21,Instagram,Instagram - Retargeting - Eu,Retargeting,Europe,Desktop,1290,17,0,25.38,0.0
2025-05-18,LinkedIn,LinkedIn - Conversion - No,Conversion,North America,Mobile,1200,9,0,36.16,0.0
2025-12-17,Instagram,Instagram - Brand Awareness - No,Brand Awareness,North America,Desktop,177,2,0,2.2,0.0
2025-03-01,LinkedIn,LinkedIn - Lead Generation - LA,Lead Generation,LATAM,Mobile,700,4,0,19.78,0.0
2025-05-08,LinkedIn,LinkedIn - Retargeting - As,Retargeting,Asia Pacific,Desktop,419,2,0,9.51,0.0
2025-04-16,Email,Email - Retargeting - No,Retargeting,North America,Mobile,856,28,1,-4.48,110.03
2025-09-18,Facebook,Facebook - Brand Awareness - Eu,Brand Awareness,Europe,Mobile,2378,45,1,76.73,118.54
2025-09-21,Facebook,Facebook - Lead Generation - As,Lead Generation,Asia Pacific,Mobile,1455,21,0,37.97,0.0
2025-06-16,YouTube,YouTube - Conversion - Eu,Conversion,Europe,Mobile,941,4,0,2.32,0.0
2025-09-21,Email,Email - Lead Generation - LA,Lead Generation,LATAM,Desktop,1382,45,0,16.28,0.0
2025-12-01,Google Ads,Google Ads - Retargeting - LA,Retargeting,LATAM,Desktop,1800,49,2,86.35,294.76
2025-02-14,Google Ads,Google Ads - Conversion - As,Conversion,Asia Pacific,Desktop,2207,54,1,114.3,153.64
2025-08-02,Facebook,Facebook - Conversion - LA,Conversion,LATAM,Mobile,2188,25,0,13.88,0.0
2025-05-21,Facebook,Facebook - Brand Awareness - As,Brand Awareness,Asia Pacific,Desktop,3230,40,0,84.67,0.0
2025-08-24,Instagram,Instagram - Conversion - No,Conversion,North America,Mobile,1040,13,0,20.72,0.0
2025-03-12,LinkedIn,LinkedIn - Lead Generation - As,Lead Generation,Asia Pacific,Desktop,829,7,0,34.7,0.0
2025-12-05,Facebook,Facebook - Conversion - LA,Conversion,LATAM,Desktop,998,15,0,20.35,0.0
2025-11-03,Google Ads,Google Ads - Lead Generation - As,Lead Generation,Asia Pacific,Desktop,1977,50,0,67.89,0.0
2025-09-12,Instagram,Instagram - Lead Generation - No,Lead Generation,North America,Desktop,1222,10,0,13.41,0.0
2025-07-12,Email,Email - Brand Awareness - No,Brand Awareness,North America,Mobile,864,15,0,-5.76,0.0
2025-02-05,LinkedIn,LinkedIn - Brand Awareness - As,Brand Awareness,Asia Pacific,Mobile,797,5,0,26.89,0.0
2025-08-20,Instagram,Instagram - Retargeting - Eu,Retargeting,Europe,Tablet,1178,10,0,12.62,0.0
2025-06-04,Google Ads,Google Ads - Retargeting - Eu,Retargeting,Europe,Desktop,2336,70,4,179.01,536.44
2025-04-21,Facebook,Facebook - Conversion - No,Conversion,North America,Mobile,1535,21,0,25.56,0.0
2025-04-01,Google Ads,Google Ads - Retargeting - As,Retargeting,Asia Pacific,Desktop,2345,51,1,159.07,83.86
2025-02-25,Google Ads,Google Ads - Brand Awareness - LA,Brand Awareness,LATAM,Mobile,1554,43,1,90.31,176.68
2025-04-06,LinkedIn,LinkedIn - Lead Generation - Eu,Lead Generation,Europe,Desktop,1024,9,0,37.45,0.0
2025-11-10,Google Ads,Google Ads - Conversion - As,Conversion,Asia Pacific,Mobile,1459,35,0,46.04,0.0
2025-09-20,Instagram,Instagram - Lead Generation - As,Lead Generation,Asia Pacific,Mobile,1174,11,0,19.76,0.0
2025-03-10,Google Ads,Google Ads - Retargeting - As,Retargeting,Asia Pacific,Desktop,1357,30,1,57.08,188.17
2025-08-10,Facebook,Facebook - Conversion - LA,Conversion,LATAM,Mobile,2130,36,0,61.09,0.0
2025-05-22,Facebook,Facebook - Lead Generation - As,Lead Generation,Asia Pacific,Mobile,2571,42,0,23.02,0.0
2025-10-06,Instagram,Instagram - Retargeting - As,Retargeting,Asia Pacific,Mobile,1277,17,0,11.41,0.0
2025-02-03,Facebook,Facebook - Lead Generation - Eu,Lead Generation,Europe,Tablet,2464,29,0,40.23,0.0
2025-12-30,Instagram,Instagram - Conversion - Eu,Conversion,Europe,Desktop,762,8,0,1.62,0.0
2025-08-07,Instagram,Instagram - Conversion - Eu,Conversion,Europe,Mobile,866,9,0,10.36,0.0
2025-11-07,Google Ads,Google Ads - Brand Awareness - LA,Brand Awareness,LATAM,Desktop,1552,37,0,56.09,0.0
2025-04-02,Instagram,Instagram - Conversion - As,Conversion,Asia Pacific,Tablet,684,8,0,3.64,0.0
2026-01-04,Email,Email - Retargeting - No,Retargeting,North America,Mobile,922,22,0,-8.89,0.0
2025-08-10,Facebook,Facebook - Brand Awareness - No,Brand Awareness,North America,Tablet,2650,36,0,21.7,0.0
2025-04-27,Google Ads,Google Ads - Conversion - Eu,Conversion,Europe,Desktop,2673,77,1,154.87,172.91
2025-09-14,Google Ads,Google Ads - Brand Awareness - LA,Brand Awareness,LATAM,Mobile,1825,43,0,82.05,0.0
2025-06-29,Google Ads,Google Ads - Brand Awareness - As,Brand Awareness,Asia Pacific,Desktop,1732,60,1,119.71,130.42
2025-02-14,Google Ads,Google Ads - Retargeting - Eu,Retargeting,Europe,Mobile,2673,84,3,133.59,399.35
2025-09-26,Google Ads,Google Ads - Lead Generation - LA,Lead Generation,LATAM,Mobile,1912,34,0,69.17,0.0
2025-06-11,Instagram,Instagram - Conversion - As,Conversion,Asia Pacific,Desktop,666,9,0,16.84,0.0
2025-02-01,YouTube,YouTube - Retargeting - LA,Retargeting,LATAM,Desktop,531,3,0,2.99,0.0
2025-01-06,Facebook,Facebook - Lead Generation - No,Lead Generation,North America,Mobile,2543,39,0,64.15,0.0
2025-01-22,Google Ads,Google Ads - Lead Generation - Eu,Lead Generation,Europe,Mobile,2076,61,1,133.41,171.06
2025-11-20,Facebook,Facebook - Lead Generation - As,Lead Generation,Asia Pacific,Mobile,2233,31,0,89.92,0.0
2025-09-11,LinkedIn,LinkedIn - Lead Generation - As,Lead Generation,Asia Pacific,Desktop,334,2,0,9.14,0.0
2025-06-17,Facebook,Facebook - Brand Awareness - No,Brand Awareness,North America,Tablet,1515,22,0,27.86,0.0
2025-09-27,Instagram,Instagram - Lead Generation - Eu,Lead Generation,Europe,Mobile,1117,11,0,12.31,0.0
2025-04-24,Email,Email - Conversion - LA,Conversion,LATAM,Desktop,939,34,0,-8.16,0.0
2025-02-05,Google Ads,Google Ads - Conversion - No,Conversion,North America,Desktop,2176,69,1,136.56,99.54
2025-12-03,Instagram,Instagram - Conversion - Eu,Conversion,Europe,Mobile,854,7,0,12.67,0.0
2025-05-28,Facebook,Facebook - Lead Generation - LA,Lead Generation,LATAM,Desktop,3491,36,0,29.09,0.0
2025-06-09,Google Ads,Google Ads - Lead Generation - Eu,Lead Generation,Europe,Desktop,1527,39,1,84.54,139.11
2025-03-16,Instagram,Instagram - Lead Generation - As,Lead Generation,Asia Pacific,Desktop,541,8,0,5.5,0.0
2025-12-31,Facebook,Facebook - Retargeting - LA,Retargeting,LATAM,Mobile,2054,35,1,71.4,145.76
2025-01-23,Facebook,Facebook - Retargeting - No,Retargeting,North America,Mobile,3555,41,2,64.89,325.71
2025-04-14,Facebook,Facebook - Retargeting - As,Retargeting,Asia Pacific,Mobile,1375,19,1,26.04,103.14
2025-08-23,Instagram,Instagram - Brand Awareness - Eu,Brand Awareness,Europe,Desktop,567,7,0,13.22,0.0
2025-01-23,YouTube,YouTube - Lead Generation - LA,Lead Generation,LATAM,Mobile,1313,7,0,-0.18,0.0
2025-07-25,Facebook,Facebook - Brand Awareness - Eu,Brand Awareness,Europe,Desktop,2057,17,0,13.06,0.0
2025-07-07,Instagram,Instagram - Lead Generation - As,Lead Generation,Asia Pacific,Mobile,1231,19,0,10.45,0.0
2025-10-27,LinkedIn,LinkedIn - Retargeting - Eu,Retargeting,Europe,Desktop,1519,13,0,55.67,0.0
2025-10-17,Facebook,Facebook - Brand Awareness - No,Brand Awareness,North America,Mobile,2556,50,0,70.88,0.0
2025-09-10,YouTube,YouTube - Conversion - As,Conversion,Asia Pacific,Desktop,1578,8,0,0.75,0.0
2025-05-28,Instagram,Instagram - Conversion - As,Conversion,Asia Pacific,Tablet,589,6,0,10.47,0.0
2025-11-18,LinkedIn,LinkedIn - Retargeting - LA,Retargeting,LATAM,Desktop,1112,11,0,52.01,0.0
2025-07-25,Instagram,Instagram - Brand Awareness - No,Brand Awareness,North America,Desktop,966,9,0,10.14,0.0
2025-08-28,Google Ads,Google Ads - Lead Generation - No,Lead Generation,North America,Desktop,1339,22,0,48.29,0.0
2025-02-02,Google Ads,Google Ads - Lead Generation - LA,Lead Generation,LATAM,Mobile,1758,48,0,60.65,0.0
2025-11-29,YouTube,YouTube - Retargeting - No,Retargeting,North America,Mobile,1077,3,0,1.32,0.0
2025-06-07,LinkedIn,LinkedIn - Brand Awareness - LA,Brand Awareness,LATAM,Mobile,436,3,0,11.22,0.0
2025-09-18,Facebook,Facebook - Lead Generation - As,Lead Generation,Asia Pacific,Mobile,1974,25,0,36.25,0.0
2025-10-18,Instagram,Instagram - Conversion - LA,Conversion,LATAM,Mobile,938,13,0,18.67,0.0
2025-08-06,Email,Email - Retargeting - Eu,Retargeting,Europe,Mobile,905,29,1,0.18,143.16
2025-12-28,Instagram,Instagram - Conversion - As,Conversion,Asia Pacific,Tablet,651,7,0,9.59,0.0
2025-11-02,Facebook,Facebook - Retargeting - No,Retargeting,North America,Mobile,1452,18,1,23.57,143.79
2025-09-30,Google Ads,Google Ads - Retargeting - As,Retargeting,Asia Pacific,Mobile,1481,42,2,75.88,251.18
2025-09-03,Facebook,Facebook - Lead Generation - Eu,Lead Generation,Europe,Mobile,1538,23,0,40.72,0.0
2025-11-09,Facebook,Facebook - Brand Awareness - No,Brand Awareness,North America,Desktop,1477,22,0,38.73,0.0
2025-01-08,YouTube,YouTube - Conversion - LA,Conversion,LATAM,Mobile,604,2,0,1.32,0.0
2025-10-04,Google Ads,Google Ads - Conversion - Eu,Conversion,Europe,Mobile,1196,24,0,39.25,0.0
2025-12-11,Google Ads,Google Ads - Lead Generation - As,Lead Generation,Asia Pacific,Mobile,2145,67,1,136.78,164.2
2025-05-26,Email,Email - Lead Generation - As,Lead Generation,Asia Pacific,Desktop,499,19,0,8.11,0.0
2025-06-29,Facebook,Facebook - Retargeting - As,Retargeting,Asia Pacific,Mobile,462,4,0,5.83,0.0
2025-08-29,Email,Email - Retargeting - Eu,Retargeting,Europe,Mobile,1156,35,1,5.6,233.46
2025-02-19,Instagram,Instagram - Lead Generation - As,Lead Generation,Asia Pacific,Tablet,1238,14,0,12.63,0.0
2025-08-19,Email,Email - Lead Generation - LA,Lead Generation,LATAM,Mobile,1231,40,0,15.86,0.0
2025-02-14,YouTube,YouTube - Brand Awareness - LA,Brand Awareness,LATAM,Desktop,546,1,0,-0.06,0.0
2025-01-14,YouTube,YouTube - Conversion - LA,Conversion,LATAM,Desktop,806,4,0,6.47,0.0
2025-05-13,Google Ads,Google Ads - Conversion - As,Conversion,Asia Pacific,Mobile,2615,53,0,77.85,0.0
2025-01-10,Google Ads,Google Ads - Conversion - LA,Conversion,LATAM,Mobile,2143,59,1,140.3,135.08
2025-12-24,Google Ads,Google Ads - Conversion - As,Conversion,Asia Pacific,Mobile,2488,53,0,153.62,0.0
2025-08-13,LinkedIn,LinkedIn - Retargeting - As,Retargeting,Asia Pacific,Tablet,1169,8,0,31.71,0.0
2025-03-14,Google Ads,Google Ads - Brand Awareness - Eu,Brand Awareness,Europe,Mobile,2599,61,1,143.43,191.11
2025-11-04,Google Ads,Google Ads - Retargeting - LA,Retargeting,LATAM,Desktop,2015,49,2,73.77,345.03
2025-02-13,Google Ads,Google Ads - Brand Awareness - LA,Brand Awareness,LATAM,Mobile,1770,39,0,64.94,0.0
2025-03-23,Facebook,Facebook - Conversion - LA,Conversion,LATAM,Mobile,2230,31,0,50.43,0.0
2025-07-23,Google Ads,Google Ads - Brand Awareness - As,Brand Awareness,Asia Pacific,Mobile,1623,29,0,66.04,0.0
2025-06-06,Email,Email - Retargeting - LA,Retargeting,LATAM,Mobile,1196,27,1,18.06,186.56
2025-05-30,Google Ads,Google Ads - Lead Generation - Eu,Lead Generation,Europe,Desktop,1515,36,0,63.3,0.0
2025-12-22,LinkedIn,LinkedIn - Conversion - No,Conversion,North America,Desktop,1260,13,0,57.47,0.0
2025-09-03,LinkedIn,LinkedIn - Lead Generation - LA,Lead Generation,LATAM,Desktop,981,7,0,36.56,0.0
2025-07-27,Email,Email - Brand Awareness - No,Brand Awareness,North America,Tablet,1247,31,0,-7.38,0.0
2025-07-12,LinkedIn,LinkedIn - Lead Generation - LA,Lead Generation,LATAM,Mobile,1244,7,0,39.6,0.0
2025-08-26,Instagram,Instagram - Brand Awareness - As,Brand Awareness,Asia Pacific,Desktop,1133,9,0,15.17,0.0
2025-04-15,Instagram,Instagram - Lead Generation - No,Lead Generation,North America,Desktop,250,3,0,4.03,0.0
2025-05-20,Instagram,Instagram - Retargeting - No,Retargeting,North America,Desktop,591,10,0,14.06,0.0
2025-03-05,LinkedIn,LinkedIn - Retargeting - As,Retargeting,Asia Pacific,Desktop,1055,10,0,46.14,0.0
2025-10-31,YouTube,YouTube - Conversion - No,Conversion,North America,Mobile,825,4,0,-1.08,0.0
2025-03-10,Google Ads,Google Ads - Conversion - As,Conversion,Asia Pacific,Mobile,3228,77,1,121.21,178.98
2025-12-23,Facebook,Facebook - Retargeting - LA,Retargeting,LATAM,Desktop,1538,21,1,12.68,90.07
2025-09-01,Google Ads,Google Ads - Retargeting - LA,Retargeting,LATAM,Mobile,1170,34,1,58.11,122.23
2025-10-30,Google Ads,Google Ads - Retargeting - LA,Retargeting,LATAM,Desktop,1424,27,1,51.53,115.04
2025-02-10,LinkedIn,LinkedIn - Retargeting - As,Retargeting,Asia Pacific,Tablet,1441,10,0,44.84,0.0
2025-08-01,LinkedIn,LinkedIn - Lead Generation - Eu,Lead Generation,Europe,Mobile,859,7,0,30.17,0.0
2025-05-18,Google Ads,Google Ads - Lead Generation - Eu,Lead Generation,Europe,Mobile,1720,70,1,117.53,153.96
2025-05-27,Facebook,Facebook - Brand Awareness - LA,Brand Awareness,LATAM,Desktop,1854,33,0,38.5,0.0
2025-01-23,Google Ads,Google Ads - Retargeting - LA,Retargeting,LATAM,Mobile,2181,61,3,134.84,435.74
2025-11-13,YouTube,YouTube - Retargeting - LA,Retargeting,LATAM,Mobile,1301,7,0,-2.54,0.0
2025-11-08,Google Ads,Google Ads - Retargeting - Eu,Retargeting,Europe,Mobile,1831,60,2,100.49,342.78
2026-01-04,YouTube,YouTube - Retargeting - As,Retargeting,Asia Pacific,Mobile,47,0,0,0.0,0.0
2025-04-11,Google Ads,Google Ads - Brand Awareness - LA,Brand Awareness,LATAM,Mobile,2930,77,1,173.14,164.85
2025-05-24,Instagram,Instagram - Conversion - Eu,Conversion,Europe,Mobile,662,8,0,13.63,0.0
2025-03-06,Email,Email - Brand Awareness - As,Brand Awareness,Asia Pacific,Desktop,1338,61,1,-1.86,150.28
2025-08-22,Instagram,Instagram - Brand Awareness - No,Brand Awareness,North America,Desktop,674,5,0,9.69,0.0
2025-11-10,Facebook,Facebook - Conversion - LA,Conversion,LATAM,Desktop,1859,26,0,34.4,0.0
2025-11-14,Google Ads,Google Ads - Lead Generation - As,Lead Generation,Asia Pacific,Desktop,2564,61,1,47.06,148.26
2025-12-02,Instagram,Instagram - Retargeting - Eu,Retargeting,Europe,Mobile,1039,12,0,13.77,0.0
2025-02-22,Google Ads,Google Ads - Conversion - As,Conversion,Asia Pacific,Tablet,2000,30,0,55.66,0.0
2025-09-12,LinkedIn,LinkedIn - Conversion - LA,Conversion,LATAM,Mobile,842,8,0,27.5,0.0
2025-05-25,Google Ads,Google Ads - Retargeting - As,Retargeting,Asia Pacific,Desktop,2427,67,3,127.64,377.27
2025-03-02,Facebook,Facebook - Retargeting - Eu,Retargeting,Europe,Mobile,2288,27,1,33.42,133.25
2025-08-17,Google Ads,Google Ads - Brand Awareness - No,Brand Awareness,North America,Desktop,3064,79,1,170.65,146.83
2025-04-30,Facebook,Facebook - Lead Generation - No,Lead Generation,North America,Desktop,1759,17,0,18.67,0.0
2025-12-17,Google Ads,Google Ads - Retargeting - As,Retargeting,Asia Pacific,Mobile,2062,52,2,142.16,299.44
2025-07-30,Instagram,Instagram - Retargeting - As,Retargeting,Asia Pacific,Mobile,832,7,0,5.21,0.0
2025-03-16,Google Ads,Google Ads - Retargeting - As,Retargeting,Asia Pacific,Mobile,1617,46,1,140.19,161.45
2025-05-12,YouTube,YouTube - Lead Generation - As,Lead Generation,Asia Pacific,Mobile,1347,7,0,4.0,0.0
2025-07-09,Google Ads,Google Ads - Lead Generation - As,Lead Generation,Asia Pacific,Desktop,2080,59,0,104.48,0.0
2025-01-15,YouTube,YouTube - Lead Generation - No,Lead Generation,North America,Desktop,1102,6,0,2.38,0.0
2025-04-03,Facebook,Facebook - Retargeting - LA,Retargeting,LATAM,Desktop,1185,21,1,40.63,129.89
2025-06-24,Facebook,Facebook - Brand Awareness - As,Brand Awareness,Asia Pacific,Desktop,1505,30,0,51.94,0.0
2025-10-10,Instagram,Instagram - Brand Awareness - As,Brand Awareness,Asia Pacific,Desktop,1265,21,0,17.81,0.0
2025-12-13,Google Ads,Google Ads - Retargeting - No,Retargeting,North America,Mobile,1926,39,1,73.58,169.47
2025-06-29,Instagram,Instagram - Conversion - Eu,Conversion,Europe,Mobile,1061,13,0,12.35,0.0
2025-11-23,YouTube,YouTube - Retargeting - LA,Retargeting,LATAM,Desktop,905,4,0,1.84,0.0
2025-03-30,Instagram,Instagram - Brand Awareness - No,Brand Awareness,North America,Desktop,832,9,0,12.21,0.0
2025-01-26,Google Ads,Google Ads - Conversion - As,Conversion,Asia Pacific,Mobile,2121,63,1,110.28,156.79
2025-01-06,Email,Email - Conversion - LA,Conversion,LATAM,Mobile,1035,26,0,-0.14,0.0
2025-08-21,Google Ads,Google Ads - Brand Awareness - Eu,Brand Awareness,Europe,Mobile,1570,35,0,56.52,0.0
2025-12-17,Google Ads,Google Ads - Brand Awareness - No,Brand Awareness,North America,Desktop,804,17,0,31.3,0.0
2025-01-12,YouTube,YouTube - Conversion - As,Conversion,Asia Pacific,Mobile,1007,4,0,1.67,0.0
2025-07-19,Facebook,Facebook - Brand Awareness - As,Brand Awareness,Asia Pacific,Mobile,1950,32,0,53.56,0.0
2025-03-12,Instagram,Instagram - Lead Generation - As,Lead Generation,Asia Pacific,Mobile,982,12,0,14.28,0.0
2025-04-11,Google Ads,Google Ads - Brand Awareness - Eu,Brand Awareness,Europe,Mobile,1182,36,0,83.33,0.0
2025-09-16,Instagram,Instagram - Retargeting - As,Retargeting,Asia Pacific,Desktop,465,7,0,3.81,0.0
2025-01-05,Email,Email - Brand Awareness - As,Brand Awareness,Asia Pacific,Tablet,506,21,0,3.51,0.0
2025-08-26,Google Ads,Google Ads - Lead Generation - No,Lead Generation,North America,Mobile,626,14,0,19.96,0.0
2025-04-03,Instagram,Instagram - Lead Generation - LA,Lead Generation,LATAM,Tablet,1351,16,0,9.39,0.0
2025-10-05,LinkedIn,LinkedIn - Lead Generation - Eu,Lead Generation,Europe,Mobile,1100,11,0,51.43,0.0
2025-04-28,Google Ads,Google Ads - Conversion - No,Conversion,North America,Tablet,2219,64,0,148.08,0.0
2025-06-11,Facebook,Facebook - Brand Awareness - LA,Brand Awareness,LATAM,Desktop,1423,22,0,40.99,0.0
2025-04-20,Google Ads,Google Ads - Lead Generation - LA,Lead Generation,LATAM,Desktop,2605,66,1,85.98,148.8
2025-06-16,Instagram,Instagram - Conversion - No,Conversion,North America,Desktop,1459,22,0,12.95,0.0
2025-10-27,Google Ads,Google Ads - Brand Awareness - LA,Brand Awareness,LATAM,Mobile,2490,85,1,85.5,167.04
2025-04-21,Facebook,Facebook - Brand Awareness - LA,Brand Awareness,LATAM,Mobile,1762,22,0,32.31,0.0
2025-01-17,Google Ads,Google Ads - Conversion - No,Conversion,North America,Mobile,698,19,0,56.1,0.0
2025-11-19,Facebook,Facebook - Retargeting - LA,Retargeting,LATAM,Desktop,2554,33,2,31.05,306.59
2025-12-06,YouTube,YouTube - Conversion - As,Conversion,Asia Pacific,Mobile,916,4,0,2.42,0.0
2025-10-26,Instagram,Instagram - Conversion - Eu,Conversion,Europe,Desktop,1086,14,0,15.48,0.0
2025-11-16,Google Ads,Google Ads - Retargeting - Eu,Retargeting,Europe,Tablet,1792,34,1,75.22,107.61
2025-12-26,Instagram,Instagram - Lead Generation - Eu,Lead Generation,Europe,Desktop,1229,21,0,25.33,0.0
2025-03-07,Instagram,Instagram - Conversion - Eu,Conversion,Europe,Desktop,1028,13,0,25.31,0.0
2025-04-12,Google Ads,Google Ads - Brand Awareness - As,Brand Awareness,Asia Pacific,Tablet,1938,36,0,45.12,0.0
2025-07-03,LinkedIn,LinkedIn - Lead Generation - As,Lead Generation,Asia Pacific,Tablet,1137,12,0,52.24,0.0
2026-01-01,Facebook,Facebook - Conversion - LA,Conversion,LATAM,Tablet,2234,35,0,48.3,0.0
2025-08-24,LinkedIn,LinkedIn - Conversion - LA,Conversion,LATAM,Desktop,1727,14,0,64.26,0.0
2025-03-28,Instagram,Instagram - Brand Awareness - Eu,Brand Awareness,Europe,Tablet,924,14,0,20.37,0.0
2025-02-01,Google Ads,Google Ads - Brand Awareness - As,Brand Awareness,Asia Pacific,Tablet,1158,37,0,55.88,0.0
2025-03-04,LinkedIn,LinkedIn - Retargeting - As,Retargeting,Asia Pacific,Mobile,1504,12,0,58.7,0.0
2025-02-04,Email,Email - Lead Generation - As,Lead Generation,Asia Pacific,Tablet,472,15,0,8.78,0.0
2025-06-15,Email,Email - Brand Awareness - As,Brand Awareness,Asia Pacific,Tablet,-127,-4,0,-0.38,0.0
2025-05-05,Facebook,Facebook - Retargeting - No,Retargeting,North America,Mobile,1405,19,1,29.24,185.49
2025-06-30,LinkedIn,LinkedIn - Brand Awareness - As,Brand Awareness,Asia Pacific,Mobile,1152,12,0,58.63,0.0
2025-07-18,Facebook,Facebook - Retargeting - As,Retargeting,Asia Pacific,Mobile,1250,16,1,26.86,132.69
2025-08-21,Facebook,Facebook - Conversion - As,Conversion,Asia Pacific,Mobile,2732,49,1,92.88,141.24
2025-07-05,Google Ads,Google Ads - Brand Awareness - Eu,Brand Awareness,Europe,Mobile,1791,48,0,73.1,0.0
2025-08-19,Facebook,Facebook - Lead Generation - No,Lead Generation,North America,Mobile,1534,22,0,29.05,0.0
2025-09-10,Facebook,Facebook - Conversion - No,Conversion,North America,Mobile,1801,33,0,66.89,0.0
2025-05-27,Instagram,Instagram - Conversion - Eu,Conversion,Europe,Mobile,943,11,0,8.27,0.0
2025-12-22,Facebook,Facebook - Retargeting - LA,Retargeting,LATAM,Desktop,1358,19,1,19.9,143.75
2025-07-19,Instagram,Instagram - Brand Awareness - LA,Brand Awareness,LATAM,Mobile,1406,16,0,17.38,0.0
2025-05-27,Facebook,Facebook - Brand Awareness - LA,Brand Awareness,LATAM,Mobile,3230,49,1,118.3,140.37
2025-07-25,LinkedIn,LinkedIn - Lead Generation - LA,Lead Generation,LATAM,Mobile,1014,8,0,28.3,0.0
2025-07-18,YouTube,YouTube - Lead Generation - LA,Lead Generation,LATAM,Desktop,1390,6,0,2.79,0.0
2025-01-24,Email,Email - Brand Awareness - No,Brand Awareness,North America,Mobile,747,14,0,-6.55,0.0
2025-12-13,Google Ads,Google Ads - Retargeting - No,Retargeting,North America,Desktop,1494,34,1,85.24,156.77
2025-10-02,YouTube,YouTube - Retargeting - No,Retargeting,North America,Mobile,520,3,0,2.88,0.0
2025-12-10,Email,Email - Conversion - No,Conversion,North America,Mobile,1501,64,1,-25.0,123.75
2025-01-25,LinkedIn,LinkedIn - Lead Generation - As,Lead Generation,Asia Pacific,Desktop,1262,9,0,43.66,0.0
2025-03-17,YouTube,YouTube - Brand Awareness - As,Brand Awareness,Asia Pacific,Desktop,836,2,0,2.24,0.0
2025-10-09,Google Ads,Google Ads - Brand Awareness - LA,Brand Awareness,LATAM,Mobile,2493,55,0,121.91,0.0
2025-07-08,Email,Email - Brand Awareness - No,Brand Awareness,North America,Desktop,1249,41,0,9.26,0.0
2025-04-12,Google Ads,Google Ads - Lead Generation - LA,Lead Generation,LATAM,Desktop,2870,86,1,73.82,143.6
2025-09-26,Instagram,Instagram - Conversion - As,Conversion,Asia Pacific,Desktop,1190,15,0,17.07,0.0
2025-08-09,Facebook,Facebook - Brand Awareness - As,Brand Awareness,Asia Pacific,Mobile,1423,26,0,38.11,0.0
2025-06-16,LinkedIn,LinkedIn - Lead Generation - LA,Lead Generation,LATAM,Mobile,656,6,0,26.88,0.0
2025-06-13,Facebook,Facebook - Lead Generation - No,Lead Generation,North America,Mobile,1858,30,0,36.05,0.0
2025-04-02,YouTube,YouTube - Brand Awareness - No,Brand Awareness,North America,Desktop,1316,6,0,2.86,0.0
2025-08-20,Facebook,Facebook - Lead Generation - As,Lead Generation,Asia Pacific,Mobile,1139,19,0,6.94,0.0
2025-03-06,Facebook,Facebook - Conversion - LA,Conversion,LATAM,Tablet,2080,32,0,42.61,0.0
2025-10-16,Facebook,Facebook - Retargeting - As,Retargeting,Asia Pacific,Desktop,2387,38,1,64.87,157.53
2025-03-31,YouTube,YouTube - Lead Generation - No,Lead Generation,North America,Desktop,902,3,0,-0.32,0.0
2025-09-17,Facebook,Facebook - Retargeting - Eu,Retargeting,Europe,Tablet,1417,24,0,35.84,0.0
2025-08-18,Facebook,Facebook - Lead Generation - As,Lead Generation,Asia Pacific,Mobile,2475,32,0,74.54,0.0
2025-05-30,Instagram,Instagram - Brand Awareness - Eu,Brand Awareness,Europe,Desktop,1237,11,0,12.82,0.0
2025-05-26,Facebook,Facebook - Brand Awareness - As,Brand Awareness,Asia Pacific,Mobile,1594,14,0,31.24,0.0
2025-07-28,Instagram,Instagram - Conversion - Eu,Conversion,Europe,Mobile,980,15,0,16.33,0.0
2025-08-31,LinkedIn,LinkedIn - Retargeting - LA,Retargeting,LATAM,Mobile,1052,5,0,20.79,0.0
2025-10-08,Facebook,Facebook - Lead Generation - As,Lead Generation,Asia Pacific,Mobile,2563,33,0,52.86,0.0
2025-07-05,LinkedIn,LinkedIn - Conversion - As,Conversion,Asia Pacific,Mobile,242,1,0,4.86,0.0
2025-09-02,Facebook,Facebook - Brand Awareness - Eu,Brand Awareness,Europe,Desktop,2533,34,0,44.1,0.0
2025-02-02,LinkedIn,LinkedIn - Conversion - As,Conversion,Asia Pacific,Desktop,360,3,0,14.88,0.0
2025-09-22,Google Ads,Google Ads - Lead Generation - LA,Lead Generation,LATAM,Desktop,3004,53,1,124.55,188.35
2025-12-24,Google Ads,Google Ads - Conversion - As,Conversion,Asia Pacific,Tablet,1373,35,1,69.75,123.56
2025-10-01,Google Ads,Google Ads - Retargeting - Eu,Retargeting,Europe,Mobile,1719,54,2,100.93,159.84
2025-06-09,Facebook,Facebook - Retargeting - As,Retargeting,Asia Pacific,Mobile,2511,26,0,18.06,0.0
2025-05-13,Instagram,Instagram - Retargeting - As,Retargeting,Asia Pacific,Tablet,1024,15,0,24.5,0.0
2025-07-25,Instagram,Instagram - Retargeting - LA,Retargeting,LATAM,Tablet,1169,10,0,11.39,0.0
2025-09-01,YouTube,YouTube - Retargeting - Eu,Retargeting,Europe,Mobile,644,3,0,2.24,0.0
2025-01-11,Google Ads,Google Ads - Lead Generation - No,Lead Generation,North America,Mobile,2021,46,0,71.32,0.0
2025-02-06,YouTube,YouTube - Lead Generation - Eu,Lead Generation,Europe,Mobile,579,1,0,-0.13,0.0
2025-06-16,Instagram,Instagram - Conversion - Eu,Conversion,Europe,Desktop,892,13,0,17.87,0.0
2025-06-05,Instagram,Instagram - Lead Generation - Eu,Lead Generation,Europe,Desktop,947,10,0,15.59,0.0
2025-10-23,Facebook,Facebook - Lead Generation - No,Lead Generation,North America,Desktop,1931,28,0,36.56,0.0
2025-12-05,Google Ads,Google Ads - Retargeting - No,Retargeting,North America,Mobile,2622,75,3,176.12,358.52
2025-10-15,YouTube,YouTube - Conversion - LA,Conversion,LATAM,Desktop,1434,5,0,3.11,0.0
2025-09-05,Instagram,Instagram - Lead Generation - Eu,Lead Generation,Europe,Desktop,659,11,0,7.46,0.0
2025-03-20,Google Ads,Google Ads - Conversion - As,Conversion,Asia Pacific,Mobile,2674,64,1,86.04,123.88
2025-07-25,YouTube,YouTube - Lead Generation - Eu,Lead Generation,Europe,Desktop,900,3,0,0.85,0.0
2025-02-23,Instagram,Instagram - Lead Generation - As,Lead Generation,Asia Pacific,Desktop,738,8,0,11.15,0.0
2025-11-04,LinkedIn,LinkedIn - Brand Awareness - As,Brand Awareness,Asia Pacific,Desktop,826,4,0,19.16,0.0
2025-03-25,Facebook,Facebook - Retargeting - Eu,Retargeting,Europe,Mobile,3514,56,1,68.8,92.03
2025-11-30,Facebook,Facebook - Conversion - LA,Conversion,LATAM,Tablet,1802,41,0,47.74,0.0
2025-08-15,Google Ads,Google Ads - Retargeting - LA,Retargeting,LATAM,Mobile,1719,52,3,90.03,520.18
2025-09-03,Google Ads,Google Ads - Retargeting - As,Retargeting,Asia Pacific,Desktop,2162,45,2,98.34,427.94
2025-08-18,YouTube,YouTube - Lead Generation - LA,Lead Generation,LATAM,Mobile,959,6,0,0.68,0.0
2025-03-17,Google Ads,Google Ads - Brand Awareness - No,Brand Awareness,North America,Mobile,796,11,0,28.71,0.0
2025-12-21,Instagram,Instagram - Brand Awareness - No,Brand Awareness,North America,Mobile,917,11,0,9.22,0.0
2025-08-24,Google Ads,Google Ads - Brand Awareness - As,Brand Awareness,Asia Pacific,Mobile,2507,55,0,118.54,0.0
2025-09-26,Facebook,Facebook - Brand Awareness - Eu,Brand Awareness,Europe,Desktop,2524,33,0,64.04,0.0
2025-04-28,Google Ads,Google Ads - Conversion - LA,Conversion,LATAM,Desktop,2421,63,1,140.27,142.01
2025-10-23,LinkedIn,LinkedIn - Conversion - Eu,Conversion,Europe,Tablet,1301,8,0,46.16,0.0
2025-09-26,Google Ads,Google Ads - Retargeting - As,Retargeting,Asia Pacific,Mobile,2883,71,4,119.66,563.36
2025-07-25,Instagram,Instagram - Retargeting - As,Retargeting,Asia Pacific,Tablet,1017,14,0,12.51,0.0
2025-02-19,Facebook,Facebook - Conversion - No,Conversion,North America,Tablet,1486,26,0,64.52,0.0
2025-12-14,LinkedIn,LinkedIn - Retargeting - As,Retargeting,Asia Pacific,Desktop,1196,11,0,52.84,0.0
2025-11-10,Email,Email - Brand Awareness - No,Brand Awareness,North America,Mobile,574,15,0,-7.77,0.0
2025-08-27,Facebook,Facebook - Brand Awareness - Eu,Brand Awareness,Europe,Desktop,1647,19,0,32.63,0.0
2025-11-12,Google Ads,Google Ads - Lead Generation - As,Lead Generation,Asia Pacific,Desktop,2489,66,1,162.52,188.32
2025-04-16,Instagram,Instagram - Lead Generation - Eu,Lead Generation,Europe,Mobile,1547,20,0,21.55,0.0
2025-04-26,Instagram,Instagram - Conversion - Eu,Conversion,Europe,Desktop,1247,11,0,11.19,0.0
2025-08-20,Google Ads,Google Ads - Conversion - Eu,Conversion,Europe,Mobile,1341,37,0,30.85,0.0
2025-09-23,Facebook,Facebook - Retargeting - No,Retargeting,North America,Mobile,2842,49,2,93.12,245.48
2025-09-08,Email,Email - Brand Awareness - No,Brand Awareness,North America,Mobile,805,22,0,0.03,0.0
2025-10-17,Facebook,Facebook - Brand Awareness - Eu,Brand Awareness,Europe,Mobile,2340,33,0,77.59,0.0
2025-01-13,Instagram,Instagram - Conversion - As,Conversion,Asia Pacific,Mobile,1203,13,0,17.61,0.0
2025-01-17,YouTube,YouTube - Retargeting - LA,Retargeting,LATAM,Mobile,1096,5,0,1.92,0.0
2025-10-14,Google Ads,Google Ads - Lead Generation - As,Lead Generation,Asia Pacific,Desktop,2000,46,0,96.75,0.0
2025-05-30,Instagram,Instagram - Brand Awareness - Eu,Brand Awareness,Europe,Mobile,1212,18,0,33.62,0.0
2025-01-14,Google Ads,Google Ads - Conversion - No,Conversion,North America,Desktop,2686,68,1,108.14,132.4
2025-10-13,Facebook,Facebook - Lead Generation - LA,Lead Generation,LATAM,Mobile,2058,45,0,55.78,0.0
2025-11-20,Instagram,Instagram - Brand Awareness - As,Brand Awareness,Asia Pacific,Mobile,1135,14,0,31.17,0.0
2025-10-07,Instagram,Instagram - Conversion - LA,Conversion,LATAM,Mobile,1366,22,0,29.13,0.0
2025-04-19,Google Ads,Google Ads - Brand Awareness - LA,Brand Awareness,LATAM,Mobile,1807,39,0,79.66,0.0
2025-01-15,Google Ads,Google Ads - Brand Awareness - No,Brand Awareness,North America,Mobile,1836,46,0,86.18,0.0
2025-05-15,YouTube,YouTube - Retargeting - As,Retargeting,Asia Pacific,Mobile,663,3,0,-0.3,0.0
2025-12-06,Instagram,Instagram - Brand Awareness - As,Brand Awareness,Asia Pacific,Desktop,879,7,0,6.96,0.0
2025-01-07,Google Ads,Google Ads - Lead Generation - As,Lead Generation,Asia Pacific,Desktop,2438,45,1,99.65,166.67
2025-02-04,Facebook,Facebook - Retargeting - LA,Retargeting,LATAM,Desktop,1462,20,1,45.26,173.03
2025-08-06,Google Ads,Google Ads - Lead Generation - LA,Lead Generation,LATAM,Tablet,1473,31,0,42.23,0.0
2025-08-08,LinkedIn,LinkedIn - Conversion - Eu,Conversion,Europe,Mobile,1147,7,0,27.78,0.0
2025-02-10,YouTube,YouTube - Conversion - As,Conversion,Asia Pacific,Mobile,1494,7,0,0.6,0.0
2025-05-10,Facebook,Facebook - Brand Awareness - No,Brand Awareness,North America,Desktop,1391,19,0,14.21,0.0
2025-10-18,Facebook,Facebook - Conversion - Eu,Conversion,Europe,Desktop,1745,25,0,37.36,0.0
2025-11-04,Facebook,Facebook - Retargeting - Eu,Retargeting,Europe,Tablet,2137,28,1,40.34,181.88
2025-03-07,LinkedIn,LinkedIn - Lead Generation - LA,Lead Generation,LATAM,Tablet,1000,7,0,29.57,0.0
2025-12-19,Instagram,Instagram - Conversion - Eu,Conversion,Europe,Mobile,1196,16,0,16.15,0.0
2025-05-17,Instagram,Instagram - Retargeting - Eu,Retargeting,Europe,Desktop,936,10,0,7.62,0.0
2025-06-13,Facebook,Facebook - Retargeting - Eu,Retargeting,Europe,Mobile,1644,22,1,43.35,96.52
2025-06-09,Instagram,Instagram - Brand Awareness - As,Brand Awareness,Asia Pacific,Desktop,1157,15,0,6.79,0.0
2025-02-28,Email,Email - Brand Awareness - LA,Brand Awareness,LATAM,Mobile,997,22,0,-2.21,0.0
2025-03-27,Instagram,Instagram - Retargeting - No,Retargeting,North America,Mobile,948,13,0,5.34,0.0
2025-02-11,Facebook,Facebook - Lead Generation - Eu,Lead Generation,Europe,Tablet,1616,23,0,24.26,0.0
2025-09-20,Google Ads,Google Ads - Lead Generation - LA,Lead Generation,LATAM,Mobile,1580,39,1,83.28,101.8
2025-12-27,Google Ads,Google Ads - Brand Awareness - LA,Brand Awareness,LATAM,Mobile,2303,41,0,45.01,0.0
2025-07-21,LinkedIn,LinkedIn - Conversion - Eu,Conversion,Europe,Desktop,1375,10,0,43.27,0.0
2025-06-30,Email,Email - Brand Awareness - No,Brand Awareness,North America,Desktop,1109,26,0,4.99,0.0
2025-09-20,Facebook,Facebook - Brand Awareness - Eu,Brand Awareness,Europe,Desktop,2612,54,1,93.38,172.29
2025-04-15,Email,Email - Brand Awareness - As,Brand Awareness,Asia Pacific,Mobile,728,21,0,-2.87,0.0
2025-02-19,Google Ads,Google Ads - Conversion - No,Conversion,North America,Mobile,1128,25,0,63.78,0.0
2025-04-18,Instagram,Instagram - Brand Awareness - As,Brand Awareness,Asia Pacific,Desktop,733,10,0,14.73,0.0
2025-02-27,Email,Email - Retargeting - As,Retargeting,Asia Pacific,Mobile,1103,36,1,-12.97,114.45
2025-03-14,Instagram,Instagram - Retargeting - As,Retargeting,Asia Pacific,Tablet,1064,13,0,20.6,0.0
2025-02-11,Instagram,Instagram - Lead Generation - No,Lead Generation,North America,Mobile,1329,14,0,14.07,0.0
2025-02-14,Google Ads,Google Ads - Conversion - Eu,Conversion,Europe,Mobile,2296,63,0,122.43,0.0
2025-11-15,Google Ads,Google Ads - Brand Awareness - As,Brand Awareness,Asia Pacific,Tablet,1465,34,0,48.28,0.0
2025-02-15,Google Ads,Google Ads - Lead Generation - LA,Lead Generation,LATAM,Desktop,2911,90,1,101.8,135.03
2025-03-07,LinkedIn,LinkedIn - Retargeting - As,Retargeting,Asia Pacific,Desktop,1016,7,0,24.4,0.0
2025-02-28,Facebook,Facebook - Retargeting - LA,Retargeting,LATAM,Mobile,1330,10,0,14.6,0.0
2025-09-01,Email,Email - Brand Awareness - No,Brand Awareness,North America,Mobile,951,29,0,28.87,0.0
2025-04-04,Instagram,Instagram - Lead Generation - As,Lead Generation,Asia Pacific,Tablet,1090,12,0,26.03,0.0
2025-08-17,Facebook,Facebook - Brand Awareness - Eu,Brand Awareness,Europe,Mobile,1423,21,0,41.95,0.0
2025-04-19,Facebook,Facebook - Lead Generation - Eu,Lead Generation,Europe,Tablet,1816,22,0,26.53,0.0
2025-04-01,Google Ads,Google Ads - Brand Awareness - Eu,Brand Awareness,Europe,Desktop,1441,32,0,74.2,0.0
2025-09-14,Instagram,Instagram - Retargeting - No,Retargeting,North America,Mobile,892,11,0,17.27,0.0
2025-01-21,Facebook,Facebook - Lead Generation - As,Lead Generation,Asia Pacific,Tablet,955,13,0,14.14,0.0
2025-11-03,Google Ads,Google Ads - Lead Generation - As,Lead Generation,Asia Pacific,Mobile,1838,52,1,109.7,195.54
2025-12-01,Google Ads,Google Ads - Conversion - As,Conversion,Asia Pacific,Desktop,1562,44,1,63.32,155.7
2025-03-02,Facebook,Facebook - Conversion - LA,Conversion,LATAM,Mobile,1960,30,0,45.21,0.0
2025-12-13,Google Ads,Google Ads - Retargeting - Eu,Retargeting,Europe,Desktop,1839,34,1,65.73,144.66
2025-01-07,Google Ads,Google Ads - Lead Generation - Eu,Lead Generation,Europe,Mobile,1033,20,0,44.49,0.0
2025-10-18,Google Ads,Google Ads - Retargeting - Eu,Retargeting,Europe,Desktop,2105,47,1,84.16,136.79
2025-05-06,Instagram,Instagram - Lead Generation - No,Lead Generation,North America,Mobile,1255,13,0,7.56,0.0
2025-03-31,Instagram,Instagram - Retargeting - No,Retargeting,North America,Mobile,1030,12,0,2.89,0.0
2025-04-16,Facebook,Facebook - Retargeting - No,Retargeting,North America,Desktop,2159,35,1,68.94,129.86
2025-03-14,LinkedIn,LinkedIn - Retargeting - No,Retargeting,North America,Desktop,781,6,0,29.33,0.0
2025-02-05,Instagram,Instagram - Lead Generation - No,Lead Generation,North America,Tablet,1221,20,0,42.14,0.0
2025-10-07,Facebook,Facebook - Brand Awareness - LA,Brand Awareness,LATAM,Desktop,1784,25,0,60.78,0.0
2025-03-09,Facebook,Facebook - Brand Awareness - LA,Brand Awareness,LATAM,Mobile,2197,14,0,14.62,0.0
2025-09-13,YouTube,YouTube - Brand Awareness - As,Brand Awareness,Asia Pacific,Tablet,1072,5,0,0.96,0.0
2025-04-22,Facebook,Facebook - Conversion - Eu,Conversion,Europe,Mobile,2441,38,0,36.5,0.0
2025-11-21,Google Ads,Google Ads - Retargeting - LA,Retargeting,LATAM,Mobile,1986,52,2,118.36,297.7
2025-06-30,Google Ads,Google Ads - Brand Awareness - As,Brand Awareness,Asia Pacific,Tablet,1864,50,1,103.02,130.83
2025-11-06,Facebook,Facebook - Lead Generation - As,Lead Generation,Asia Pacific,Desktop,1944,27,0,36.34,0.0
2025-06-14,LinkedIn,LinkedIn - Retargeting - As,Retargeting,Asia Pacific,Mobile,881,5,0,21.35,0.0
2025-02-14,LinkedIn,LinkedIn - Brand Awareness - As,Brand Awareness,Asia Pacific,Mobile,1193,14,0,63.33,0.0
2025-01-10,Instagram,Instagram - Conversion - Eu,Conversion,Europe,Desktop,1391,15,0,-3.45,0.0
2025-06-02,YouTube,YouTube - Conversion - Eu,Conversion,Europe,Mobile,619,2,0,2.1,0.0
2025-05-29,YouTube,YouTube - Retargeting - As,Retargeting,Asia Pacific,Desktop,764,4,0,-2.04,0.0
2025-01-05,Email,Email - Retargeting - LA,Retargeting,LATAM,Mobile,213,6,0,0.99,0.0
2025-04-28,Google Ads,Google Ads - Retargeting - No,Retargeting,North America,Mobile,1729,54,3,135.94,554.04
2025-06-18,Instagram,Instagram - Retargeting - Eu,Retargeting,Europe,Mobile,824,10,0,10.53,0.0
2025-11-23,Facebook,Facebook - Brand Awareness - As,Brand Awareness,Asia Pacific,Desktop,2487,25,0,47.13,0.0
2025-11-04,Facebook,Facebook - Retargeting - As,Retargeting,Asia Pacific,Desktop,1503,15,0,25.91,0.0
2025-07-10,LinkedIn,LinkedIn - Lead Generation - Eu,Lead Generation,Europe,Mobile,823,5,0,20.81,0.0
2025-07-10,Email,Email - Conversion - As,Conversion,Asia Pacific,Mobile,892,20,0,-0.89,0.0
2025-11-13,Facebook,Facebook - Lead Generation - As,Lead Generation,Asia Pacific,Mobile,1528,29,0,33.07,0.0
2025-01-08,Instagram,Instagram - Retargeting - As,Retargeting,Asia Pacific,Mobile,897,10,0,17.06,0.0
2025-08-19,Google Ads,Google Ads - Conversion - As,Conversion,Asia Pacific,Desktop,3406,79,1,112.11,122.26
2025-09-29,Email,Email - Lead Generation - LA,Lead Generation,LATAM,Desktop,1346,44,0,30.56,0.0
2025-12-12,Instagram,Instagram - Lead Generation - No,Lead Generation,North America,Mobile,813,12,0,2.34,0.0
2025-12-20,Facebook,Facebook - Brand Awareness - As,Brand Awareness,Asia Pacific,Mobile,2714,29,0,45.58,0.0
2025-05-27,YouTube,YouTube - Lead Generation - Eu,Lead Generation,Europe,Desktop,1249,4,0,1.07,0.0
2025-08-18,Instagram,Instagram - Brand Awareness - No,Brand Awareness,North America,Mobile,477,5,0,2.62,0.0
2025-01-31,Instagram,Instagram - Lead Generation - As,Lead Generation,Asia Pacific,Mobile,725,10,0,7.99,0.0
2025-10-03,Google Ads,Google Ads - Retargeting - As,Retargeting,Asia Pacific,Tablet,1373,41,1,67.48,108.57
2025-06-06,Google Ads,Google Ads - Brand Awareness - LA,Brand Awareness,LATAM,Mobile,1753,25,0,30.41,0.0
2025-10-23,Instagram,Instagram - Lead Generation - LA,Lead Generation,LATAM,Mobile,1525,20,0,32.25,0.0
2025-11-23,YouTube,YouTube - Retargeting - Eu,Retargeting,Europe,Desktop,1246,8,0,-2.62,0.0
2025-03-02,Facebook,Facebook - Lead Generation - As,Lead Generation,Asia Pacific,Mobile,1938,32,0,53.85,0.0
2025-04-05,Google Ads,Google Ads - Conversion - LA,Conversion,LATAM,Desktop,2171,43,0,65.67,0.0
2025-10-03,YouTube,YouTube - Brand Awareness - As,Brand Awareness,Asia Pacific,Desktop,1748,8,0,5.59,0.0
2025-08-20,Facebook,Facebook - Conversion - As,Conversion,Asia Pacific,Mobile,3136,50,1,60.52,136.27
2025-11-15,Instagram,Instagram - Lead Generation - As,Lead Generation,Asia Pacific,Mobile,1306,20,0,30.92,0.0
2025-01-27,Google Ads,Google Ads - Lead Generation - LA,Lead Generation,LATAM,Mobile,2033,57,1,93.61,156.52
2025-10-05,Facebook,Facebook - Brand Awareness - As,Brand Awareness,Asia Pacific,Desktop,2300,39,1,34.4,119.47
2025-10-15,Facebook,Facebook - Retargeting - As,Retargeting,Asia Pacific,Desktop,2125,30,2,36.16,314.05
2025-10-01,Facebook,Facebook - Retargeting - No,Retargeting,North America,Desktop,2288,25,1,55.29,152.15
2025-01-19,Instagram,Instagram - Retargeting - Eu,Retargeting,Europe,Tablet,1797,17,0,16.0,0.0
2025-06-03,Instagram,Instagram - Conversion - As,Conversion,Asia Pacific,Desktop,967,14,0,26.82,0.0
2025-06-25,Instagram,Instagram - Conversion - Eu,Conversion,Europe,Desktop,721,8,0,14.59,0.0
2025-01-22,Instagram,Instagram - Conversion - As,Conversion,Asia Pacific,Mobile,932,13,0,17.31,0.0
2025-02-16,LinkedIn,LinkedIn - Conversion - No,Conversion,North America,Desktop,594,5,0,25.11,0.0
2025-08-24,Google Ads,Google Ads - Brand Awareness - No,Brand Awareness,North America,Mobile,1526,46,1,116.29,93.73
2025-03-04,YouTube,YouTube - Conversion - No,Conversion,North America,Desktop,1333,3,0,2.56,0.0
2025-07-03,Email,Email - Brand Awareness - As,Brand Awareness,Asia Pacific,Mobile,734,24,0,-8.56,0.0
2025-06-16,YouTube,YouTube - Retargeting - As,Retargeting,Asia Pacific,Desktop,1102,5,0,3.01,0.0
2025-09-27,Instagram,Instagram - Conversion - LA,Conversion,LATAM,Mobile,1796,22,0,20.33,0.0
2025-06-09,Instagram,Instagram - Conversion - As,Conversion,Asia Pacific,Desktop,722,8,0,11.65,0.0
2025-05-21,Google Ads,Google Ads - Conversion - No,Conversion,North America,Desktop,3119,78,1,148.39,169.88
2025-04-12,LinkedIn,LinkedIn - Brand Awareness - LA,Brand Awareness,LATAM,Desktop,1310,15,0,68.0,0.0
2025-05-16,Facebook,Facebook - Conversion - As,Conversion,Asia Pacific,Mobile,1619,19,0,26.52,0.0
2025-08-01,Instagram,Instagram - Conversion - No,Conversion,North America,Mobile,1118,13,0,12.06,0.0
2025-04-17,Instagram,Instagram - Brand Awareness - LA,Brand Awareness,LATAM,Tablet,1271,14,0,17.37,0.0
2025-06-04,Instagram,Instagram - Retargeting - As,Retargeting,Asia Pacific,Desktop,824,11,0,10.94,0.0
2025-05-27,Facebook,Facebook - Conversion - As,Conversion,Asia Pacific,Desktop,2355,40,0,106.68,0.0
2025-10-13,Email,Email - Lead Generation - No,Lead Generation,North America,Desktop,980,31,0,21.7,0.0
2025-12-24,Instagram,Instagram - Lead Generation - No,Lead Generation,North America,Desktop,765,8,0,6.7,0.0
2025-01-25,Google Ads,Google Ads - Brand Awareness - LA,Brand Awareness,LATAM,Mobile,1894,41,0,67.7,0.0
2025-10-22,Google Ads,Google Ads - Lead Generation - As,Lead Generation,Asia Pacific,Desktop,1676,55,1,107.38,165.3
2025-07-24,Facebook,Facebook - Conversion - As,Conversion,Asia Pacific,Mobile,2742,27,0,48.16,0.0
2025-01-31,Facebook,Facebook - Lead Generation - LA,Lead Generation,LATAM,Mobile,2354,44,0,92.51,0.0
2025-09-11,Facebook,Facebook - Brand Awareness - Eu,Brand Awareness,Europe,Tablet,2234,33,0,42.41,0.0
2025-07-29,Facebook,Facebook - Brand Awareness - Eu,Brand Awareness,Europe,Desktop,1201,25,0,24.5,0.0
2025-02-05,LinkedIn,LinkedIn - Conversion - No,Conversion,North America,Mobile,1218,9,0,37.94,0.0
2025-07-24,Facebook,Facebook - Conversion - Eu,Conversion,Europe,Mobile,2680,45,0,64.51,0.0
2025-06-09,Instagram,Instagram - Lead Generation - As,Lead Generation,Asia Pacific,Mobile,1235,10,0,14.13,0.0
2025-05-22,Google Ads,Google Ads - Retargeting - Eu,Retargeting,Europe,Mobile,2340,70,3,174.18,266.54
2025-06-22,Instagram,Instagram - Conversion - No,Conversion,North America,Mobile,683,11,0,6.94,0.0
2025-01-08,Google Ads,Google Ads - Retargeting - As,Retargeting,Asia Pacific,Mobile,1827,28,1,49.87,167.33
2025-02-13,LinkedIn,LinkedIn - Retargeting - Eu,Retargeting,Europe,Mobile,1325,10,0,46.46,0.0
2025-03-16,Facebook,Facebook - Conversion - No,Conversion,North America,Mobile,1448,24,0,31.73,0.0
2025-09-25,Facebook,Facebook - Lead Generation - LA,Lead Generation,LATAM,Mobile,1200,14,0,26.25,0.0
2025-06-21,LinkedIn,LinkedIn - Brand Awareness - LA,Brand Awareness,LATAM,Desktop,880,6,0,27.26,0.0
2025-08-29,Instagram,Instagram - Retargeting - As,Retargeting,Asia Pacific,Desktop,748,10,0,9.21,0.0
2025-10-24,YouTube,YouTube - Retargeting - Eu,Retargeting,Europe,Desktop,1432,7,0,6.3,0.0
2025-01-07,Email,Email - Conversion - LA,Conversion,LATAM,Mobile,1010,38,0,45.19,0.0
2025-02-15,Google Ads,Google Ads - Retargeting - No,Retargeting,North America,Mobile,1748,37,2,47.86,267.01
2025-08-04,Google Ads,Google Ads - Lead Generation - Eu,Lead Generation,Europe,Desktop,1968,38,1,81.21,171.89
2025-12-10,Instagram,Instagram - Lead Generation - As,Lead Generation,Asia Pacific,Mobile,760,10,0,16.79,0.0
2025-06-01,Google Ads,Google Ads - Conversion - No,Conversion,North America,Mobile,1266,22,0,63.6,0.0
2025-07-12,Facebook,Facebook - Lead Generation - As,Lead Generation,Asia Pacific,Tablet,1910,23,0,21.97,0.0
2025-10-07,Email,Email - Lead Generation - LA,Lead Generation,LATAM,Desktop,1174,42,0,36.32,0.0
2025-07-22,Facebook,Facebook - Brand Awareness - LA,Brand Awareness,LATAM,Mobile,2060,33,0,44.34,0.0
2025-04-15,Instagram,Instagram - Conversion - Eu,Conversion,Europe,Mobile,1280,9,0,13.69,0.0
2025-09-19,Facebook,Facebook - Lead Generation - LA,Lead Generation,LATAM,Mobile,1420,18,0,16.18,0.0
2025-09-02,Instagram,Instagram - Conversion - No,Conversion,North America,Mobile,986,9,0,6.64,0.0
2025-04-28,LinkedIn,LinkedIn - Retargeting - Eu,Retargeting,Europe,Mobile,757,5,0,29.76,0.0
2025-03-03,Facebook,Facebook - Lead Generation - As,Lead Generation,Asia Pacific,Mobile,1865,27,0,29.78,0.0
2025-02-17,LinkedIn,LinkedIn - Conversion - Eu,Conversion,Europe,Desktop,1410,11,0,49.81,0.0
2025-04-21,Google Ads,Google Ads - Brand Awareness - As,Brand Awareness,Asia Pacific,Mobile,2808,76,2,88.8,310.48
2025-02-03,Instagram,Instagram - Lead Generation - As,Lead Generation,Asia Pacific,Desktop,1181,15,0,32.17,0.0
2025-02-16,Facebook,Facebook - Brand Awareness - LA,Brand Awareness,LATAM,Desktop,865,12,0,17.98,0.0
2025-09-27,Instagram,Instagram - Conversion - No,Conversion,North America,Mobile,1132,8,0,2.46,0.0
2025-10-29,Instagram,Instagram - Conversion - Eu,Conversion,Europe,Mobile,992,14,0,10.1,0.0
2025-02-03,Google Ads,Google Ads - Lead Generation - LA,Lead Generation,LATAM,Desktop,1209,33,0,94.93,0.0
2025-05-30,LinkedIn,LinkedIn - Retargeting - No,Retargeting,North America,Desktop,930,7,0,30.13,0.0
2025-05-08,Facebook,Facebook - Retargeting - LA,Retargeting,LATAM,Desktop,2377,24,1,41.71,249.03
2025-03-07,LinkedIn,LinkedIn - Lead Generation - LA,Lead Generation,LATAM,Mobile,1624,10,0,46.46,0.0
2025-11-11,LinkedIn,LinkedIn - Retargeting - No,Retargeting,North America,Desktop,1277,8,0,37.53,0.0
2025-05-11,Google Ads,Google Ads - Brand Awareness - As,Brand Awareness,Asia Pacific,Desktop,1614,45,0,51.54,0.0
2025-02-25,Google Ads,Google Ads - Brand Awareness - Eu,Brand Awareness,Europe,Mobile,2429,71,1,157.43,129.43
2025-12-27,Facebook,Facebook - Retargeting - As,Retargeting,Asia Pacific,Desktop,1106,11,0,10.03,0.0
2025-09-18,Google Ads,Google Ads - Retargeting - As,Retargeting,Asia Pacific,Desktop,1164,36,1,64.75,117.8
2025-06-16,Google Ads,Google Ads - Lead Generation - As,Lead Generation,Asia Pacific,Desktop,2172,62,1,110.25,191.03
2025-12-12,Facebook,Facebook - Brand Awareness - As,Brand Awareness,Asia Pacific,Mobile,2279,24,0,40.9,0.0
2025-06-23,Google Ads,Google Ads - Brand Awareness - Eu,Brand Awareness,Europe,Mobile,3151,77,1,125.82,112.73
2025-02-15,Instagram,Instagram - Conversion - No,Conversion,North America,Mobile,698,4,0,5.54,0.0
2025-02-11,Facebook,Facebook - Brand Awareness - No,Brand Awareness,North America,Tablet,2685,43,0,10.23,0.0
2025-02-05,Instagram,Instagram - Retargeting - LA,Retargeting,LATAM,Desktop,1190,15,0,13.92,0.0
2025-02-06,Facebook,Facebook - Conversion - No,Conversion,North America,Desktop,2085,39,0,72.53,0.0
2025-06-06,Instagram,Instagram - Brand Awareness - Eu,Brand Awareness,Europe,Mobile,876,9,0,11.58,0.0
2025-12-01,Email,Email - Conversion - As,Conversion,Asia Pacific,Tablet,776,22,0,9.96,0.0
2025-07-26,Instagram,Instagram - Retargeting - LA,Retargeting,LATAM,Mobile,1099,14,0,9.23,0.0
2025-02-07,Instagram,Instagram - Brand Awareness - As,Brand Awareness,Asia Pacific,Mobile,1190,18,0,19.69,0.0
2025-08-02,Facebook,Facebook - Conversion - LA,Conversion,LATAM,Mobile,2066,20,0,25.32,0.0
2025-01-21,Instagram,Instagram - Lead Generation - LA,Lead Generation,LATAM,Mobile,989,15,0,32.58,0.0
2025-01-12,Facebook,Facebook - Lead Generation - Eu,Lead Generation,Europe,Tablet,1176,20,0,14.96,0.0
2025-11-05,Facebook,Facebook - Lead Generation - LA,Lead Generation,LATAM,Desktop,751,10,0,19.94,0.0
2025-12-07,Google Ads,Google Ads - Conversion - No,Conversion,North America,Tablet,2408,71,1,96.24,116.11
2025-08-24,Facebook,Facebook - Brand Awareness - As,Brand Awareness,Asia Pacific,Tablet,3042,48,0,79.79,0.0
2025-06-13,LinkedIn,LinkedIn - Lead Generation - LA,Lead Generation,LATAM,Desktop,1348,10,0,50.88,0.0
2025-05-11,LinkedIn,LinkedIn - Brand Awareness - LA,Brand Awareness,LATAM,Desktop,736,7,0,34.15,0.0
2025-01-18,Facebook,Facebook - Retargeting - LA,Retargeting,LATAM,Desktop,2431,38,2,69.8,244.34
2025-07-25,Google Ads,Google Ads - Lead Generation - Eu,Lead Generation,Europe,Mobile,2115,54,1,45.53,150.62
2025-08-05,Google Ads,Google Ads - Brand Awareness - No,Brand Awareness,North America,Desktop,2363,54,1,106.27,183.64
2025-10-23,Google Ads,Google Ads - Conversion - As,Conversion,Asia Pacific,Desktop,1707,42,0,82.93,0.0
2025-03-02,LinkedIn,LinkedIn - Conversion - LA,Conversion,LATAM,Desktop,580,5,0,26.85,0.0
2025-04-16,LinkedIn,LinkedIn - Lead Generation - LA,Lead Generation,LATAM,Mobile,935,7,0,21.31,0.0
2025-04-22,Email,Email - Conversion - LA,Conversion,LATAM,Mobile,955,21,0,12.84,0.0
2025-05-22,LinkedIn,LinkedIn - Lead Generation - As,Lead Generation,Asia Pacific,Mobile,1009,4,0,16.2,0.0
2025-01-11,Google Ads,Google Ads - Conversion - LA,Conversion,LATAM,Desktop,1745,38,0,76.61,0.0
2025-07-13,YouTube,YouTube - Conversion - As,Conversion,Asia Pacific,Mobile,787,3,0,6.43,0.0
2025-07-28,Google Ads,Google Ads - Retargeting - No,Retargeting,North America,Desktop,2315,70,3,172.35,541.04
2025-11-26,LinkedIn,LinkedIn - Conversion - Eu,Conversion,Europe,Mobile,1073,7,0,31.86,0.0
2025-09-02,Google Ads,Google Ads - Retargeting - No,Retargeting,North America,Mobile,2314,54,2,103.17,241.76
2025-11-15,Google Ads,Google Ads - Retargeting - As,Retargeting,Asia Pacific,Mobile,2156,40,2,92.09,291.68
2025-12-17,Email,Email - Retargeting - As,Retargeting,Asia Pacific,Mobile,1128,29,1,18.96,121.89
2025-03-12,Google Ads,Google Ads - Conversion - As,Conversion,Asia Pacific,Mobile,1202,28,0,50.77,0.0
2025-04-06,YouTube,YouTube - Brand Awareness - No,Brand Awareness,North America,Mobile,911,3,0,1.26,0.0
2025-05-08,Google Ads,Google Ads - Retargeting - Eu,Retargeting,Europe,Mobile,1364,28,0,50.16,0.0
2025-11-27,Google Ads,Google Ads - Brand Awareness - LA,Brand Awareness,LATAM,Mobile,2130,53,0,127.16,0.0
2025-11-15,Google Ads,Google Ads - Lead Generation - No,Lead Generation,North America,Mobile,854,23,0,40.0,0.0
2025-09-27,LinkedIn,LinkedIn - Retargeting - As,Retargeting,Asia Pacific,Mobile,940,8,0,32.3,0.0
2025-11-11,Google Ads,Google Ads - Lead Generation - No,Lead Generation,North America,Desktop,2345,63,0,88.34,0.0
2025-02-08,Facebook,Facebook - Brand Awareness - LA,Brand Awareness,LATAM,Mobile,2171,27,0,27.82,0.0
2025-06-02,Email,Email - Retargeting - Eu,Retargeting,Europe,Mobile,1283,40,1,0.36,159.32
2025-06-23,Email,Email - Lead Generation - Eu,Lead Generation,Europe,Mobile,567,16,0,9.55,0.0
2025-02-22,Facebook,Facebook - Brand Awareness - As,Brand Awareness,Asia Pacific,Desktop,1785,26,0,52.33,0.0
2025-06-22,Google Ads,Google Ads - Brand Awareness - LA,Brand Awareness,LATAM,Desktop,1415,34,0,80.06,0.0
2025-11-04,Facebook,Facebook - Conversion - LA,Conversion,LATAM,Mobile,1351,9,0,19.81,0.0
2025-07-28,LinkedIn,LinkedIn - Brand Awareness - Eu,Brand Awareness,Europe,Desktop,1472,15,0,74.22,0.0
2025-07-22,LinkedIn,LinkedIn - Retargeting - LA,Retargeting,LATAM,Tablet,537,5,0,25.35,0.0
2025-02-20,Google Ads,Google Ads - Lead Generation - As,Lead Generation,Asia Pacific,Tablet,2340,47,0,116.47,0.0
2025-03-21,Facebook,Facebook - Brand Awareness - Eu,Brand Awareness,Europe,Tablet,3047,54,0,40.88,0.0
2025-07-24,Facebook,Facebook - Conversion - No,Conversion,North America,Desktop,2441,41,0,41.85,0.0
2025-06-04,Google Ads,Google Ads - Retargeting - LA,Retargeting,LATAM,Desktop,2059,53,2,117.72,248.08
2025-06-10,YouTube,YouTube - Retargeting - As,Retargeting,Asia Pacific,Mobile,954,4,0,1.91,0.0
2025-10-08,Facebook,Facebook - Brand Awareness - No,Brand Awareness,North America,Tablet,841,10,0,11.65,0.0
2025-04-30,YouTube,YouTube - Retargeting - LA,Retargeting,LATAM,Mobile,1124,6,0,-0.5,0.0
2025-07-14,Instagram,Instagram - Brand Awareness - Eu,Brand Awareness,Europe,Desktop,595,10,0,15.12,0.0
2025-03-29,Email,Email - Brand Awareness - As,Brand Awareness,Asia Pacific,Desktop,1417,29,0,22.45,0.0
2025-01-17,Instagram,Instagram - Lead Generation - Eu,Lead Generation,Europe,Desktop,502,5,0,8.15,0.0
2025-04-27,Instagram,Instagram - Retargeting - LA,Retargeting,LATAM,Mobile,736,7,0,6.14,0.0
2025-08-25,Instagram,Instagram - Conversion - LA,Conversion,LATAM,Mobile,981,12,0,15.0,0.0
2025-03-25,Facebook,Facebook - Retargeting - No,Retargeting,North America,Mobile,2824,39,1,56.02,125.04
2025-08-15,Facebook,Facebook - Brand Awareness - As,Brand Awareness,Asia Pacific,Mobile,2356,31,0,69.93,0.0
2025-08-19,Facebook,Facebook - Lead Generation - Eu,Lead Generation,Europe,Desktop,2808,47,1,96.39,164.61
2025-01-25,Facebook,Facebook - Conversion - No,Conversion,North America,Tablet,2644,41,0,42.27,0.0
2025-03-08,Facebook,Facebook - Lead Generation - As,Lead Generation,Asia Pacific,Tablet,2330,40,0,54.58,0.0
2025-07-05,YouTube,YouTube - Brand Awareness - As,Brand Awareness,Asia Pacific,Mobile,1019,4,0,5.57,0.0
2025-05-26,LinkedIn,LinkedIn - Retargeting - LA,Retargeting,LATAM,Desktop,1226,8,0,38.54,0.0
2025-03-03,Facebook,Facebook - Retargeting - Eu,Retargeting,Europe,Mobile,2535,41,1,46.78,229.74
2025-02-28,Google Ads,Google Ads - Retargeting - LA,Retargeting,LATAM,Mobile,2167,38,1,83.84,128.1
2025-02-13,YouTube,YouTube - Retargeting - No,Retargeting,North America,Desktop,817,3,0,0.43,0.0
2025-07-18,YouTube,YouTube - Conversion - LA,Conversion,LATAM,Desktop,524,3,0,0.91,0.0
2025-11-19,YouTube,YouTube - Retargeting - LA,Retargeting,LATAM,Mobile,395,1,0,0.22,0.0
2025-06-18,Email,Email - Retargeting - LA,Retargeting,LATAM,Mobile,1197,21,0,2.5,0.0
2025-04-23,Instagram,Instagram - Retargeting - No,Retargeting,North America,Mobile,1070,10,0,12.11,0.0
2025-11-19,Facebook,Facebook - Lead Generation - LA,Lead Generation,LATAM,Tablet,2824,40,0,52.65,0.0
2025-08-28,Google Ads,Google Ads - Lead Generation - As,Lead Generation,Asia Pacific,Mobile,2646,89,1,52.73,143.91
2025-04-24,LinkedIn,LinkedIn - Brand Awareness - LA,Brand Awareness,LATAM,Desktop,1098,8,0,31.72,0.0
2025-07-24,Google Ads,Google Ads - Brand Awareness - LA,Brand Awareness,LATAM,Desktop,2651,55,1,108.94,139.75
2025-03-14,Instagram,Instagram - Retargeting - Eu,Retargeting,Europe,Mobile,1511,16,0,28.07,0.0
2025-07-20,Google Ads,Google Ads - Retargeting - No,Retargeting,North America,Tablet,2359,57,3,83.62,474.03
2025-02-09,Google Ads,Google Ads - Lead Generation - Eu,Lead Generation,Europe,Mobile,2308,64,1,133.83,145.82
2025-04-25,LinkedIn,LinkedIn - Brand Awareness - No,Brand Awareness,North America,Mobile,812,4,0,17.79,0.0
2025-07-09,Facebook,Facebook - Retargeting - As,Retargeting,Asia Pacific,Desktop,2903,46,2,95.59,358.1
2025-04-15,Instagram,Instagram - Brand Awareness - As,Brand Awareness,Asia Pacific,Desktop,962,8,0,4.7,0.0
2025-09-16,Facebook,Facebook - Lead Generation - Eu,Lead Generation,Europe,Desktop,1335,24,0,37.66,0.0
2025-09-02,LinkedIn,LinkedIn - Retargeting - No,Retargeting,North America,Mobile,823,4,0,15.85,0.0
2025-03-02,Google Ads,Google Ads - Brand Awareness - No,Brand Awareness,North America,Mobile,2916,81,1,149.39,120.43
2025-11-21,YouTube,YouTube - Lead Generation - LA,Lead Generation,LATAM,Tablet,1319,4,0,3.16,0.0
2025-09-25,LinkedIn,LinkedIn - Conversion - As,Conversion,Asia Pacific,Mobile,871,9,0,36.86,0.0
2025-07-22,Email,Email - Retargeting - No,Retargeting,North America,Mobile,1313,26,1,-10.89,155.1
2025-10-21,Facebook,Facebook - Retargeting - Eu,Retargeting,Europe,Mobile,3082,35,1,70.85,123.22
2025-12-09,Facebook,Facebook - Lead Generation - As,Lead Generation,Asia Pacific,Tablet,2261,34,0,47.79,0.0
2025-02-08,Email,Email - Lead Generation - As,Lead Generation,Asia Pacific,Mobile,971,33,0,-32.94,0.0
2025-01-11,Google Ads,Google Ads - Conversion - As,Conversion,Asia Pacific,Desktop,2592,82,1,76.21,163.8
2025-04-23,Facebook,Facebook - Lead Generation - Eu,Lead Generation,Europe,Desktop,3027,46,0,27.29,0.0
2025-05-08,Google Ads,Google Ads - Brand Awareness - LA,Brand Awareness,LATAM,Desktop,1806,38,0,64.69,0.0
2026-01-04,Facebook,Facebook - Brand Awareness - LA,Brand Awareness,LATAM,Mobile,1292,20,0,23.16,0.0
2025-10-25,Instagram,Instagram - Conversion - No,Conversion,North America,Tablet,1458,15,0,24.29,0.0
2025-02-18,Google Ads,Google Ads - Retargeting - As,Retargeting,Asia Pacific,Mobile,2369,71,2,127.12,289.63
2025-10-13,Facebook,Facebook - Lead Generation - LA,Lead Generation,LATAM,Mobile,1718,19,0,14.84,0.0
2025-05-21,Google Ads,Google Ads - Brand Awareness - No,Brand Awareness,North America,Mobile,2496,74,2,187.96,295.16
2025-08-31,YouTube,YouTube - Conversion - Eu,Conversion,Europe,Desktop,665,3,0,0.09,0.0
2025-07-18,LinkedIn,LinkedIn - Brand Awareness - Eu,Brand Awareness,Europe,Desktop,904,7,0,34.7,0.0
2025-02-01,Facebook,Facebook - Retargeting - No,Retargeting,North America,Mobile,1094,18,1,40.41,113.62
2025-03-26,LinkedIn,LinkedIn - Conversion - LA,Conversion,LATAM,Mobile,1354,7,0,31.46,0.0
2025-08-22,Facebook,Facebook - Brand Awareness - No,Brand Awareness,North America,Desktop,1709,30,0,50.53,0.0
2025-05-31,LinkedIn,LinkedIn - Lead Generation - LA,Lead Generation,LATAM,Mobile,1232,11,0,61.63,0.0
2025-03-16,Facebook,Facebook - Lead Generation - LA,Lead Generation,LATAM,Tablet,2861,48,0,23.93,0.0
2025-04-06,Instagram,Instagram - Lead Generation - Eu,Lead Generation,Europe,Desktop,853,10,0,13.25,0.0
2025-02-23,LinkedIn,LinkedIn - Retargeting - LA,Retargeting,LATAM,Desktop,652,4,0,20.35,0.0
2025-12-08,Email,Email - Brand Awareness - No,Brand Awareness,North America,Mobile,1501,56,0,18.19,0.0
2025-12-17,Google Ads,Google Ads - Brand Awareness - LA,Brand Awareness,LATAM,Mobile,2141,56,1,74.52,145.16
2025-02-18,Google Ads,Google Ads - Lead Generation - LA,Lead Generation,LATAM,Desktop,2016,38,0,117.66,0.0
2025-11-23,Google Ads,Google Ads - Brand Awareness - As,Brand Awareness,Asia Pacific,Desktop,1524,34,0,48.56,0.0
2025-01-21,Google Ads,Google Ads - Lead Generation - As,Lead Generation,Asia Pacific,Desktop,1313,31,0,52.65,0.0
2025-04-05,Email,Email - Brand Awareness - LA,Brand Awareness,LATAM,Tablet,1355,35,0,39.29,0.0
2025-10-29,Facebook,Facebook - Conversion - As,Conversion,Asia Pacific,Mobile,2058,42,1,43.64,222.55
2025-07-11,Google Ads,Google Ads - Conversion - Eu,Conversion,Europe,Mobile,1981,17,0,35.82,0.0
2025-12-21,Facebook,Facebook - Retargeting - No,Retargeting,North America,Desktop,2513,43,2,65.11,274.08
2025-04-23,Google Ads,Google Ads - Conversion - As,Conversion,Asia Pacific,Mobile,2624,54,0,87.63,0.0
2025-07-04,LinkedIn,LinkedIn - Conversion - No,Conversion,North America,Desktop,1278,12,0,58.77,0.0
2025-07-10,Facebook,Facebook - Retargeting - LA,Retargeting,LATAM,Desktop,2088,26,1,32.94,131.83
2025-05-28,Google Ads,Google Ads - Conversion - As,Conversion,Asia Pacific,Mobile,1971,48,0,117.82,0.0
2025-07-17,Facebook,Facebook - Retargeting - No,Retargeting,North America,Mobile,1469,26,1,49.53,151.76
2025-04-12,Google Ads,Google Ads - Brand Awareness - Eu,Brand Awareness,Europe,Mobile,3028,71,0,156.85,0.0
2025-09-10,Facebook,Facebook - Brand Awareness - No,Brand Awareness,North America,Desktop,2048,28,0,32.98,0.0
2025-04-23,Google Ads,Google Ads - Retargeting - Eu,Retargeting,Europe,Desktop,2095,74,4,123.89,448.32
2025-10-18,Google Ads,Google Ads - Retargeting - LA,Retargeting,LATAM,Mobile,1637,45,2,100.87,337.92
2025-06-20,Facebook,Facebook - Lead Generation - Eu,Lead Generation,Europe,Mobile,1368,20,0,38.15,0.0
2025-02-07,Instagram,Instagram - Conversion - As,Conversion,Asia Pacific,Mobile,1079,11,0,11.27,0.0
2025-05-19,Google Ads,Google Ads - Brand Awareness - No,Brand Awareness,North America,Desktop,1535,40,0,88.7,0.0
2025-09-09,Facebook,Facebook - Conversion - LA,Conversion,LATAM,Mobile,1707,27,0,19.61,0.0
2025-01-21,Instagram,Instagram - Lead Generation - Eu,Lead Generation,Europe,Mobile,962,11,0,6.89,0.0
2025-11-14,Facebook,Facebook - Brand Awareness - LA,Brand Awareness,LATAM,Tablet,1906,26,0,54.41,0.0
2025-12-30,Google Ads,Google Ads - Conversion - No,Conversion,North America,Desktop,2011,35,0,73.17,0.0
2025-09-12,Facebook,Facebook - Lead Generation - As,Lead Generation,Asia Pacific,Desktop,2000,39,0,61.0,0.0
2025-08-12,Facebook,Facebook - Conversion - As,Conversion,Asia Pacific,Mobile,1358,18,0,31.21,0.0
2025-10-25,LinkedIn,LinkedIn - Conversion - As,Conversion,Asia Pacific,Mobile,854,7,0,27.54,0.0
2025-03-31,Google Ads,Google Ads - Brand Awareness - Eu,Brand Awareness,Europe,Mobile,2495,68,1,151.38,163.46
2025-12-04,Facebook,Facebook - Conversion - LA,Conversion,LATAM,Mobile,2934,40,0,58.92,0.0
2025-08-11,YouTube,YouTube - Retargeting - As,Retargeting,Asia Pacific,Mobile,1593,5,0,4.64,0.0
2025-05-09,YouTube,YouTube - Retargeting - Eu,Retargeting,Europe,Desktop,1217,5,0,-1.37,0.0
2025-05-16,Email,Email - Retargeting - Eu,Retargeting,Europe,Mobile,1133,41,2,-11.94,287.35
2025-12-19,Facebook,Facebook - Lead Generation - LA,Lead Generation,LATAM,Tablet,1779,24,0,39.6,0.0
2025-04-07,LinkedIn,LinkedIn - Brand Awareness - Eu,Brand Awareness,Europe,Mobile,1010,6,0,23.94,0.0
2025-02-27,YouTube,YouTube - Brand Awareness - No,Brand Awareness,North America,Mobile,1365,7,0,6.61,0.0
2025-09-04,LinkedIn,LinkedIn - Brand Awareness - No,Brand Awareness,North America,Mobile,1279,8,0,39.11,0.0
2025-12-20,Facebook,Facebook - Conversion - LA,Conversion,LATAM,Mobile,2257,22,0,25.86,0.0
2025-12-31,Google Ads,Google Ads - Retargeting - Eu,Retargeting,Europe,Mobile,1765,43,2,64.23,405.05
2025-10-05,Facebook,Facebook - Retargeting - LA,Retargeting,LATAM,Mobile,1259,17,0,20.38,0.0
2025-04-04,LinkedIn,LinkedIn - Brand Awareness - Eu,Brand Awareness,Europe,Desktop,1311,7,0,38.0,0.0
2026-01-03,LinkedIn,LinkedIn - Lead Generation - As,Lead Generation,Asia Pacific,Mobile,696,4,0,21.8,0.0
2025-07-16,Email,Email - Lead Generation - Eu,Lead Generation,Europe,Desktop,335,9,0,7.06,0.0
2026-01-03,LinkedIn,LinkedIn - Brand Awareness - Eu,Brand Awareness,Europe,Desktop,1049,9,0,37.94,0.0
2025-03-12,Google Ads,Google Ads - Brand Awareness - As,Brand Awareness,Asia Pacific,Tablet,3120,77,1,124.95,165.09
2025-09-05,YouTube,YouTube - Conversion - Eu,Conversion,Europe,Mobile,1082,6,0,4.62,0.0
2025-04-21,LinkedIn,LinkedIn - Conversion - Eu,Conversion,Europe,Tablet,672,6,0,29.67,0.0
2025-03-24,Instagram,Instagram - Retargeting - As,Retargeting,Asia Pacific,Desktop,1360,13,0,12.47,0.0
2025-05-26,Facebook,Facebook - Brand Awareness - LA,Brand Awareness,LATAM,Mobile,1007,15,0,30.27,0.0
2025-05-20,YouTube,YouTube - Retargeting - Eu,Retargeting,Europe,Desktop,904,4,0,-0.68,0.0
2025-05-08,Instagram,Instagram - Brand Awareness - No,Brand Awareness,North America,Mobile,742,8,0,13.39,0.0
2025-09-22,Instagram,Instagram - Conversion - Eu,Conversion,Europe,Mobile,1105,13,0,26.64,0.0
2025-04-23,Instagram,Instagram - Conversion - LA,Conversion,LATAM,Desktop,1132,10,0,16.42,0.0
2025-05-30,Facebook,Facebook - Retargeting - No,Retargeting,North America,Tablet,3451,50,2,156.07,399.65
2025-11-24,Google Ads,Google Ads - Conversion - As,Conversion,Asia Pacific,Mobile,2448,76,1,150.54,127.35
2025-02-15,Google Ads,Google Ads - Conversion - As,Conversion,Asia Pacific,Mobile,2800,75,1,185.06,118.8
2025-09-03,Facebook,Facebook - Brand Awareness - As,Brand Awareness,Asia Pacific,Desktop,1508,19,0,48.95,0.0
2025-10-23,Facebook,Facebook - Conversion - LA,Conversion,LATAM,Mobile,3285,45,0,110.52,0.0
2025-07-25,Facebook,Facebook - Brand Awareness - LA,Brand Awareness,LATAM,Desktop,2951,44,0,55.25,0.0
2025-11-17,Google Ads,Google Ads - Lead Generation - LA,Lead Generation,LATAM,Mobile,2390,58,1,83.92,120.22
2025-04-22,Google Ads,Google Ads - Retargeting - As,Retargeting,Asia Pacific,Mobile,2358,61,3,87.33,402.87
2025-02-07,Instagram,Instagram - Lead Generation - LA,Lead Generation,LATAM,Mobile,384,5,0,1.22,0.0
2025-04-04,Instagram,Instagram - Conversion - No,Conversion,North America,Desktop,933,11,0,14.06,0.0
2026-01-01,Instagram,Instagram - Conversion - LA,Conversion,LATAM,Tablet,988,13,0,33.29,0.0
2025-08-21,Facebook,Facebook - Brand Awareness - No,Brand Awareness,North America,Desktop,2360,48,0,65.85,0.0
2025-09-28,Google Ads,Google Ads - Brand Awareness - Eu,Brand Awareness,Europe,Mobile,1802,47,1,116.16,164.53
2025-09-01,Google Ads,Google Ads - Brand Awareness - As,Brand Awareness,Asia Pacific,Mobile,1692,44,0,98.28,0.0
2025-03-02,Facebook,Facebook - Conversion - LA,Conversion,LATAM,Mobile,1764,30,0,41.74,0.0
2025-05-24,Google Ads,Google Ads - Conversion - LA,Conversion,LATAM,Mobile,1673,57,1,55.64,142.58
2025-10-21,Google Ads,Google Ads - Retargeting - Eu,Retargeting,Europe,Desktop,2507,78,1,220.62,163.23
2025-10-18,Instagram,Instagram - Lead Generation - No,Lead Generation,North America,Tablet,841,8,0,10.24,0.0
2025-03-14,LinkedIn,LinkedIn - Conversion - As,Conversion,Asia Pacific,Desktop,877,6,0,25.57,0.0
2025-08-10,LinkedIn,LinkedIn - Retargeting - No,Retargeting,North America,Desktop,1391,7,0,29.78,0.0
2025-05-16,Email,Email - Retargeting - As,Retargeting,Asia Pacific,Desktop,620,21,1,13.62,138.57
2025-03-25,YouTube,YouTube - Conversion - No,Conversion,North America,Mobile,1660,9,0,6.78,0.0
2025-11-16,LinkedIn,LinkedIn - Lead Generation - Eu,Lead Generation,Europe,Mobile,1389,10,0,50.99,0.0
2025-04-21,Email,Email - Lead Generation - As,Lead Generation,Asia Pacific,Mobile,914,33,0,-31.06,0.0
2025-07-11,Instagram,Instagram - Lead Generation - As,Lead Generation,Asia Pacific,Desktop,745,11,0,16.69,0.0
2025-07-30,YouTube,YouTube - Lead Generation - Eu,Lead Generation,Europe,Mobile,992,5,0,-0.71,0.0
2025-05-29,LinkedIn,LinkedIn - Lead Generation - No,Lead Generation,North America,Desktop,1066,9,0,42.14,0.0
2025-09-24,Email,Email - Brand Awareness - As,Brand Awareness,Asia Pacific,Mobile,989,27,0,21.59,0.0
2025-09-05,Instagram,Instagram - Brand Awareness - Eu,Brand Awareness,Europe,Desktop,1342,18,0,20.84,0.0
2025-07-23,Instagram,Instagram - Retargeting - LA,Retargeting,LATAM,Desktop,1007,8,0,14.26,0.0
2025-08-14,Google Ads,Google Ads - Brand Awareness - LA,Brand Awareness,LATAM,Desktop,1359,29,0,41.63,0.0
2025-10-14,Google Ads,Google Ads - Retargeting - No,Retargeting,North America,Mobile,2717,62,3,145.64,422.54
2025-06-15,Facebook,Facebook - Conversion - As,Conversion,Asia Pacific,Desktop,2410,28,0,48.31,0.0
2025-10-31,Google Ads,Google Ads - Brand Awareness - As,Brand Awareness,Asia Pacific,Mobile,1502,46,1,115.7,195.4
2025-12-27,Google Ads,Google Ads - Brand Awareness - LA,Brand Awareness,LATAM,Desktop,2113,65,1,96.24,185.13
2025-08-01,Instagram,Instagram - Retargeting - As,Retargeting,Asia Pacific,Desktop,1084,10,0,15.58,0.0
2025-05-19,Facebook,Facebook - Lead Generation - No,Lead Generation,North America,Mobile,1120,11,0,17.3,0.0
2025-01-14,YouTube,YouTube - Retargeting - LA,Retargeting,LATAM,Mobile,1964,8,0,5.61,0.0
2025-03-13,Google Ads,Google Ads - Retargeting - No,Retargeting,North America,Mobile,2279,49,1,135.0,142.61
2025-07-22,YouTube,YouTube - Brand Awareness - Eu,Brand Awareness,Europe,Mobile,1178,5,0,2.64,0.0
2025-06-28,YouTube,YouTube - Retargeting - As,Retargeting,Asia Pacific,Mobile,868,3,0,0.01,0.0
2025-04-01,Facebook,Facebook - Brand Awareness - No,Brand Awareness,North America,Mobile,1840,23,0,45.34,0.0
2025-07-16,YouTube,YouTube - Brand Awareness - As,Brand Awareness,Asia Pacific,Mobile,1099,4,0,-0.57,0.0
2025-08-21,Google Ads,Google Ads - Lead Generation - As,Lead Generation,Asia Pacific,Tablet,1579,47,1,120.81,137.53
2025-07-20,Facebook,Facebook - Retargeting - LA,Retargeting,LATAM,Mobile,1776,23,1,17.85,133.74
2025-08-10,LinkedIn,LinkedIn - Lead Generation - No,Lead Generation,North America,Desktop,556,3,0,12.89,0.0
2025-10-27,Instagram,Instagram - Brand Awareness - LA,Brand Awareness,LATAM,Mobile,1342,20,0,20.35,0.0
2025-08-31,Instagram,Instagram - Retargeting - As,Retargeting,Asia Pacific,Desktop,1194,18,0,19.75,0.0
2025-02-05,Facebook,Facebook - Lead Generation - No,Lead Generation,North America,Desktop,2153,28,0,28.75,0.0
2025-03-17,LinkedIn,LinkedIn - Conversion - As,Conversion,Asia Pacific,Mobile,841,6,0,25.5,0.0
2025-03-07,Google Ads,Google Ads - Retargeting - No,Retargeting,North America,Desktop,1667,41,1,79.47,166.05
2025-06-30,Facebook,Facebook - Lead Generation - LA,Lead Generation,LATAM,Mobile,2433,34,0,37.09,0.0
2025-11-25,Facebook,Facebook - Retargeting - No,Retargeting,North America,Mobile,1534,28,1,29.29,126.66
2025-03-27,Instagram,Instagram - Retargeting - Eu,Retargeting,Europe,Desktop,1497,17,0,20.67,0.0
2025-06-01,Instagram,Instagram - Conversion - Eu,Conversion,Europe,Desktop,1156,15,0,28.95,0.0
2025-12-31,LinkedIn,LinkedIn - Conversion - No,Conversion,North America,Mobile,1280,12,0,56.53,0.0
2025-10-23,Facebook,Facebook - Conversion - LA,Conversion,LATAM,Mobile,2500,42,0,40.72,0.0
2025-09-22,Google Ads,Google Ads - Retargeting - No,Retargeting,North America,Desktop,2371,67,2,141.01,269.66
2026-01-02,Facebook,Facebook - Retargeting - Eu,Retargeting,Europe,Desktop,2299,27,1,5.64,156.44
2025-04-21,Instagram,Instagram - Lead Generation - Eu,Lead Generation,Europe,Tablet,884,12,0,12.54,0.0
2025-02-03,Email,Email - Retargeting - LA,Retargeting,LATAM,Desktop,1270,29,1,0.52,93.34
2025-02-08,Email,Email - Brand Awareness - LA,Brand Awareness,LATAM,Mobile,731,28,0,18.26,0.0
2025-11-08,YouTube,YouTube - Lead Generation - LA,Lead Generation,LATAM,Mobile,826,3,0,0.16,0.0
2025-12-28,Instagram,Instagram - Brand Awareness - Eu,Brand Awareness,Europe,Mobile,686,7,0,11.58,0.0
2025-04-13,Google Ads,Google Ads - Conversion - LA,Conversion,LATAM,Mobile,1979,65,1,148.53,115.39
2025-08-08,Instagram,Instagram - Lead Generation - Eu,Lead Generation,Europe,Desktop,383,4,0,4.92,0.0
2025-01-27,Google Ads,Google Ads - Lead Generation - LA,Lead Generation,LATAM,Desktop,1221,15,0,31.97,0.0
2025-05-08,Facebook,Facebook - Conversion - No,Conversion,North America,Desktop,945,15,0,20.33,0.0
2025-02-14,Facebook,Facebook - Retargeting - Eu,Retargeting,Europe,Mobile,1364,23,1,28.41,130.35
2025-08-29,Instagram,Instagram - Brand Awareness - As,Brand Awareness,Asia Pacific,Mobile,554,7,0,4.43,0.0
2025-10-18,YouTube,YouTube - Retargeting - Eu,Retargeting,Europe,Desktop,747,4,0,2.56,0.0
2025-10-04,Facebook,Facebook - Retargeting - Eu,Retargeting,Europe,Desktop,2685,32,1,28.74,110.05
2025-01-30,Google Ads,Google Ads - Conversion - As,Conversion,Asia Pacific,Desktop,1026,13,0,12.8,0.0
2025-02-22,LinkedIn,LinkedIn - Lead Generation - As,Lead Generation,Asia Pacific,Mobile,712,6,0,29.33,0.0
2025-10-18,Facebook,Facebook - Lead Generation - LA,Lead Generation,LATAM,Mobile,2557,39,0,70.31,0.0
2025-02-24,YouTube,YouTube - Lead Generation - No,Lead Generation,North America,Tablet,992,4,0,3.13,0.0
2025-10-18,Google Ads,Google Ads - Retargeting - As,Retargeting,Asia Pacific,Mobile,2777,74,2,187.55,257.28
2025-09-23,Instagram,Instagram - Brand Awareness - Eu,Brand Awareness,Europe,Mobile,1290,15,0,29.79,0.0
2025-04-08,YouTube,YouTube - Brand Awareness - As,Brand Awareness,Asia Pacific,Desktop,1055,5,0,2.6,0.0
2025-03-04,Instagram,Instagram - Conversion - LA,Conversion,LATAM,Desktop,886,6,0,9.29,0.0
2025-08-30,YouTube,YouTube - Brand Awareness - Eu,Brand Awareness,Europe,Desktop,586,2,0,0.58,0.0
2025-01-09,Google Ads,Google Ads - Retargeting - LA,Retargeting,LATAM,Desktop,2129,54,3,132.32,512.46
2025-04-21,Google Ads,Google Ads - Conversion - As,Conversion,Asia Pacific,Mobile,736,15,0,24.46,0.0
2025-03-11,Google Ads,Google Ads - Lead Generation - Eu,Lead Generation,Europe,Tablet,1660,44,0,60.52,0.0
2025-12-20,Email,Email - Conversion - Eu,Conversion,Europe,Desktop,1054,30,0,-9.97,0.0
2025-03-07,YouTube,YouTube - Retargeting - As,Retargeting,Asia Pacific,Mobile,450,1,0,0.7,0.0
2025-10-06,Instagram,Instagram - Conversion - LA,Conversion,LATAM,Mobile,1445,17,0,9.7,0.0
2025-09-05,Google Ads,Google Ads - Brand Awareness - Eu,Brand Awareness,Europe,Mobile,1897,54,1,113.99,186.28
2025-08-11,Facebook,Facebook - Conversion - No,Conversion,North America,Mobile,1778,31,0,51.09,0.0
2025-11-02,LinkedIn,LinkedIn - Retargeting - Eu,Retargeting,Europe,Mobile,918,7,0,28.19,0.0
2025-03-11,LinkedIn,LinkedIn - Conversion - As,Conversion,Asia Pacific,Desktop,778,5,0,21.94,0.0
2025-06-12,LinkedIn,LinkedIn - Lead Generation - As,Lead Generation,Asia Pacific,Desktop,1064,7,0,26.51,0.0
2025-09-03,YouTube,YouTube - Retargeting - As,Retargeting,Asia Pacific,Mobile,1354,7,0,1.0,0.0
2025-04-19,LinkedIn,LinkedIn - Conversion - As,Conversion,Asia Pacific,Mobile,1221,9,0,38.9,0.0
2025-02-24,Google Ads,Google Ads - Brand Awareness - No,Brand Awareness,North America,Mobile,2260,49,0,87.01,0.0
2025-10-09,LinkedIn,LinkedIn - Conversion - No,Conversion,North America,Desktop,1396,12,0,47.03,0.0
2025-03-06,Instagram,Instagram - Brand Awareness - As,Brand Awareness,Asia Pacific,Desktop,949,11,0,8.99,0.0
2025-04-01,Email,Email - Brand Awareness - Eu,Brand Awareness,Europe,Mobile,999,23,0,-11.03,0.0
2025-10-28,Facebook,Facebook - Brand Awareness - Eu,Brand Awareness,Europe,Desktop,2057,33,0,37.62,0.0
2025-03-10,Google Ads,Google Ads - Lead Generation - Eu,Lead Generation,Europe,Mobile,1405,30,0,60.52,0.0
2025-03-29,Google Ads,Google Ads - Lead Generation - As,Lead Generation,Asia Pacific,Tablet,3048,85,1,160.62,134.54
2025-12-08,YouTube,YouTube - Retargeting - No,Retargeting,North America,Desktop,719,3,0,2.6,0.0
2025-12-16,Facebook,Facebook - Retargeting - LA,Retargeting,LATAM,Desktop,1335,26,1,17.91,151.36
2025-10-10,Instagram,Instagram - Conversion - LA,Conversion,LATAM,Mobile,1294,9,0,7.83,0.0
2025-03-10,YouTube,YouTube - Brand Awareness - No,Brand Awareness,North America,Mobile,887,4,0,7.03,0.0
2025-11-22,YouTube,YouTube - Brand Awareness - As,Brand Awareness,Asia Pacific,Desktop,794,3,0,0.02,0.0
2025-06-22,Email,Email - Retargeting - LA,Retargeting,LATAM,Desktop,1197,27,1,-3.23,156.0
2025-11-11,YouTube,YouTube - Brand Awareness - No,Brand Awareness,North America,Desktop,830,3,0,1.46,0.0
2025-04-01,LinkedIn,LinkedIn - Brand Awareness - LA,Brand Awareness,LATAM,Tablet,1005,8,0,31.07,0.0
2025-08-26,LinkedIn,LinkedIn - Lead Generation - No,Lead Generation,North America,Mobile,593,5,0,19.1,0.0
2025-08-26,YouTube,YouTube - Lead Generation - Eu,Lead Generation,Europe,Mobile,1190,4,0,7.27,0.0
2025-03-02,LinkedIn,LinkedIn - Conversion - Eu,Conversion,Europe,Tablet,896,5,0,23.15,0.0
2025-04-04,Instagram,Instagram - Lead Generation - LA,Lead Generation,LATAM,Mobile,1143,15,0,14.61,0.0
2025-02-20,Google Ads,Google Ads - Retargeting - As,Retargeting,Asia Pacific,Desktop,1422,36,1,61.04,114.73
2025-05-12,LinkedIn,LinkedIn - Brand Awareness - No,Brand Awareness,North America,Mobile,987,8,0,32.83,0.0
2025-06-15,Facebook,Facebook - Conversion - Eu,Conversion,Europe,Desktop,2790,36,0,48.5,0.0
2025-03-15,YouTube,YouTube - Retargeting - LA,Retargeting,LATAM,Desktop,1294,7,0,2.04,0.0
2025-08-15,Google Ads,Google Ads - Lead Generation - As,Lead Generation,Asia Pacific,Mobile,2621,55,1,134.92,144.5
2025-09-09,Google Ads,Google Ads - Lead Generation - As,Lead Generation,Asia Pacific,Desktop,2402,43,0,52.17,0.0
2025-02-11,Facebook,Facebook - Brand Awareness - No,Brand Awareness,North America,Mobile,2429,29,0,57.91,0.0
2025-12-02,LinkedIn,LinkedIn - Conversion - Eu,Conversion,Europe,Desktop,876,7,0,32.31,0.0
2025-07-02,LinkedIn,LinkedIn - Lead Generation - As,Lead Generation,Asia Pacific,Mobile,1105,10,0,40.48,0.0
2025-07-30,LinkedIn,LinkedIn - Brand Awareness - No,Brand Awareness,North America,Mobile,864,7,0,34.58,0.0
2025-08-09,Instagram,Instagram - Lead Generation - LA,Lead Generation,LATAM,Desktop,1196,15,0,18.29,0.0
2025-10-02,YouTube,YouTube - Conversion - As,Conversion,Asia Pacific,Desktop,861,5,0,2.77,0.0
2025-01-25,LinkedIn,LinkedIn - Conversion - Eu,Conversion,Europe,Mobile,1039,8,0,27.67,0.0
2025-01-19,Facebook,Facebook - Lead Generation - No,Lead Generation,North America,Desktop,1811,27,0,51.63,0.0
2025-01-23,Facebook,Facebook - Conversion - LA,Conversion,LATAM,Mobile,1403,15,0,21.34,0.0
2025-04-10,Google Ads,Google Ads - Brand Awareness - No,Brand Awareness,North America,Desktop,2724,68,1,120.29,98.36
2025-10-18,YouTube,YouTube - Conversion - Eu,Conversion,Europe,Mobile,460,2,0,0.15,0.0
2025-08-26,YouTube,YouTube - Conversion - As,Conversion,Asia Pacific,Desktop,1048,3,0,2.54,0.0
2025-05-21,Email,Email - Retargeting - As,Retargeting,Asia Pacific,Desktop,1006,34,1,-12.53,141.03
2025-10-05,LinkedIn,LinkedIn - Brand Awareness - As,Brand Awareness,Asia Pacific,Desktop,1424,11,0,45.28,0.0
2025-10-12,Instagram,Instagram - Conversion - Eu,Conversion,Europe,Desktop,861,12,0,17.66,0.0
2025-08-08,Facebook,Facebook - Retargeting - LA,Retargeting,LATAM,Mobile,1906,35,1,77.11,171.93
2025-10-29,Facebook,Facebook - Conversion - LA,Conversion,LATAM,Desktop,2158,23,0,24.91,0.0
2025-06-09,Facebook,Facebook - Retargeting - LA,Retargeting,LATAM,Mobile,2717,37,1,45.02,84.99
2025-09-06,Instagram,Instagram - Lead Generation - As,Lead Generation,Asia Pacific,Tablet,1178,12,0,22.21,0.0
2025-07-01,Facebook,Facebook - Brand Awareness - No,Brand Awareness,North America,Mobile,2224,41,0,92.94,0.0
2025-03-03,Instagram,Instagram - Brand Awareness - Eu,Brand Awareness,Europe,Desktop,388,4,0,3.44,0.0
2025-01-05,Facebook,Facebook - Lead Generation - LA,Lead Generation,LATAM,Desktop,2376,36,0,73.13,0.0
2025-07-02,LinkedIn,LinkedIn - Lead Generation - Eu,Lead Generation,Europe,Mobile,674,5,0,22.05,0.0
2025-07-13,Google Ads,Google Ads - Retargeting - No,Retargeting,North America,Desktop,1817,49,2,126.2,316.24
2025-08-27,Instagram,Instagram - Brand Awareness - As,Brand Awareness,Asia Pacific,Mobile,984,14,0,23.16,0.0
2025-03-21,YouTube,YouTube - Retargeting - LA,Retargeting,LATAM,Desktop,767,4,0,2.75,0.0
2025-12-07,Google Ads,Google Ads - Retargeting - LA,Retargeting,LATAM,Mobile,1554,38,0,66.22,0.0
2025-01-30,YouTube,YouTube - Retargeting - No,Retargeting,North America,Mobile,1402,3,0,2.61,0.0
2025-05-14,Facebook,Facebook - Retargeting - No,Retargeting,North America,Tablet,1313,21,1,33.23,143.42
2025-02-04,Email,Email - Brand Awareness - LA,Brand Awareness,LATAM,Tablet,1063,21,0,-15.71,0.0
2025-09-15,Facebook,Facebook - Brand Awareness - Eu,Brand Awareness,Europe,Mobile,3307,42,0,69.99,0.0
2025-01-05,Facebook,Facebook - Conversion - LA,Conversion,LATAM,Desktop,901,11,0,16.93,0.0
2025-12-19,Facebook,Facebook - Retargeting - As,Retargeting,Asia Pacific,Desktop,1478,28,1,26.65,166.55
2025-09-14,Google Ads,Google Ads - Brand Awareness - No,Brand Awareness,North America,Mobile,1832,56,0,129.25,0.0
2025-04-09,Facebook,Facebook - Lead Generation - Eu,Lead Generation,Europe,Mobile,2231,33,0,36.33,0.0
2025-11-15,YouTube,YouTube - Lead Generation - No,Lead Generation,North America,Mobile,241,1,0,1.06,0.0
2025-10-07,Facebook,Facebook - Brand Awareness - No,Brand Awareness,North America,Mobile,2331,36,0,45.17,0.0
2025-01-25,Email,Email - Brand Awareness - Eu,Brand Awareness,Europe,Mobile,1016,31,0,-17.19,0.0
2025-03-27,YouTube,YouTube - Conversion - Eu,Conversion,Europe,Tablet,1184,3,0,0.24,0.0
2025-06-09,YouTube,YouTube - Brand Awareness - LA,Brand Awareness,LATAM,Desktop,1120,5,0,3.92,0.0
2025-12-01,LinkedIn,LinkedIn - Lead Generation - As,Lead Generation,Asia Pacific,Mobile,731,4,0,18.31,0.0
2025-04-09,Facebook,Facebook - Conversion - As,Conversion,Asia Pacific,Mobile,1721,30,0,25.77,0.0
2025-02-25,Google Ads,Google Ads - Conversion - Eu,Conversion,Europe,Mobile,2322,49,0,93.16,0.0
2025-03-14,Email,Email - Brand Awareness - No,Brand Awareness,North America,Desktop,907,24,0,8.5,0.0
2026-01-01,Google Ads,Google Ads - Retargeting - LA,Retargeting,LATAM,Mobile,1585,27,1,43.19,119.72
2025-09-29,LinkedIn,LinkedIn - Conversion - No,Conversion,North America,Desktop,1758,8,0,36.7,0.0
2025-07-23,Google Ads,Google Ads - Retargeting - Eu,Retargeting,Europe,Tablet,2480,65,3,109.2,430.0
2025-02-28,YouTube,YouTube - Brand Awareness - As,Brand Awareness,Asia Pacific,Mobile,1131,5,0,6.26,0.0
2025-08-25,Instagram,Instagram - Brand Awareness - No,Brand Awareness,North America,Mobile,1182,14,0,9.03,0.0
2025-04-14,LinkedIn,LinkedIn - Lead Generation - No,Lead Generation,North America,Mobile,213,1,0,4.5,0.0
2025-03-22,LinkedIn,LinkedIn - Retargeting - LA,Retargeting,LATAM,Tablet,1133,4,0,15.65,0.0
2025-02-24,Google Ads,Google Ads - Conversion - No,Conversion,North America,Mobile,2780,64,0,158.75,0.0
2025-03-10,Google Ads,Google Ads - Retargeting - Eu,Retargeting,Europe,Mobile,2497,64,3,164.54,383.48
2025-11-12,Instagram,Instagram - Lead Generation - Eu,Lead Generation,Europe,Tablet,934,11,0,25.08,0.0
2025-06-07,Google Ads,Google Ads - Retargeting - Eu,Retargeting,Europe,Desktop,3071,70,4,177.95,600.75
2025-04-13,Facebook,Facebook - Lead Generation - As,Lead Generation,Asia Pacific,Mobile,1332,22,0,45.53,0.0
2025-04-16,YouTube,YouTube - Brand Awareness - Eu,Brand Awareness,Europe,Desktop,1178,8,0,-3.12,0.0
2025-12-28,Facebook,Facebook - Brand Awareness - LA,Brand Awareness,LATAM,Mobile,3304,35,0,59.36,0.0
2025-03-29,Instagram,Instagram - Brand Awareness - As,Brand Awareness,Asia Pacific,Mobile,1010,14,0,23.16,0.0
2025-12-17,Instagram,Instagram - Lead Generation - As,Lead Generation,Asia Pacific,Desktop,1308,14,0,19.5,0.0
2025-04-12,Facebook,Facebook - Conversion - No,Conversion,North America,Mobile,2105,22,0,23.73,0.0
2025-11-06,YouTube,YouTube - Conversion - LA,Conversion,LATAM,Desktop,1033,6,0,-0.36,0.0
2025-03-01,Email,Email - Retargeting - No,Retargeting,North America,Desktop,981,23,1,7.41,169.56
2025-11-06,Facebook,Facebook - Brand Awareness - LA,Brand Awareness,LATAM,Mobile,2642,43,0,72.13,0.0
2025-01-16,Instagram,Instagram - Retargeting - Eu,Retargeting,Europe,Desktop,1311,15,0,16.66,0.0
2025-02-03,Facebook,Facebook - Retargeting - LA,Retargeting,LATAM,Mobile,1793,25,1,49.12,166.82
2026-01-04,LinkedIn,LinkedIn - Conversion - LA,Conversion,LATAM,Mobile,877,5,0,23.08,0.0
2025-03-12,Facebook,Facebook - Conversion - As,Conversion,Asia Pacific,Desktop,2895,45,1,51.52,93.06
2025-10-07,Facebook,Facebook - Lead Generation - LA,Lead Generation,LATAM,Desktop,1547,18,0,26.12,0.0
2025-12-25,Google Ads,Google Ads - Lead Generation - LA,Lead Generation,LATAM,Mobile,3090,61,1,128.4,131.03
2025-02-08,LinkedIn,LinkedIn - Conversion - No,Conversion,North America,Desktop,275,2,0,11.55,0.0
2025-05-23,Email,Email - Brand Awareness - LA,Brand Awareness,LATAM,Desktop,1066,34,0,0.85,0.0
2025-04-17,YouTube,YouTube - Retargeting - LA,Retargeting,LATAM,Tablet,1239,6,0,0.17,0.0
2025-03-21,Facebook,Facebook - Conversion - No,Conversion,North America,Mobile,1812,21,0,36.51,0.0
2025-07-20,Instagram,Instagram - Brand Awareness - No,Brand Awareness,North America,Mobile,1232,18,0,8.87,0.0
2025-04-06,Facebook,Facebook - Retargeting - No,Retargeting,North America,Mobile,3304,44,2,16.72,213.41
2025-04-08,Google Ads,Google Ads - Retargeting - LA,Retargeting,LATAM,Mobile,2633,44,2,96.79,346.98
2025-05-12,Facebook,Facebook - Lead Generation - As,Lead Generation,Asia Pacific,Desktop,2588,32,0,45.38,0.0
2025-04-26,Facebook,Facebook - Brand Awareness - As,Brand Awareness,Asia Pacific,Desktop,2621,35,0,41.73,0.0
2025-08-12,Google Ads,Google Ads - Brand Awareness - No,Brand Awareness,North America,Tablet,2399,86,1,169.92,154.9
2025-10-25,Google Ads,Google Ads - Brand Awareness - LA,Brand Awareness,LATAM,Desktop,1107,28,0,90.36,0.0
2025-10-31,Instagram,Instagram - Retargeting - As,Retargeting,Asia Pacific,Mobile,1649,18,0,25.4,0.0
2025-01-21,Instagram,Instagram - Brand Awareness - No,Brand Awareness,North America,Mobile,983,11,0,14.18,0.0
2025-04-15,YouTube,YouTube - Retargeting - No,Retargeting,North America,Mobile,961,4,0,0.55,0.0
2025-11-06,Facebook,Facebook - Brand Awareness - Eu,Brand Awareness,Europe,Mobile,3338,46,0,72.68,0.0
2025-02-15,Email,Email - Brand Awareness - As,Brand Awareness,Asia Pacific,Desktop,496,10,0,5.49,0.0
2025-12-16,Facebook,Facebook - Brand Awareness - LA,Brand Awareness,LATAM,Mobile,2798,39,0,30.51,0.0
2025-09-16,Instagram,Instagram - Lead Generation - As,Lead Generation,Asia Pacific,Mobile,855,8,0,6.42,0.0
2025-10-30,YouTube,YouTube - Lead Generation - As,Lead Generation,Asia Pacific,Mobile,1402,8,0,5.52,0.0
2025-10-31,Facebook,Facebook - Conversion - As,Conversion,Asia Pacific,Mobile,2821,38,0,55.56,0.0
2025-08-20,Google Ads,Google Ads - Lead Generation - LA,Lead Generation,LATAM,Mobile,1755,31,0,68.55,0.0
2025-09-06,Instagram,Instagram - Lead Generation - LA,Lead Generation,LATAM,Mobile,455,5,0,6.27,0.0
2025-07-15,Facebook,Facebook - Lead Generation - LA,Lead Generation,LATAM,Desktop,2051,29,0,32.36,0.0
2025-06-08,Google Ads,Google Ads - Retargeting - Eu,Retargeting,Europe,Tablet,1850,37,2,60.09,354.29
2025-01-25,LinkedIn,LinkedIn - Lead Generation - No,Lead Generation,North America,Desktop,1083,8,0,39.75,0.0
2025-06-15,LinkedIn,LinkedIn - Conversion - No,Conversion,North America,Mobile,1080,11,0,40.07,0.0
2025-12-19,Google Ads,Google Ads - Lead Generation - Eu,Lead Generation,Europe,Mobile,2630,54,1,131.53,117.87
2025-12-27,Google Ads,Google Ads - Lead Generation - Eu,Lead Generation,Europe,Mobile,1914,48,0,147.94,0.0
2025-01-06,Instagram,Instagram - Conversion - Eu,Conversion,Europe,Desktop,995,6,0,5.79,0.0
2025-10-09,LinkedIn,LinkedIn - Brand Awareness - LA,Brand Awareness,LATAM,Desktop,842,7,0,29.92,0.0
2025-05-09,LinkedIn,LinkedIn - Brand Awareness - Eu,Brand Awareness,Europe,Desktop,653,5,0,26.29,0.0
2025-09-19,Facebook,Facebook - Lead Generation - As,Lead Generation,Asia Pacific,Desktop,1589,23,0,59.93,0.0
2025-03-20,Facebook,Facebook - Lead Generation - As,Lead Generation,Asia Pacific,Desktop,2652,42,0,57.61,0.0
2025-03-28,Facebook,Facebook - Lead Generation - As,Lead Generation,Asia Pacific,Mobile,2877,39,0,70.3,0.0
2025-10-19,Instagram,Instagram - Brand Awareness - Eu,Brand Awareness,Europe,Mobile,1110,11,0,11.38,0.0
2025-12-25,Google Ads,Google Ads - Lead Generation - LA,Lead Generation,LATAM,Desktop,2524,63,0,122.62,0.0
2025-02-26,LinkedIn,LinkedIn - Retargeting - LA,Retargeting,LATAM,Desktop,878,8,0,37.82,0.0
2025-04-07,LinkedIn,LinkedIn - Brand Awareness - As,Brand Awareness,Asia Pacific,Desktop,780,4,0,19.64,0.0
2025-02-03,LinkedIn,LinkedIn - Brand Awareness - LA,Brand Awareness,LATAM,Desktop,1290,10,0,41.01,0.0
2025-06-13,Facebook,Facebook - Brand Awareness - No,Brand Awareness,North America,Mobile,2875,43,0,20.97,0.0
2025-10-28,Google Ads,Google Ads - Retargeting - Eu,Retargeting,Europe,Mobile,1656,28,1,65.88,147.72
2025-12-23,Google Ads,Google Ads - Lead Generation - Eu,Lead Generation,Europe,Tablet,2509,69,1,142.42,125.49
2025-06-10,Instagram,Instagram - Conversion - No,Conversion,North America,Mobile,549,6,0,8.18,0.0
2025-03-12,Google Ads,Google Ads - Brand Awareness - Eu,Brand Awareness,Europe,Mobile,2162,56,1,126.96,152.17
2026-01-04,Instagram,Instagram - Conversion - As,Conversion,Asia Pacific,Mobile,1273,18,0,12.24,0.0
2025-07-09,Facebook,Facebook - Lead Generation - LA,Lead Generation,LATAM,Mobile,2357,37,0,69.58,0.0
2025-05-02,YouTube,YouTube - Retargeting - As,Retargeting,Asia Pacific,Tablet,1491,8,0,3.35,0.0
2025-12-03,YouTube,YouTube - Brand Awareness - No,Brand Awareness,North America,Tablet,1112,4,0,-1.16,0.0
2025-04-08,YouTube,YouTube - Conversion - LA,Conversion,LATAM,Mobile,1152,6,0,6.56,0.0
2025-07-06,YouTube,YouTube - Lead Generation - No,Lead Generation,North America,Desktop,1287,5,0,1.49,0.0
2025-05-24,Instagram,Instagram - Brand Awareness - LA,Brand Awareness,LATAM,Mobile,1088,13,0,34.97,0.0
2025-04-02,Instagram,Instagram - Retargeting - No,Retargeting,North America,Mobile,746,9,0,8.37,0.0
2025-03-18,Email,Email - Lead Generation - LA,Lead Generation,LATAM,Desktop,763,28,0,13.6,0.0
2025-10-13,Facebook,Facebook - Conversion - No,Conversion,North America,Mobile,1895,29,0,51.32,0.0
2025-05-07,Instagram,Instagram - Conversion - As,Conversion,Asia Pacific,Desktop,871,8,0,19.54,0.0
2025-12-02,Google Ads,Google Ads - Brand Awareness - No,Brand Awareness,North America,Tablet,1804,48,0,98.41,0.0
2025-09-12,Google Ads,Google Ads - Conversion - Eu,Conversion,Europe,Mobile,1731,54,1,98.26,153.95
2025-12-09,LinkedIn,LinkedIn - Brand Awareness - As,Brand Awareness,Asia Pacific,Desktop,1327,13,0,61.59,0.0
2025-12-12,LinkedIn,LinkedIn - Conversion - No,Conversion,North America,Mobile,1327,9,0,43.73,0.0
2025-11-04,Facebook,Facebook - Conversion - Eu,Conversion,Europe,Desktop,1926,21,0,43.29,0.0
2025-03-22,Google Ads,Google Ads - Lead Generation - Eu,Lead Generation,Europe,Mobile,1914,53,1,94.15,171.0
2025-05-28,YouTube,YouTube - Retargeting - Eu,Retargeting,Europe,Mobile,1217,4,0,2.02,0.0
2025-09-22,Google Ads,Google Ads - Lead Generation - LA,Lead Generation,LATAM,Desktop,1511,39,0,95.78,0.0
2025-10-01,Email,Email - Brand Awareness - Eu,Brand Awareness,Europe,Desktop,1278,35,0,27.3,0.0
2025-11-13,Instagram,Instagram - Brand Awareness - No,Brand Awareness,North America,Tablet,806,11,0,12.46,0.0
2025-11-28,Facebook,Facebook - Lead Generation - Eu,Lead Generation,Europe,Desktop,1789,23,0,40.26,0.0
2025-01-19,Google Ads,Google Ads - Retargeting - Eu,Retargeting,Europe,Desktop,3090,52,3,137.76,344.2
2025-11-12,Email,Email - Lead Generation - As,Lead Generation,Asia Pacific,Mobile,1139,23,0,-2.53,0.0
2025-03-11,Google Ads,Google Ads - Retargeting - No,Retargeting,North America,Mobile,2201,63,2,93.29,285.63
2025-04-05,Instagram,Instagram - Brand Awareness - No,Brand Awareness,North America,Desktop,1052,13,0,11.79,0.0
2025-04-13,Google Ads,Google Ads - Conversion - As,Conversion,Asia Pacific,Desktop,1867,50,0,93.94,0.0
2025-09-30,Google Ads,Google Ads - Lead Generation - Eu,Lead Generation,Europe,Desktop,972,18,0,36.91,0.0
2025-07-21,Google Ads,Google Ads - Retargeting - LA,Retargeting,LATAM,Mobile,2511,53,3,89.0,375.96
2025-02-15,Instagram,Instagram - Brand Awareness - LA,Brand Awareness,LATAM,Desktop,914,10,0,17.55,0.0
2025-02-20,Facebook,Facebook - Brand Awareness - No,Brand Awareness,North America,Mobile,2344,29,0,69.01,0.0
2025-04-19,Google Ads,Google Ads - Retargeting - LA,Retargeting,LATAM,Desktop,2967,73,3,147.76,493.02
2025-07-19,Google Ads,Google Ads - Conversion - LA,Conversion,LATAM,Mobile,1483,49,0,87.57,0.0
2025-05-14,Instagram,Instagram - Conversion - As,Conversion,Asia Pacific,Mobile,981,11,0,9.07,0.0
2025-12-08,Facebook,Facebook - Brand Awareness - No,Brand Awareness,North America,Tablet,1532,18,0,27.91,0.0
2025-07-01,Email,Email - Retargeting - LA,Retargeting,LATAM,Mobile,1585,26,1,-0.97,149.14
2025-07-12,Instagram,Instagram - Brand Awareness - Eu,Brand Awareness,Europe,Desktop,1078,8,0,13.25,0.0
2025-04-14,LinkedIn,LinkedIn - Brand Awareness - Eu,Brand Awareness,Europe,Desktop,700,4,0,16.42,0.0
2025-02-03,Google Ads,Google Ads - Conversion - As,Conversion,Asia Pacific,Desktop,1573,52,0,154.43,0.0
2025-11-04,Google Ads,Google Ads - Brand Awareness - Eu,Brand Awareness,Europe,Desktop,1946,61,1,162.71,101.54
2025-06-18,Google Ads,Google Ads - Conversion - LA,Conversion,LATAM,Mobile,1656,50,0,91.25,0.0
2025-10-20,Instagram,Instagram - Retargeting - LA,Retargeting,LATAM,Desktop,398,5,0,4.37,0.0
2025-04-28,Instagram,Instagram - Retargeting - As,Retargeting,Asia Pacific,Mobile,1363,15,0,15.62,0.0
2026-01-04,Instagram,Instagram - Retargeting - Eu,Retargeting,Europe,Tablet,1121,10,0,15.45,0.0
2025-03-26,YouTube,YouTube - Retargeting - As,Retargeting,Asia Pacific,Desktop,752,3,0,1.82,0.0
2025-09-18,Facebook,Facebook - Lead Generation - LA,Lead Generation,LATAM,Desktop,876,10,0,10.83,0.0
2025-04-14,Email,Email - Lead Generation - As,Lead Generation,Asia Pacific,Tablet,1252,43,0,-5.58,0.0
2025-08-28,Google Ads,Google Ads - Conversion - As,Conversion,Asia Pacific,Desktop,2021,54,1,100.52,154.57
2025-05-30,Email,Email - Conversion - No,Conversion,North America,Desktop,53,1,0,-0.68,0.0
2025-12-26,Google Ads,Google Ads - Brand Awareness - As,Brand Awareness,Asia Pacific,Mobile,1588,35,0,75.18,0.0
2025-01-24,LinkedIn,LinkedIn - Lead Generation - LA,Lead Generation,LATAM,Tablet,950,7,0,29.83,0.0
2025-05-27,Google Ads,Google Ads - Conversion - No,Conversion,North America,Mobile,1859,48,0,109.32,0.0
2025-06-10,Instagram,Instagram - Brand Awareness - LA,Brand Awareness,LATAM,Mobile,1199,13,0,14.55,0.0
2025-06-11,LinkedIn,LinkedIn - Brand Awareness - Eu,Brand Awareness,Europe,Tablet,740,7,0,26.21,0.0
2025-08-23,Google Ads,Google Ads - Brand Awareness - As,Brand Awareness,Asia Pacific,Desktop,2831,91,1,198.11,143.66
2025-11-18,Google Ads,Google Ads - Brand Awareness - No,Brand Awareness,North America,Mobile,1848,57,1,113.34,173.78
2025-01-18,Google Ads,Google Ads - Conversion - No,Conversion,North America,Tablet,1881,54,1,92.6,116.47
2025-12-21,Instagram,Instagram - Retargeting - As,Retargeting,Asia Pacific,Desktop,1464,18,0,9.84,0.0
2025-08-03,Google Ads,Google Ads - Brand Awareness - Eu,Brand Awareness,Europe,Mobile,2322,72,2,129.94,308.48
2025-12-26,Email,Email - Brand Awareness - As,Brand Awareness,Asia Pacific,Desktop,1260,36,0,28.37,0.0
2025-06-23,LinkedIn,LinkedIn - Conversion - No,Conversion,North America,Tablet,1288,8,0,38.57,0.0
2025-09-20,LinkedIn,LinkedIn - Brand Awareness - No,Brand Awareness,North America,Tablet,818,6,0,27.35,0.0
2025-10-02,Instagram,Instagram - Retargeting - LA,Retargeting,LATAM,Desktop,1418,20,1,18.88,144.34
2025-01-28,Google Ads,Google Ads - Brand Awareness - No,Brand Awareness,North America,Mobile,1880,39,0,57.18,0.0
2025-01-26,Facebook,Facebook - Brand Awareness - Eu,Brand Awareness,Europe,Tablet,3120,32,0,36.31,0.0
2025-06-08,LinkedIn,LinkedIn - Conversion - No,Conversion,North America,Mobile,683,6,0,29.03,0.0
2025-09-19,Facebook,Facebook - Lead Generation - No,Lead Generation,North America,Mobile,1193,10,0,19.65,0.0
2025-11-30,Facebook,Facebook - Retargeting - No,Retargeting,North America,Mobile,2514,45,2,65.34,225.79
2025-12-06,Instagram,Instagram - Lead Generation - LA,Lead Generation,LATAM,Mobile,1197,13,0,26.47,0.0
2025-12-10,Facebook,Facebook - Lead Generation - No,Lead Generation,North America,Mobile,2457,28,0,53.61,0.0
2025-11-23,LinkedIn,LinkedIn - Brand Awareness - No,Brand Awareness,North America,Mobile,1188,9,0,39.33,0.0
2025-10-31,Google Ads,Google Ads - Brand Awareness - Eu,Brand Awareness,Europe,Desktop,2396,42,0,85.05,0.0
2025-05-21,Facebook,Facebook - Retargeting - As,Retargeting,Asia Pacific,Desktop,2672,37,1,40.45,105.14
2025-11-04,YouTube,YouTube - Lead Generation - Eu,Lead Generation,Europe,Mobile,628,2,0,0.68,0.0
2025-12-15,Instagram,Instagram - Brand Awareness - Eu,Brand Awareness,Europe,Desktop,926,14,0,22.76,0.0
2025-05-19,Facebook,Facebook - Conversion - Eu,Conversion,Europe,Desktop,2992,31,0,42.53,0.0
2025-08-16,LinkedIn,LinkedIn - Conversion - LA,Conversion,LATAM,Desktop,1565,12,0,53.66,0.0
2025-07-03,YouTube,YouTube - Conversion - Eu,Conversion,Europe,Mobile,1154,6,0,-0.74,0.0
2025-10-03,Facebook,Facebook - Retargeting - Eu,Retargeting,Europe,Mobile,1084,11,0,12.77,0.0
2025-06-11,YouTube,YouTube - Conversion - No,Conversion,North America,Mobile,488,3,0,1.33,0.0
2025-02-01,Instagram,Instagram - Lead Generation - LA,Lead Generation,LATAM,Desktop,407,4,0,3.57,0.0
2025-10-19,Instagram,Instagram - Brand Awareness - As,Brand Awareness,Asia Pacific,Desktop,739,6,0,13.6,0.0
2025-10-26,YouTube,YouTube - Conversion - No,Conversion,North America,Desktop,836,4,0,3.65,0.0
2025-02-25,LinkedIn,LinkedIn - Lead Generation - As,Lead Generation,Asia Pacific,Desktop,1130,7,0,28.55,0.0
2025-12-13,Google Ads,Google Ads - Brand Awareness - As,Brand Awareness,Asia Pacific,Mobile,2352,63,0,135.4,0.0
2025-07-31,YouTube,YouTube - Conversion - LA,Conversion,LATAM,Mobile,1202,4,0,0.7,0.0
2025-05-13,Email,Email - Retargeting - LA,Retargeting,LATAM,Mobile,385,14,0,8.42,0.0
2025-12-10,Google Ads,Google Ads - Lead Generation - Eu,Lead Generation,Europe,Mobile,2207,43,0,103.97,0.0
2025-01-22,Facebook,Facebook - Retargeting - LA,Retargeting,LATAM,Mobile,1329,14,0,15.68,0.0
2025-11-21,Email,Email - Brand Awareness - As,Brand Awareness,Asia Pacific,Mobile,815,20,0,5.45,0.0
2025-03-08,Instagram,Instagram - Brand Awareness - No,Brand Awareness,North America,Desktop,680,6,0,6.14,0.0
2025-02-09,LinkedIn,LinkedIn - Brand Awareness - As,Brand Awareness,Asia Pacific,Desktop,1417,10,0,52.16,0.0
2025-10-25,Instagram,Instagram - Retargeting - LA,Retargeting,LATAM,Mobile,917,11,0,6.57,0.0
2025-08-06,Facebook,Facebook - Conversion - Eu,Conversion,Europe,Mobile,1040,16,0,21.98,0.0
2025-06-27,Instagram,Instagram - Brand Awareness - As,Brand Awareness,Asia Pacific,Desktop,225,3,0,2.42,0.0
2025-12-29,Instagram,Instagram - Brand Awareness - No,Brand Awareness,North America,Mobile,759,7,0,7.08,0.0
2025-07-12,Facebook,Facebook - Lead Generation - As,Lead Generation,Asia Pacific,Desktop,1941,34,0,47.03,0.0
2025-11-27,Google Ads,Google Ads - Retargeting - No,Retargeting,North America,Mobile,1359,29,1,74.86,149.19
2025-07-18,Instagram,Instagram - Brand Awareness - No,Brand Awareness,North America,Mobile,1018,12,0,15.75,0.0
2025-12-09,Google Ads,Google Ads - Retargeting - LA,Retargeting,LATAM,Tablet,1512,44,2,55.27,427.49
2025-06-10,Google Ads,Google Ads - Conversion - LA,Conversion,LATAM,Mobile,1146,26,0,51.67,0.0
2025-03-27,Google Ads,Google Ads - Conversion - Eu,Conversion,Europe,Desktop,2402,36,0,46.84,0.0
2025-06-21,LinkedIn,LinkedIn - Brand Awareness - LA,Brand Awareness,LATAM,Tablet,1516,7,0,36.84,0.0
2025-12-25,Facebook,Facebook - Conversion - No,Conversion,North America,Desktop,1619,21,0,42.42,0.0
2025-02-19,Instagram,Instagram - Lead Generation - As,Lead Generation,Asia Pacific,Mobile,656,8,0,4.31,0.0
2025-09-20,Instagram,Instagram - Conversion - As,Conversion,Asia Pacific,Desktop,1161,15,0,27.12,0.0
2025-06-06,LinkedIn,LinkedIn - Lead Generation - Eu,Lead Generation,Europe,Desktop,799,6,0,26.74,0.0
2025-11-15,Google Ads,Google Ads - Retargeting - LA,Retargeting,LATAM,Desktop,2697,51,3,111.69,501.06
2025-12-21,YouTube,YouTube - Brand Awareness - LA,Brand Awareness,LATAM,Desktop,720,3,0,2.25,0.0
2025-01-20,Instagram,Instagram - Conversion - No,Conversion,North America,Desktop,788,8,0,7.65,0.0
2025-11-30,Instagram,Instagram - Brand Awareness - As,Brand Awareness,Asia Pacific,Desktop,590,5,0,7.87,0.0
2025-07-02,Facebook,Facebook - Brand Awareness - LA,Brand Awareness,LATAM,Mobile,2221,32,0,68.29,0.0
2025-01-09,LinkedIn,LinkedIn - Retargeting - Eu,Retargeting,Europe,Desktop,1289,5,0,23.12,0.0
2025-02-03,YouTube,YouTube - Lead Generation - As,Lead Generation,Asia Pacific,Mobile,1006,5,0,7.49,0.0
2025-11-20,Facebook,Facebook - Conversion - As,Conversion,Asia Pacific,Mobile,2820,43,1,95.59,140.96
2025-05-12,LinkedIn,LinkedIn - Lead Generation - No,Lead Generation,North America,Desktop,467,4,0,17.75,0.0
2025-09-28,Email,Email - Conversion - As,Conversion,Asia Pacific,Desktop,716,16,0,-6.7,0.0
2025-10-03,Google Ads,Google Ads - Retargeting - LA,Retargeting,LATAM,Desktop,346,11,0,17.03,0.0
2025-09-07,Facebook,Facebook - Brand Awareness - Eu,Brand Awareness,Europe,Desktop,1215,18,0,23.31,0.0
2025-01-30,Google Ads,Google Ads - Retargeting - Eu,Retargeting,Europe,Tablet,2197,64,2,139.81,303.79
2025-08-01,LinkedIn,LinkedIn - Lead Generation - Eu,Lead Generation,Europe,Mobile,1109,5,0,25.18,0.0
2025-08-10,LinkedIn,LinkedIn - Retargeting - As,Retargeting,Asia Pacific,Desktop,1388,9,0,34.92,0.0
2025-08-09,Instagram,Instagram - Retargeting - As,Retargeting,Asia Pacific,Mobile,994,17,0,11.44,0.0
2025-02-24,Instagram,Instagram - Brand Awareness - LA,Brand Awareness,LATAM,Desktop,442,5,0,5.15,0.0
2025-05-15,Facebook,Facebook - Conversion - Eu,Conversion,Europe,Mobile,1290,17,0,18.76,0.0
2025-12-11,Google Ads,Google Ads - Retargeting - Eu,Retargeting,Europe,Desktop,2126,55,2,90.3,355.5
2025-09-07,Facebook,Facebook - Retargeting - As,Retargeting,Asia Pacific,Desktop,2532,28,1,15.59,104.13
2025-01-09,Instagram,Instagram - Brand Awareness - As,Brand Awareness,Asia Pacific,Tablet,730,6,0,6.91,0.0
2025-11-14,Email,Email - Conversion - Eu,Conversion,Europe,Desktop,1133,35,0,0.36,0.0
2025-09-28,Instagram,Instagram - Lead Generation - LA,Lead Generation,LATAM,Desktop,880,12,0,12.8,0.0
2025-03-09,Facebook,Facebook - Conversion - As,Conversion,Asia Pacific,Tablet,1917,27,0,37.23,0.0
2025-01-26,Email,Email - Retargeting - No,Retargeting,North America,Mobile,470,16,0,15.7,0.0
2025-10-09,Facebook,Facebook - Brand Awareness - No,Brand Awareness,North America,Mobile,1250,19,0,31.26,0.0
2025-11-19,YouTube,YouTube - Brand Awareness - LA,Brand Awareness,LATAM,Mobile,1476,9,0,9.24,0.0
2025-04-15,Email,Email - Brand Awareness - LA,Brand Awareness,LATAM,Desktop,1501,38,0,26.31,0.0
2025-05-07,Instagram,Instagram - Retargeting - LA,Retargeting,LATAM,Mobile,1016,11,0,-3.27,0.0
2025-10-15,LinkedIn,LinkedIn - Brand Awareness - No,Brand Awareness,North America,Tablet,262,1,0,3.57,0.0
2025-02-11,Google Ads,Google Ads - Brand Awareness - Eu,Brand Awareness,Europe,Desktop,3115,68,1,166.54,136.36
2025-05-15,LinkedIn,LinkedIn - Retargeting - LA,Retargeting,LATAM,Desktop,1024,10,0,46.26,0.0
2025-11-17,LinkedIn,LinkedIn - Retargeting - LA,Retargeting,LATAM,Mobile,1944,14,0,64.14,0.0
2025-06-18,Instagram,Instagram - Brand Awareness - Eu,Brand Awareness,Europe,Mobile,1757,16,0,4.68,0.0
2025-12-23,LinkedIn,LinkedIn - Brand Awareness - As,Brand Awareness,Asia Pacific,Mobile,1004,5,0,19.02,0.0
2025-12-25,Facebook,Facebook - Conversion - LA,Conversion,LATAM,Desktop,2684,43,0,75.57,0.0
2025-04-19,LinkedIn,LinkedIn - Lead Generation - No,Lead Generation,North America,Mobile,1123,8,0,34.06,0.0
2025-03-19,Google Ads,Google Ads - Brand Awareness - As,Brand Awareness,Asia Pacific,Mobile,1512,53,0,80.69,0.0
2025-06-17,Email,Email - Conversion - LA,Conversion,LATAM,Mobile,902,31,0,8.8,0.0
2025-10-31,Facebook,Facebook - Lead Generation - No,Lead Generation,North America,Mobile,3503,48,0,88.85,0.0
2025-03-11,Google Ads,Google Ads - Retargeting - Eu,Retargeting,Europe,Mobile,1387,25,1,40.21,173.56
2025-02-05,Facebook,Facebook - Conversion - Eu,Conversion,Europe,Desktop,1251,19,0,22.6,0.0
2025-06-28,Google Ads,Google Ads - Lead Generation - No,Lead Generation,North America,Mobile,3328,101,1,287.72,125.25
2025-04-16,Instagram,Instagram - Brand Awareness - Eu,Brand Awareness,Europe,Mobile,1081,10,0,4.57,0.0
2025-07-12,LinkedIn,LinkedIn - Lead Generation - No,Lead Generation,North America,Mobile,1917,13,0,64.39,0.0
2025-02-20,Google Ads,Google Ads - Conversion - No,Conversion,North America,Desktop,2448,56,0,95.72,0.0
2025-06-24,Google Ads,Google Ads - Brand Awareness - No,Brand Awareness,North America,Desktop,1746,32,0,60.42,0.0
2025-04-20,YouTube,YouTube - Retargeting - Eu,Retargeting,Europe,Mobile,1162,6,0,2.21,0.0
2025-04-12,Google Ads,Google Ads - Brand Awareness - No,Brand Awareness,North America,Mobile,1582,47,0,131.03,0.0
2025-09-13,Instagram,Instagram - Brand Awareness - No,Brand Awareness,North America,Mobile,1085,8,0,14.35,0.0
2025-12-25,Google Ads,Google Ads - Lead Generation - As,Lead Generation,Asia Pacific,Mobile,1416,43,0,93.95,0.0
2025-01-09,Google Ads,Google Ads - Retargeting - LA,Retargeting,LATAM,Mobile,1745,46,2,62.93,308.38
2025-08-19,Google Ads,Google Ads - Retargeting - LA,Retargeting,LATAM,Mobile,381,9,0,9.77,0.0
2025-12-21,Google Ads,Google Ads - Brand Awareness - Eu,Brand Awareness,Europe,Desktop,2382,51,1,69.09,134.6
2025-08-10,Google Ads,Google Ads - Brand Awareness - No,Brand Awareness,North America,Desktop,1301,27,0,50.27,0.0
2025-08-25,Instagram,Instagram - Brand Awareness - LA,Brand Awareness,LATAM,Mobile,1344,14,0,6.5,0.0
2025-02-24,Google Ads,Google Ads - Lead Generation - LA,Lead Generation,LATAM,Mobile,2760,60,0,118.65,0.0
2025-10-03,Email,Email - Retargeting - LA,Retargeting,LATAM,Mobile,619,20,1,-0.6,151.0
2025-02-03,Facebook,Facebook - Retargeting - As,Retargeting,Asia Pacific,Mobile,1712,20,1,44.1,133.99
2025-01-11,YouTube,YouTube - Brand Awareness - No,Brand Awareness,North America,Tablet,631,3,0,1.35,0.0
2025-02-11,Instagram,Instagram - Lead Generation - Eu,Lead Generation,Europe,Desktop,579,9,0,10.67,0.0
2025-11-03,Facebook,Facebook - Retargeting - LA,Retargeting,LATAM,Mobile,1898,47,1,59.44,101.94
2025-12-20,Google Ads,Google Ads - Conversion - LA,Conversion,LATAM,Desktop,2152,44,1,81.67,138.49
2025-10-18,Email,Email - Retargeting - LA,Retargeting,LATAM,Desktop,1398,49,3,21.05,351.55
2025-12-24,Facebook,Facebook - Retargeting - As,Retargeting,Asia Pacific,Mobile,1712,31,1,37.45,138.17
2025-10-24,YouTube,YouTube - Lead Generation - As,Lead Generation,Asia Pacific,Mobile,1283,7,0,4.12,0.0
2025-11-22,LinkedIn,LinkedIn - Brand Awareness - No,Brand Awareness,North America,Mobile,983,7,0,30.58,0.0
2025-09-07,Google Ads,Google Ads - Brand Awareness - LA,Brand Awareness,LATAM,Mobile,1940,63,1,144.36,138.47
2026-01-04,Instagram,Instagram - Conversion - As,Conversion,Asia Pacific,Mobile,1055,13,0,6.85,0.0
2025-09-12,Google Ads,Google Ads - Conversion - As,Conversion,Asia Pacific,Desktop,2644,54,1,84.01,115.0
2025-03-30,Facebook,Facebook - Retargeting - As,Retargeting,Asia Pacific,Desktop,1825,36,1,45.18,127.97
2025-02-10,Facebook,Facebook - Brand Awareness - LA,Brand Awareness,LATAM,Mobile,739,11,0,15.75,0.0
2025-02-19,Google Ads,Google Ads - Lead Generation - As,Lead Generation,Asia Pacific,Mobile,2182,35,0,28.91,0.0
2025-09-06,Google Ads,Google Ads - Brand Awareness - No,Brand Awareness,North America,Tablet,2336,55,0,96.13,0.0
2025-07-14,Facebook,Facebook - Retargeting - No,Retargeting,North America,Mobile,2053,23,1,7.8,149.23
2025-04-22,Instagram,Instagram - Lead Generation - LA,Lead Generation,LATAM,Desktop,1417,15,0,31.09,0.0
2025-09-05,YouTube,YouTube - Brand Awareness - Eu,Brand Awareness,Europe,Mobile,1001,5,0,-2.27,0.0
2025-03-14,Instagram,Instagram - Lead Generation - No,Lead Generation,North America,Mobile,970,9,0,7.48,0.0
2025-11-21,Google Ads,Google Ads - Conversion - Eu,Conversion,Europe,Tablet,1721,50,1,109.32,103.09
2025-09-02,Facebook,Facebook - Conversion - As,Conversion,Asia Pacific,Desktop,2615,57,0,51.82,0.0
2025-12-20,LinkedIn,LinkedIn - Conversion - No,Conversion,North America,Mobile,1262,9,0,45.74,0.0
2025-08-10,Google Ads,Google Ads - Conversion - As,Conversion,Asia Pacific,Desktop,2618,44,1,64.8,143.37
2025-12-08,Email,Email - Brand Awareness - LA,Brand Awareness,LATAM,Mobile,1426,38,0,-6.44,0.0
2025-06-06,Google Ads,Google Ads - Brand Awareness - LA,Brand Awareness,LATAM,Mobile,1563,39,1,64.24,160.25
2025-06-01,Facebook,Facebook - Conversion - As,Conversion,Asia Pacific,Desktop,944,10,0,23.03,0.0
2025-08-01,Facebook,Facebook - Lead Generation - LA,Lead Generation,LATAM,Desktop,1418,20,0,33.77,0.0
2025-10-11,YouTube,YouTube - Retargeting - No,Retargeting,North America,Desktop,1254,5,0,0.63,0.0
2025-07-06,Email,Email - Lead Generation - As,Lead Generation,Asia Pacific,Mobile,937,27,0,-15.46,0.0
2025-10-20,Email,Email - Brand Awareness - As,Brand Awareness,Asia Pacific,Mobile,823,26,0,3.35,0.0
2025-01-10,Google Ads,Google Ads - Conversion - Eu,Conversion,Europe,Mobile,2150,28,0,52.41,0.0
2025-01-25,YouTube,YouTube - Lead Generation - LA,Lead Generation,LATAM,Tablet,1299,6,0,5.3,0.0
2025-02-13,YouTube,YouTube - Lead Generation - Eu,Lead Generation,Europe,Desktop,684,3,0,1.85,0.0
2025-01-17,Google Ads,Google Ads - Lead Generation - Eu,Lead Generation,Europe,Mobile,1271,38,0,96.88,0.0
2025-04-20,Email,Email - Lead Generation - LA,Lead Generation,LATAM,Mobile,1116,30,0,-12.0,0.0
2025-11-15,LinkedIn,LinkedIn - Lead Generation - As,Lead Generation,Asia Pacific,Desktop,935,6,0,30.48,0.0
2025-08-14,YouTube,YouTube - Lead Generation - Eu,Lead Generation,Europe,Desktop,961,4,0,2.78,0.0
2025-09-04,Facebook,Facebook - Retargeting - Eu,Retargeting,Europe,Desktop,1887,19,0,34.45,0.0
2025-11-12,Facebook,Facebook - Lead Generation - No,Lead Generation,North America,Tablet,1462,27,0,48.17,0.0
2025-08-26,LinkedIn,LinkedIn - Retargeting - As,Retargeting,Asia Pacific,Mobile,776,5,0,27.43,0.0
2025-09-08,Instagram,Instagram - Conversion - Eu,Conversion,Europe,Desktop,1020,14,0,14.51,0.0
2025-05-31,Google Ads,Google Ads - Conversion - Eu,Conversion,Europe,Desktop,1860,53,1,79.41,120.94
2025-11-23,YouTube,YouTube - Retargeting - As,Retargeting,Asia Pacific,Desktop,869,5,0,0.75,0.0
2025-04-25,Google Ads,Google Ads - Brand Awareness - As,Brand Awareness,Asia Pacific,Desktop,1679,54,1,111.85,157.92
2025-03-31,Facebook,Facebook - Lead Generation - Eu,Lead Generation,Europe,Tablet,2345,47,0,67.49,0.0
2025-11-24,Google Ads,Google Ads - Brand Awareness - LA,Brand Awareness,LATAM,Mobile,610,19,0,46.47,0.0
2025-10-18,Facebook,Facebook - Retargeting - Eu,Retargeting,Europe,Desktop,910,11,0,12.31,0.0
2025-03-17,Instagram,Instagram - Conversion - LA,Conversion,LATAM,Mobile,1102,10,0,7.03,0.0
2025-12-25,Instagram,Instagram - Conversion - Eu,Conversion,Europe,Mobile,677,7,0,4.43,0.0
2025-02-03,Instagram,Instagram - Lead Generation - LA,Lead Generation,LATAM,Desktop,1018,14,0,25.8,0.0
2025-07-04,Instagram,Instagram - Conversion - As,Conversion,Asia Pacific,Mobile,1153,9,0,12.54,0.0
2025-06-21,Facebook,Facebook - Retargeting - Eu,Retargeting,Europe,Desktop,1112,12,0,29.74,0.0
2025-03-16,YouTube,YouTube - Brand Awareness - Eu,Brand Awareness,Europe,Desktop,689,4,0,0.51,0.0
2025-04-19,Facebook,Facebook - Brand Awareness - LA,Brand Awareness,LATAM,Tablet,1962,29,0,11.61,0.0
2025-04-15,Google Ads,Google Ads - Brand Awareness - No,Brand Awareness,North America,Mobile,1497,39,0,76.49,0.0
2025-04-08,Google Ads,Google Ads - Brand Awareness - Eu,Brand Awareness,Europe,Desktop,1142,24,0,64.01,0.0
2025-09-29,LinkedIn,LinkedIn - Lead Generation - No,Lead Generation,North America,Mobile,1041,7,0,31.7,0.0
2025-02-26,Facebook,Facebook - Retargeting - As,Retargeting,Asia Pacific,Tablet,2114,39,2,57.07,237.88
2025-08-13,Instagram,Instagram - Retargeting - Eu,Retargeting,Europe,Desktop,1059,13,0,15.43,0.0
2025-10-12,LinkedIn,LinkedIn - Retargeting - As,Retargeting,Asia Pacific,Mobile,1400,13,0,48.28,0.0
2025-04-05,Instagram,Instagram - Conversion - No,Conversion,North America,Mobile,1409,14,0,5.75,0.0
2025-05-16,YouTube,YouTube - Conversion - Eu,Conversion,Europe,Tablet,1398,5,0,0.77,0.0
2025-10-05,Google Ads,Google Ads - Retargeting - LA,Retargeting,LATAM,Mobile,2645,71,3,109.14,351.16
2025-03-03,Instagram,Instagram - Lead Generation - Eu,Lead Generation,Europe,Mobile,1054,13,0,34.7,0.0
2025-12-18,Email,Email - Conversion - As,Conversion,Asia Pacific,Mobile,819,19,0,2.14,0.0
2025-06-06,Instagram,Instagram - Brand Awareness - LA,Brand Awareness,LATAM,Mobile,668,8,0,4.82,0.0
2025-01-27,Google Ads,Google Ads - Brand Awareness - No,Brand Awareness,North America,Desktop,2731,63,0,128.21,0.0
2025-03-01,Instagram,Instagram - Brand Awareness - LA,Brand Awareness,LATAM,Mobile,782,10,0,12.83,0.0
2025-05-11,YouTube,YouTube - Conversion - No,Conversion,North America,Mobile,871,3,0,1.21,0.0
2025-08-07,YouTube,YouTube - Lead Generation - Eu,Lead Generation,Europe,Mobile,767,3,0,1.68,0.0
2025-04-16,Facebook,Facebook - Conversion - LA,Conversion,LATAM,Mobile,3324,33,0,62.26,0.0
2025-12-10,Google Ads,Google Ads - Brand Awareness - As,Brand Awareness,Asia Pacific,Desktop,2466,70,1,97.66,144.86
2025-10-26,Instagram,Instagram - Retargeting - No,Retargeting,North America,Mobile,840,12,0,12.55,0.0
2025-07-23,Instagram,Instagram - Lead Generation - LA,Lead Generation,LATAM,Mobile,1289,17,0,16.65,0.0
2025-10-03,LinkedIn,LinkedIn - Conversion - Eu,Conversion,Europe,Mobile,1464,13,0,65.21,0.0
2025-09-16,YouTube,YouTube - Brand Awareness - No,Brand Awareness,North America,Mobile,1405,7,0,7.55,0.0
2026-01-04,Instagram,Instagram - Retargeting - As,Retargeting,Asia Pacific,Desktop,1479,19,0,14.47,0.0
2025-02-21,Instagram,Instagram - Conversion - Eu,Conversion,Europe,Mobile,684,8,0,4.88,0.0
2025-04-13,Facebook,Facebook - Retargeting - No,Retargeting,North America,Desktop,1768,25,0,32.55,0.0
2025-07-15,Google Ads,Google Ads - Lead Generation - As,Lead Generation,Asia Pacific,Mobile,1190,34,0,76.58,0.0
2025-08-23,Facebook,Facebook - Retargeting - No,Retargeting,North America,Mobile,1549,16,0,27.66,0.0
2025-01-27,Google Ads,Google Ads - Lead Generation - Eu,Lead Generation,Europe,Desktop,1740,56,1,139.09,140.92
2025-07-12,YouTube,YouTube - Lead Generation - LA,Lead Generation,LATAM,Mobile,500,3,0,3.44,0.0
2025-05-07,Instagram,Instagram - Retargeting - Eu,Retargeting,Europe,Desktop,1324,16,0,7.84,0.0
2025-07-11,Facebook,Facebook - Conversion - LA,Conversion,LATAM,Desktop,2937,48,0,52.84,0.0
2025-08-31,Instagram,Instagram - Lead Generation - No,Lead Generation,North America,Mobile,834,8,0,12.2,0.0
2025-05-14,Instagram,Instagram - Lead Generation - Eu,Lead Generation,Europe,Mobile,924,9,0,10.43,0.0
2025-06-19,Instagram,Instagram - Retargeting - No,Retargeting,North America,Mobile,1456,18,1,18.23,213.2
2025-11-11,Google Ads,Google Ads - Retargeting - As,Retargeting,Asia Pacific,Desktop,1923,62,3,63.39,671.25
2025-10-10,Google Ads,Google Ads - Brand Awareness - No,Brand Awareness,North America,Desktop,2027,56,1,95.5,200.87
2025-09-08,LinkedIn,LinkedIn - Brand Awareness - LA,Brand Awareness,LATAM,Mobile,676,6,0,27.82,0.0
2025-01-19,Google Ads,Google Ads - Retargeting - Eu,Retargeting,Europe,Mobile,1230,23,1,33.27,146.85
2025-07-29,Instagram,Instagram - Retargeting - LA,Retargeting,LATAM,Desktop,1252,15,0,9.25,0.0
2025-05-26,Facebook,Facebook - Conversion - No,Conversion,North America,Mobile,2684,29,0,64.13,0.0
2025-09-27,Facebook,Facebook - Retargeting - No,Retargeting,North America,Desktop,2262,20,1,24.35,191.22
2025-02-07,LinkedIn,LinkedIn - Brand Awareness - As,Brand Awareness,Asia Pacific,Mobile,1127,10,0,41.17,0.0
2025-11-26,Instagram,Instagram - Retargeting - Eu,Retargeting,Europe,Desktop,685,10,0,10.49,0.0
2025-02-13,Email,Email - Brand Awareness - As,Brand Awareness,Asia Pacific,Mobile,1491,39,0,-7.98,0.0
2025-01-08,Facebook,Facebook - Lead Generation - Eu,Lead Generation,Europe,Desktop,1732,24,0,54.85,0.0
2025-09-04,LinkedIn,LinkedIn - Brand Awareness - LA,Brand Awareness,LATAM,Mobile,779,6,0,27.52,0.0
2025-01-15,Google Ads,Google Ads - Brand Awareness - LA,Brand Awareness,LATAM,Desktop,1855,55,1,61.68,154.16
2025-09-28,LinkedIn,LinkedIn - Lead Generation - LA,Lead Generation,LATAM,Mobile,1544,10,0,41.61,0.0
2025-09-19,Instagram,Instagram - Retargeting - Eu,Retargeting,Europe,Mobile,970,10,0,9.93,0.0
2025-07-18,YouTube,YouTube - Retargeting - LA,Retargeting,LATAM,Desktop,707,3,0,1.78,0.0
2025-08-28,Instagram,Instagram - Retargeting - As,Retargeting,Asia Pacific,Desktop,854,10,0,18.85,0.0
2025-09-29,Facebook,Facebook - Lead Generation - Eu,Lead Generation,Europe,Desktop,2364,33,0,38.26,0.0
2025-03-13,Instagram,Instagram - Lead Generation - Eu,Lead Generation,Europe,Mobile,1083,21,0,23.45,0.0
2025-10-24,Email,Email - Lead Generation - LA,Lead Generation,LATAM,Tablet,984,31,0,-2.14,0.0
2025-11-08,LinkedIn,LinkedIn - Brand Awareness - LA,Brand Awareness,LATAM,Desktop,1239,10,0,43.69,0.0
2025-09-14,Instagram,Instagram - Conversion - LA,Conversion,LATAM,Mobile,660,9,0,17.6,0.0
2025-01-30,Google Ads,Google Ads - Brand Awareness - As,Brand Awareness,Asia Pacific,Desktop,2020,46,1,147.35,78.28
2025-04-28,Email,Email - Conversion - As,Conversion,Asia Pacific,Mobile,1119,33,0,11.98,0.0
2025-03-12,Google Ads,Google Ads - Conversion - LA,Conversion,LATAM,Mobile,2059,49,1,122.4,201.68
2025-10-19,Facebook,Facebook - Conversion - No,Conversion,North America,Mobile,2347,37,1,46.96,161.54
2025-11-06,YouTube,YouTube - Retargeting - LA,Retargeting,LATAM,Desktop,1433,8,0,9.97,0.0
2025-05-27,Google Ads,Google Ads - Conversion - Eu,Conversion,Europe,Desktop,1640,39,0,77.32,0.0
2025-04-05,LinkedIn,LinkedIn - Brand Awareness - LA,Brand Awareness,LATAM,Mobile,1025,4,0,16.92,0.0
2025-11-07,Email,Email - Conversion - Eu,Conversion,Europe,Mobile,1185,18,0,-3.39,0.0
2025-08-20,Instagram,Instagram - Lead Generation - LA,Lead Generation,LATAM,Mobile,929,13,0,11.45,0.0
2025-02-08,Email,Email - Retargeting - No,Retargeting,North America,Desktop,1016,25,0,12.34,0.0
2025-04-23,Google Ads,Google Ads - Lead Generation - As,Lead Generation,Asia Pacific,Desktop,2650,62,1,82.42,153.48
2025-05-23,Facebook,Facebook - Conversion - As,Conversion,Asia Pacific,Mobile,2392,36,0,42.76,0.0
2025-02-15,Instagram,Instagram - Lead Generation - No,Lead Generation,North America,Desktop,706,5,0,7.07,0.0
2025-08-08,Facebook,Facebook - Brand Awareness - Eu,Brand Awareness,Europe,Mobile,3435,46,1,53.52,141.71
2025-02-11,YouTube,YouTube - Retargeting - LA,Retargeting,LATAM,Desktop,956,4,0,2.43,0.0
2025-09-15,Instagram,Instagram - Retargeting - No,Retargeting,North America,Mobile,730,7,0,9.33,0.0
2025-06-25,Google Ads,Google Ads - Brand Awareness - As,Brand Awareness,Asia Pacific,Desktop,2470,40,0,84.93,0.0
2025-08-28,Facebook,Facebook - Lead Generation - LA,Lead Generation,LATAM,Desktop,1934,35,0,69.31,0.0
2025-01-22,YouTube,YouTube - Brand Awareness - As,Brand Awareness,Asia Pacific,Desktop,1177,7,0,2.75,0.0
2025-10-06,Instagram,Instagram - Lead Generation - LA,Lead Generation,LATAM,Desktop,1310,16,0,17.23,0.0
2025-05-19,Google Ads,Google Ads - Lead Generation - As,Lead Generation,Asia Pacific,Mobile,1772,45,0,82.07,0.0
2025-12-12,Instagram,Instagram - Lead Generation - No,Lead Generation,North America,Desktop,887,11,0,5.18,0.0
2025-02-09,Instagram,Instagram - Lead Generation - Eu,Lead Generation,Europe,Mobile,924,14,0,9.85,0.0
2025-02-12,Google Ads,Google Ads - Lead Generation - As,Lead Generation,Asia Pacific,Desktop,1445,50,0,121.46,0.0
2025-02-20,Google Ads,Google Ads - Retargeting - As,Retargeting,Asia Pacific,Mobile,2295,63,3,136.92,524.41
2025-09-20,Facebook,Facebook - Conversion - As,Conversion,Asia Pacific,Mobile,1520,20,0,28.58,0.0
2025-12-26,Instagram,Instagram - Lead Generation - As,Lead Generation,Asia Pacific,Mobile,600,6,0,6.83,0.0
2025-12-20,Instagram,Instagram - Lead Generation - Eu,Lead Generation,Europe,Mobile,1260,13,0,5.89,0.0
2025-07-23,Facebook,Facebook - Lead Generation - Eu,Lead Generation,Europe,Mobile,1837,35,0,41.25,0.0
2025-04-29,Google Ads,Google Ads - Brand Awareness - No,Brand Awareness,North America,Tablet,1751,28,0,60.16,0.0
2025-10-17,Instagram,Instagram - Conversion - Eu,Conversion,Europe,Desktop,709,9,0,3.29,0.0
2025-06-27,Facebook,Facebook - Brand Awareness - No,Brand Awareness,North America,Mobile,1773,31,0,7.35,0.0
2025-11-22,Google Ads,Google Ads - Conversion - As,Conversion,Asia Pacific,Tablet,2185,62,1,126.1,111.22
2025-08-16,Facebook,Facebook - Retargeting - Eu,Retargeting,Europe,Mobile,2146,32,1,31.68,170.87
2025-06-27,Facebook,Facebook - Conversion - Eu,Conversion,Europe,Tablet,1964,39,0,64.25,0.0
2025-11-07,Google Ads,Google Ads - Retargeting - Eu,Retargeting,Europe,Mobile,2733,47,2,108.1,298.71
2025-02-28,Instagram,Instagram - Retargeting - LA,Retargeting,LATAM,Mobile,1144,14,0,11.84,0.0
2025-02-01,Facebook,Facebook - Retargeting - As,Retargeting,Asia Pacific,Desktop,1381,26,1,23.85,175.15
2025-12-05,Instagram,Instagram - Retargeting - Eu,Retargeting,Europe,Mobile,1228,18,1,27.67,178.0
2025-07-30,Google Ads,Google Ads - Brand Awareness - Eu,Brand Awareness,Europe,Mobile,361,6,0,10.23,0.0
2025-07-21,Instagram,Instagram - Conversion - Eu,Conversion,Europe,Mobile,1300,16,0,10.72,0.0
2025-11-19,Instagram,Instagram - Brand Awareness - As,Brand Awareness,Asia Pacific,Desktop,1118,13,0,18.12,0.0
2025-10-05,Google Ads,Google Ads - Conversion - No,Conversion,North America,Desktop,1727,32,0,54.18,0.0
2025-03-08,LinkedIn,LinkedIn - Lead Generation - As,Lead Generation,Asia Pacific,Mobile,333,3,0,12.6,0.0
2025-10-03,Google Ads,Google Ads - Retargeting - As,Retargeting,Asia Pacific,Mobile,1673,43,2,71.08,261.05
2025-07-14,LinkedIn,LinkedIn - Brand Awareness - As,Brand Awareness,Asia Pacific,Desktop,340,3,0,11.53,0.0
2025-02-17,Google Ads,Google Ads - Lead Generation - As,Lead Generation,Asia Pacific,Desktop,1501,23,0,43.15,0.0
2025-02-02,Email,Email - Conversion - No,Conversion,North America,Mobile,976,23,0,17.12,0.0
2025-09-14,Google Ads,Google Ads - Retargeting - No,Retargeting,North America,Mobile,1698,36,1,93.18,164.54
2025-05-03,Facebook,Facebook - Brand Awareness - LA,Brand Awareness,LATAM,Desktop,2461,33,0,63.93,0.0
2025-04-04,Google Ads,Google Ads - Retargeting - No,Retargeting,North America,Desktop,2148,74,4,160.55,762.06
2025-07-28,Instagram,Instagram - Retargeting - LA,Retargeting,LATAM,Desktop,829,11,0,12.88,0.0
2025-06-30,Facebook,Facebook - Conversion - Eu,Conversion,Europe,Desktop,2323,34,0,53.62,0.0
2025-08-31,Facebook,Facebook - Conversion - No,Conversion,North America,Mobile,1974,32,0,40.66,0.0
2025-09-30,YouTube,YouTube - Brand Awareness - LA,Brand Awareness,LATAM,Tablet,693,4,0,2.5,0.0
2025-08-23,Email,Email - Retargeting - Eu,Retargeting,Europe,Desktop,967,23,1,12.95,178.58
2025-09-20,Google Ads,Google Ads - Brand Awareness - As,Brand Awareness,Asia Pacific,Desktop,1160,29,0,54.77,0.0
2025-10-08,LinkedIn,LinkedIn - Conversion - Eu,Conversion,Europe,Tablet,978,7,0,31.95,0.0
2025-05-24,LinkedIn,LinkedIn - Retargeting - Eu,Retargeting,Europe,Desktop,1010,6,0,27.06,0.0
2025-01-14,Instagram,Instagram - Conversion - As,Conversion,Asia Pacific,Mobile,1283,9,0,11.3,0.0
2025-03-15,Instagram,Instagram - Conversion - LA,Conversion,LATAM,Mobile,1287,18,0,17.92,0.0
2025-06-20,Google Ads,Google Ads - Conversion - Eu,Conversion,Europe,Desktop,1281,37,0,65.66,0.0
2025-11-22,LinkedIn,LinkedIn - Lead Generation - As,Lead Generation,Asia Pacific,Mobile,1320,12,0,51.38,0.0
2025-04-09,Google Ads,Google Ads - Lead Generation - No,Lead Generation,North America,Mobile,2387,38,0,64.37,0.0
2025-01-24,Google Ads,Google Ads - Conversion - No,Conversion,North America,Desktop,926,12,0,22.29,0.0
2025-03-03,YouTube,YouTube - Lead Generation - No,Lead Generation,North America,Tablet,1116,7,0,-2.33,0.0
2025-02-06,Facebook,Facebook - Retargeting - LA,Retargeting,LATAM,Mobile,3476,37,1,73.22,172.97
2025-04-14,Instagram,Instagram - Brand Awareness - As,Brand Awareness,Asia Pacific,Desktop,1647,23,0,19.63,0.0
2025-11-28,LinkedIn,LinkedIn - Retargeting - No,Retargeting,North America,Mobile,847,8,0,33.35,0.0
2025-03-24,Facebook,Facebook - Lead Generation - As,Lead Generation,Asia Pacific,Mobile,2135,33,0,63.43,0.0
2025-12-22,YouTube,YouTube - Brand Awareness - LA,Brand Awareness,LATAM,Mobile,1135,5,0,4.83,0.0
2025-07-07,Facebook,Facebook - Lead Generation - As,Lead Generation,Asia Pacific,Desktop,2370,43,0,55.6,0.0
2025-03-25,Instagram,Instagram - Lead Generation - Eu,Lead Generation,Europe,Tablet,1249,16,0,14.85,0.0
2025-05-15,Google Ads,Google Ads - Conversion - As,Conversion,Asia Pacific,Mobile,1669,37,0,70.58,0.0
2025-07-15,YouTube,YouTube - Conversion - No,Conversion,North America,Desktop,1603,6,0,0.76,0.0
2025-08-03,Facebook,Facebook - Retargeting - As,Retargeting,Asia Pacific,Desktop,1832,21,1,27.34,156.42
2025-12-10,YouTube,YouTube - Retargeting - As,Retargeting,Asia Pacific,Tablet,975,3,0,-0.5,0.0
2025-03-14,Google Ads,Google Ads - Brand Awareness - LA,Brand Awareness,LATAM,Desktop,1727,33,0,59.73,0.0
2025-03-01,LinkedIn,LinkedIn - Retargeting - As,Retargeting,Asia Pacific,Mobile,1470,12,0,45.34,0.0
2025-02-03,YouTube,YouTube - Lead Generation - As,Lead Generation,Asia Pacific,Mobile,829,4,0,2.77,0.0
2025-09-04,YouTube,YouTube - Conversion - LA,Conversion,LATAM,Mobile,1238,6,0,8.13,0.0
2025-06-12,Facebook,Facebook - Retargeting - LA,Retargeting,LATAM,Mobile,2390,33,1,31.47,171.64
2025-10-10,Facebook,Facebook - Retargeting - Eu,Retargeting,Europe,Mobile,766,13,0,4.09,0.0
2025-07-03,LinkedIn,LinkedIn - Brand Awareness - No,Brand Awareness,North America,Mobile,898,7,0,34.99,0.0
2025-01-17,Facebook,Facebook - Brand Awareness - LA,Brand Awareness,LATAM,Mobile,3485,53,1,67.5,144.97
2025-12-02,Google Ads,Google Ads - Brand Awareness - LA,Brand Awareness,LATAM,Desktop,1424,36,0,72.06,0.0
2025-01-29,LinkedIn,LinkedIn - Retargeting - LA,Retargeting,LATAM,Desktop,908,7,0,27.97,0.0
2025-04-29,YouTube,YouTube - Brand Awareness - Eu,Brand Awareness,Europe,Mobile,1577,6,0,4.29,0.0
2025-02-15,Instagram,Instagram - Brand Awareness - LA,Brand Awareness,LATAM,Tablet,909,9,0,12.4,0.0
2025-08-15,Instagram,Instagram - Conversion - Eu,Conversion,Europe,Mobile,1048,12,0,15.28,0.0
2025-11-18,LinkedIn,LinkedIn - Lead Generation - Eu,Lead Generation,Europe,Mobile,496,3,0,16.76,0.0
2025-02-12,Facebook,Facebook - Brand Awareness - As,Brand Awareness,Asia Pacific,Mobile,3461,52,1,34.39,134.07
2025-04-11,Instagram,Instagram - Retargeting - Eu,Retargeting,Europe,Mobile,491,6,0,6.54,0.0
2025-01-18,Facebook,Facebook - Retargeting - No,Retargeting,North America,Mobile,2698,36,2,77.26,216.25
2025-11-03,Facebook,Facebook - Lead Generation - As,Lead Generation,Asia Pacific,Mobile,2612,40,0,34.89,0.0
2025-03-22,LinkedIn,LinkedIn - Brand Awareness - As,Brand Awareness,Asia Pacific,Desktop,1101,8,0,36.86,0.0
2025-08-12,Google Ads,Google Ads - Retargeting - No,Retargeting,North America,Desktop,1991,57,2,85.93,423.51
2025-06-29,Google Ads,Google Ads - Conversion - No,Conversion,North America,Desktop,2526,33,0,80.74,0.0
2025-01-29,Facebook,Facebook - Conversion - No,Conversion,North America,Desktop,1747,29,0,49.62,0.0
2025-02-16,Google Ads,Google Ads - Conversion - No,Conversion,North America,Tablet,2037,66,1,98.28,164.0
2025-09-28,LinkedIn,LinkedIn - Brand Awareness - As,Brand Awareness,Asia Pacific,Tablet,1101,12,0,49.8,0.0
2025-03-03,YouTube,YouTube - Retargeting - As,Retargeting,Asia Pacific,Mobile,733,3,0,2.01,0.0
2025-10-15,Facebook,Facebook - Lead Generation - As,Lead Generation,Asia Pacific,Mobile,2171,35,0,55.95,0.0
2025-03-04,Facebook,Facebook - Conversion - As,Conversion,Asia Pacific,Mobile,2126,28,0,41.03,0.0
2025-04-25,Instagram,Instagram - Retargeting - LA,Retargeting,LATAM,Desktop,747,11,0,14.01,0.0
2025-10-19,Email,Email - Retargeting - LA,Retargeting,LATAM,Mobile,694,25,1,13.06,178.28
2025-01-30,Facebook,Facebook - Brand Awareness - As,Brand Awareness,Asia Pacific,Mobile,2387,29,0,45.0,0.0
2025-12-13,Facebook,Facebook - Brand Awareness - LA,Brand Awareness,LATAM,Desktop,611,8,0,15.81,0.0
2025-01-20,Instagram,Instagram - Lead Generation - Eu,Lead Generation,Europe,Desktop,636,5,0,1.75,0.0
2025-04-14,LinkedIn,LinkedIn - Lead Generation - As,Lead Generation,Asia Pacific,Desktop,1144,8,0,34.73,0.0
2025-11-10,Google Ads,Google Ads - Brand Awareness - Eu,Brand Awareness,Europe,Mobile,1533,36,0,37.33,0.0
2025-03-16,Instagram,Instagram - Conversion - LA,Conversion,LATAM,Desktop,1191,16,0,11.0,0.0
2025-01-26,Google Ads,Google Ads - Brand Awareness - No,Brand Awareness,North America,Mobile,2367,62,1,95.4,108.21
2025-09-19,Instagram,Instagram - Lead Generation - Eu,Lead Generation,Europe,Desktop,1315,14,0,21.66,0.0
2025-11-17,LinkedIn,LinkedIn - Lead Generation - LA,Lead Generation,LATAM,Mobile,887,8,0,37.5,0.0
2025-04-06,Google Ads,Google Ads - Retargeting - As,Retargeting,Asia Pacific,Mobile,2676,64,3,105.86,494.1
2025-03-01,YouTube,YouTube - Brand Awareness - No,Brand Awareness,North America,Desktop,921,4,0,2.46,0.0
2025-03-20,Facebook,Facebook - Brand Awareness - As,Brand Awareness,Asia Pacific,Desktop,2187,29,0,49.89,0.0
2025-03-08,Facebook,Facebook - Conversion - Eu,Conversion,Europe,Mobile,1508,25,0,46.48,0.0
2025-04-29,Instagram,Instagram - Retargeting - As,Retargeting,Asia Pacific,Mobile,915,12,0,24.01,0.0
2025-10-08,Instagram,Instagram - Lead Generation - LA,Lead Generation,LATAM,Mobile,777,7,0,9.55,0.0
2025-07-14,Facebook,Facebook - Retargeting - Eu,Retargeting,Europe,Desktop,2307,26,1,65.48,137.62
2025-10-02,LinkedIn,LinkedIn - Brand Awareness - LA,Brand Awareness,LATAM,Mobile,1222,11,0,56.28,0.0
2025-11-12,Instagram,Instagram - Retargeting - Eu,Retargeting,Europe,Mobile,904,11,0,11.62,0.0
2025-02-01,Facebook,Facebook - Lead Generation - Eu,Lead Generation,Europe,Mobile,2513,22,0,41.84,0.0
2025-04-17,Email,Email - Lead Generation - Eu,Lead Generation,Europe,Desktop,1054,34,0,-26.15,0.0
2025-11-19,YouTube,YouTube - Conversion - As,Conversion,Asia Pacific,Desktop,975,4,0,4.37,0.0
2025-08-01,Facebook,Facebook - Lead Generation - LA,Lead Generation,LATAM,Desktop,2279,25,0,51.75,0.0
2025-12-07,Google Ads,Google Ads - Brand Awareness - As,Brand Awareness,Asia Pacific,Tablet,2255,63,1,114.23,173.1
2025-04-21,Facebook,Facebook - Conversion - As,Conversion,Asia Pacific,Mobile,2269,29,0,26.83,0.0
2025-03-15,YouTube,YouTube - Retargeting - No,Retargeting,North America,Mobile,1012,5,0,-8.7,0.0
2025-02-16,Facebook,Facebook - Brand Awareness - As,Brand Awareness,Asia Pacific,Mobile,2047,35,0,52.19,0.0
2025-01-22,Instagram,Instagram - Brand Awareness - No,Brand Awareness,North America,Desktop,1041,10,0,15.4,0.0
2025-08-18,Instagram,Instagram - Conversion - Eu,Conversion,Europe,Desktop,646,7,0,9.36,0.0
2025-11-06,Google Ads,Google Ads - Lead Generation - LA,Lead Generation,LATAM,Desktop,936,14,0,36.1,0.0
2025-01-29,LinkedIn,LinkedIn - Conversion - As,Conversion,Asia Pacific,Mobile,989,6,0,26.64,0.0
2025-10-07,LinkedIn,LinkedIn - Brand Awareness - Eu,Brand Awareness,Europe,Desktop,916,9,0,33.2,0.0
2025-07-16,Email,Email - Conversion - Eu,Conversion,Europe,Mobile,1192,36,0,-9.81,0.0
2025-09-08,YouTube,YouTube - Conversion - LA,Conversion,LATAM,Mobile,627,3,0,3.66,0.0
2025-09-14,Google Ads,Google Ads - Brand Awareness - No,Brand Awareness,North America,Desktop,1466,53,1,134.23,189.26
2025-06-05,Facebook,Facebook - Conversion - Eu,Conversion,Europe,Mobile,1850,33,0,31.59,0.0
2025-03-02,Google Ads,Google Ads - Conversion - As,Conversion,Asia Pacific,Desktop,754,13,0,29.42,0.0
2025-08-23,Instagram,Instagram - Lead Generation - As,Lead Generation,Asia Pacific,Desktop,866,6,0,4.89,0.0
2025-07-17,Instagram,Instagram - Conversion - As,Conversion,Asia Pacific,Mobile,1334,15,0,20.6,0.0
2025-01-10,Facebook,Facebook - Brand Awareness - No,Brand Awareness,North America,Mobile,1208,18,0,15.02,0.0
2025-10-14,YouTube,YouTube - Brand Awareness - No,Brand Awareness,North America,Mobile,1022,4,0,5.05,0.0
2025-12-05,Facebook,Facebook - Conversion - LA,Conversion,LATAM,Tablet,1509,25,0,19.65,0.0
2026-01-01,Google Ads,Google Ads - Conversion - No,Conversion,North America,Desktop,1515,20,0,36.13,0.0
2025-05-28,LinkedIn,LinkedIn - Brand Awareness - Eu,Brand Awareness,Europe,Desktop,1014,5,0,18.68,0.0
2025-09-04,Instagram,Instagram - Retargeting - No,Retargeting,North America,Desktop,1009,13,0,4.19,0.0
2025-07-12,LinkedIn,LinkedIn - Retargeting - As,Retargeting,Asia Pacific,Tablet,1068,8,0,31.58,0.0
2025-02-18,Google Ads,Google Ads - Conversion - Eu,Conversion,Europe,Tablet,2055,42,0,73.58,0.0
2025-02-02,Google Ads,Google Ads - Lead Generation - As,Lead Generation,Asia Pacific,Mobile,2078,54,1,61.5,193.04
2025-08-13,Facebook,Facebook - Lead Generation - As,Lead Generation,Asia Pacific,Mobile,1902,31,0,21.03,0.0
2025-02-19,Google Ads,Google Ads - Conversion - As,Conversion,Asia Pacific,Mobile,1613,51,1,102.74,116.83
2025-08-27,Google Ads,Google Ads - Conversion - As,Conversion,Asia Pacific,Desktop,2859,83,1,69.14,171.15
2025-04-20,Google Ads,Google Ads - Brand Awareness - Eu,Brand Awareness,Europe,Mobile,1272,23,0,33.72,0.0
2025-11-02,Instagram,Instagram - Conversion - LA,Conversion,LATAM,Mobile,1061,11,0,13.3,0.0
2025-07-16,LinkedIn,LinkedIn - Brand Awareness - As,Brand Awareness,Asia Pacific,Mobile,1209,7,0,25.18,0.0
2025-09-04,Instagram,Instagram - Retargeting - As,Retargeting,Asia Pacific,Mobile,1462,21,1,22.82,131.07
2025-07-11,Facebook,Facebook - Brand Awareness - No,Brand Awareness,North America,Desktop,1528,17,0,23.78,0.0
2025-05-11,YouTube,YouTube - Lead Generation - No,Lead Generation,North America,Mobile,531,3,0,1.08,0.0
2025-02-23,Instagram,Instagram - Lead Generation - Eu,Lead Generation,Europe,Mobile,944,11,0,14.91,0.0
2025-07-10,Google Ads,Google Ads - Brand Awareness - No,Brand Awareness,North America,Mobile,1405,32,0,82.85,0.0
2025-03-05,Instagram,Instagram - Brand Awareness - As,Brand Awareness,Asia Pacific,Desktop,877,12,0,21.66,0.0
2025-04-15,Google Ads,Google Ads - Retargeting - No,Retargeting,North America,Mobile,2372,81,4,54.3,635.67
2025-08-14,Facebook,Facebook - Brand Awareness - As,Brand Awareness,Asia Pacific,Desktop,1831,38,0,34.69,0.0
2025-08-12,Instagram,Instagram - Lead Generation - As,Lead Generation,Asia Pacific,Desktop,1005,8,0,6.33,0.0
2025-08-03,LinkedIn,LinkedIn - Retargeting - As,Retargeting,Asia Pacific,Tablet,910,5,0,21.37,0.0
2025-03-06,LinkedIn,LinkedIn - Lead Generation - Eu,Lead Generation,Europe,Desktop,861,5,0,25.56,0.0
2025-03-19,Facebook,Facebook - Retargeting - LA,Retargeting,LATAM,Mobile,2347,33,1,38.65,141.75
2025-02-26,Google Ads,Google Ads - Retargeting - As,Retargeting,Asia Pacific,Tablet,2715,66,2,104.95,336.15
2025-06-12,Google Ads,Google Ads - Retargeting - Eu,Retargeting,Europe,Tablet,1945,65,3,117.63,569.36
2025-06-17,Facebook,Facebook - Brand Awareness - As,Brand Awareness,Asia Pacific,Desktop,831,8,0,10.12,0.0
2025-04-19,Instagram,Instagram - Lead Generation - No,Lead Generation,North America,Mobile,870,8,0,7.9,0.0
2025-01-19,LinkedIn,LinkedIn - Retargeting - LA,Retargeting,LATAM,Desktop,936,6,0,27.65,0.0
2025-04-03,Email,Email - Retargeting - Eu,Retargeting,Europe,Mobile,949,29,1,-8.25,142.68
2025-12-06,Instagram,Instagram - Brand Awareness - No,Brand Awareness,North America,Mobile,766,8,0,9.72,0.0
2025-09-30,Google Ads,Google Ads - Conversion - As,Conversion,Asia Pacific,Mobile,1174,17,0,36.73,0.0
2025-12-25,Facebook,Facebook - Retargeting - LA,Retargeting,LATAM,Desktop,2157,43,2,80.24,219.2
2025-07-11,Instagram,Instagram - Brand Awareness - As,Brand Awareness,Asia Pacific,Desktop,1212,16,0,26.88,0.0
2025-08-18,Instagram,Instagram - Retargeting - LA,Retargeting,LATAM,Mobile,949,13,0,16.67,0.0
2025-01-25,Instagram,Instagram - Conversion - No,Conversion,North America,Tablet,1220,14,0,21.09,0.0
2025-01-22,Email,Email - Conversion - LA,Conversion,LATAM,Desktop,657,15,0,-1.65,0.0
2025-11-28,Google Ads,Google Ads - Conversion - LA,Conversion,LATAM,Mobile,2053,53,1,127.16,80.94
2025-04-09,Instagram,Instagram - Lead Generation - LA,Lead Generation,LATAM,Desktop,954,10,0,11.51,0.0
2025-01-14,Facebook,Facebook - Retargeting - As,Retargeting,Asia Pacific,Desktop,2042,21,1,40.76,161.73
2025-04-05,Google Ads,Google Ads - Lead Generation - Eu,Lead Generation,Europe,Mobile,1371,28,0,65.83,0.0
2025-11-30,YouTube,YouTube - Conversion - No,Conversion,North America,Desktop,734,3,0,1.28,0.0
2025-10-27,LinkedIn,LinkedIn - Lead Generation - Eu,Lead Generation,Europe,Mobile,523,4,0,19.58,0.0
2025-08-22,Facebook,Facebook - Brand Awareness - As,Brand Awareness,Asia Pacific,Mobile,3110,30,0,33.78,0.0
2025-07-09,Google Ads,Google Ads - Conversion - As,Conversion,Asia Pacific,Desktop,733,20,0,42.78,0.0
2025-05-11,Instagram,Instagram - Brand Awareness - No,Brand Awareness,North America,Tablet,958,13,0,9.91,0.0
2025-08-05,LinkedIn,LinkedIn - Retargeting - Eu,Retargeting,Europe,Mobile,1334,9,0,53.51,0.0
2025-08-13,Google Ads,Google Ads - Brand Awareness - As,Brand Awareness,Asia Pacific,Mobile,1864,37,0,77.89,0.0
2025-03-01,Instagram,Instagram - Conversion - LA,Conversion,LATAM,Mobile,1486,23,0,45.27,0.0
2025-09-03,Facebook,Facebook - Brand Awareness - As,Brand Awareness,Asia Pacific,Mobile,1589,19,0,41.48,0.0
2025-07-30,Facebook,Facebook - Brand Awareness - As,Brand Awareness,Asia Pacific,Mobile,2822,52,1,49.02,102.53
2025-12-31,Facebook,Facebook - Brand Awareness - No,Brand Awareness,North America,Desktop,2688,53,1,82.4,104.73
2025-12-07,Google Ads,Google Ads - Conversion - Eu,Conversion,Europe,Tablet,1751,36,0,75.43,0.0
2025-05-20,Email,Email - Retargeting - Eu,Retargeting,Europe,Mobile,889,24,1,-6.03,231.12
2025-04-20,Instagram,Instagram - Conversion - No,Conversion,North America,Tablet,1415,17,0,22.64,0.0
2025-10-25,Email,Email - Conversion - Eu,Conversion,Europe,Mobile,862,24,0,0.7,0.0
2025-07-12,Google Ads,Google Ads - Brand Awareness - As,Brand Awareness,Asia Pacific,Desktop,1971,55,0,170.76,0.0
2025-12-31,Instagram,Instagram - Retargeting - Eu,Retargeting,Europe,Mobile,958,8,0,12.56,0.0
2025-05-19,Google Ads,Google Ads - Lead Generation - As,Lead Generation,Asia Pacific,Mobile,2278,68,1,70.95,132.83
2025-01-11,Instagram,Instagram - Lead Generation - Eu,Lead Generation,Europe,Desktop,1141,12,0,20.44,0.0
2025-06-21,Google Ads,Google Ads - Lead Generation - No,Lead Generation,North America,Mobile,2307,61,1,106.49,155.12
2025-08-30,LinkedIn,LinkedIn - Conversion - Eu,Conversion,Europe,Mobile,1030,9,0,38.96,0.0
2025-10-17,Instagram,Instagram - Conversion - LA,Conversion,LATAM,Mobile,1028,11,0,20.03,0.0
2025-04-03,LinkedIn,LinkedIn - Conversion - LA,Conversion,LATAM,Mobile,986,9,0,44.83,0.0
2025-11-25,YouTube,YouTube - Conversion - As,Conversion,Asia Pacific,Desktop,599,1,0,0.65,0.0
2025-08-04,Facebook,Facebook - Conversion - As,Conversion,Asia Pacific,Desktop,1826,39,0,81.57,0.0
2025-05-18,Instagram,Instagram - Brand Awareness - Eu,Brand Awareness,Europe,Mobile,893,11,0,17.85,0.0
2025-12-21,Instagram,Instagram - Retargeting - No,Retargeting,North America,Mobile,556,5,0,2.07,0.0
2025-06-05,Instagram,Instagram - Lead Generation - As,Lead Generation,Asia Pacific,Mobile,717,7,0,5.63,0.0
2025-06-04,Email,Email - Retargeting - No,Retargeting,North America,Desktop,1328,30,1,7.78,92.44
2025-10-08,Google Ads,Google Ads - Conversion - No,Conversion,North America,Desktop,1697,48,0,103.59,0.0
2025-04-19,Instagram,Instagram - Brand Awareness - Eu,Brand Awareness,Europe,Mobile,1403,17,0,25.26,0.0
2025-11-16,LinkedIn,LinkedIn - Retargeting - LA,Retargeting,LATAM,Desktop,1088,8,0,36.91,0.0
2025-10-23,Google Ads,Google Ads - Brand Awareness - As,Brand Awareness,Asia Pacific,Mobile,2335,69,1,102.35,161.85
2025-06-19,Instagram,Instagram - Lead Generation - LA,Lead Generation,LATAM,Desktop,1508,15,0,25.37,0.0
2025-04-09,Instagram,Instagram - Conversion - No,Conversion,North America,Mobile,722,9,0,12.3,0.0
2025-10-30,Google Ads,Google Ads - Conversion - No,Conversion,North America,Tablet,1494,39,1,57.19,131.26
2025-05-01,Google Ads,Google Ads - Conversion - Eu,Conversion,Europe,Mobile,2097,44,0,128.7,0.0
2025-06-12,LinkedIn,LinkedIn - Conversion - LA,Conversion,LATAM,Desktop,405,1,0,3.08,0.0
2025-01-23,YouTube,YouTube - Retargeting - No,Retargeting,North America,Desktop,1510,9,0,4.8,0.0
2025-09-26,LinkedIn,LinkedIn - Retargeting - Eu,Retargeting,Europe,Mobile,930,5,0,21.37,0.0
2025-10-26,LinkedIn,LinkedIn - Brand Awareness - LA,Brand Awareness,LATAM,Tablet,989,6,0,26.41,0.0
2025-12-23,Facebook,Facebook - Brand Awareness - As,Brand Awareness,Asia Pacific,Mobile,2568,47,1,75.22,170.14
2025-04-15,Email,Email - Lead Generation - As,Lead Generation,Asia Pacific,Desktop,929,26,0,10.87,0.0
2025-08-16,Email,Email - Conversion - No,Conversion,North America,Desktop,844,35,0,4.35,0.0
2025-02-07,Instagram,Instagram - Retargeting - No,Retargeting,North America,Mobile,775,6,0,9.88,0.0
2025-08-25,Facebook,Facebook - Conversion - As,Conversion,Asia Pacific,Mobile,1842,24,0,21.66,0.0
2025-12-15,LinkedIn,LinkedIn - Conversion - Eu,Conversion,Europe,Tablet,690,2,0,10.88,0.0
2025-04-24,YouTube,YouTube - Brand Awareness - LA,Brand Awareness,LATAM,Desktop,942,3,0,1.81,0.0
2025-11-01,Google Ads,Google Ads - Retargeting - No,Retargeting,North America,Desktop,1110,28,1,36.93,152.24
2025-09-21,Google Ads,Google Ads - Retargeting - As,Retargeting,Asia Pacific,Desktop,1774,46,2,86.21,328.67
2025-01-21,Instagram,Instagram - Lead Generation - As,Lead Generation,Asia Pacific,Desktop,1382,13,0,16.54,0.0
2025-01-14,Google Ads,Google Ads - Lead Generation - As,Lead Generation,Asia Pacific,Mobile,1392,33,0,84.7,0.0
2025-12-08,Google Ads,Google Ads - Lead Generation - No,Lead Generation,North America,Desktop,1088,28,0,60.92,0.0
2025-04-04,Instagram,Instagram - Retargeting - As,Retargeting,Asia Pacific,Mobile,1220,11,0,15.38,0.0
2025-03-02,YouTube,YouTube - Conversion - As,Conversion,Asia Pacific,Desktop,857,2,0,1.91,0.0
2025-12-27,LinkedIn,LinkedIn - Retargeting - Eu,Retargeting,Europe,Mobile,1272,10,0,50.63,0.0
2025-07-04,LinkedIn,LinkedIn - Retargeting - No,Retargeting,North America,Desktop,397,3,0,15.09,0.0
2025-02-20,Facebook,Facebook - Brand Awareness - As,Brand Awareness,Asia Pacific,Mobile,2926,51,1,7.9,141.83
2025-04-06,Facebook,Facebook - Retargeting - LA,Retargeting,LATAM,Mobile,1590,29,1,59.86,125.28
2025-03-29,Google Ads,Google Ads - Conversion - Eu,Conversion,Europe,Mobile,1948,73,1,146.05,125.15
2025-01-14,Email,Email - Brand Awareness - No,Brand Awareness,North America,Desktop,1113,36,0,-6.39,0.0
2025-01-20,YouTube,YouTube - Lead Generation - No,Lead Generation,North America,Mobile,609,3,0,2.18,0.0
2026-01-03,Google Ads,Google Ads - Lead Generation - LA,Lead Generation,LATAM,Desktop,1981,49,0,135.06,0.0
2025-03-17,Instagram,Instagram - Retargeting - As,Retargeting,Asia Pacific,Desktop,1037,14,0,14.61,0.0
2025-12-16,Facebook,Facebook - Conversion - Eu,Conversion,Europe,Desktop,897,9,0,11.82,0.0
2025-12-22,Instagram,Instagram - Lead Generation - No,Lead Generation,North America,Desktop,1402,16,0,10.22,0.0
2025-10-09,Facebook,Facebook - Conversion - No,Conversion,North America,Mobile,446,5,0,7.89,0.0
2025-01-10,Google Ads,Google Ads - Retargeting - LA,Retargeting,LATAM,Tablet,2812,44,1,89.28,111.39
2025-06-03,Facebook,Facebook - Lead Generation - LA,Lead Generation,LATAM,Mobile,1037,14,0,15.11,0.0
2025-12-04,YouTube,YouTube - Brand Awareness - As,Brand Awareness,Asia Pacific,Desktop,776,4,0,3.66,0.0
2025-09-30,Google Ads,Google Ads - Lead Generation - Eu,Lead Generation,Europe,Mobile,3095,63,1,103.02,152.41
2025-08-04,LinkedIn,LinkedIn - Retargeting - LA,Retargeting,LATAM,Desktop,1411,10,0,43.62,0.0
2025-04-09,Email,Email - Retargeting - LA,Retargeting,LATAM,Mobile,1320,49,2,-2.96,299.6
2025-03-02,LinkedIn,LinkedIn - Lead Generation - No,Lead Generation,North America,Desktop,1509,9,0,40.78,0.0
2025-08-14,Facebook,Facebook - Lead Generation - No,Lead Generation,North America,Mobile,2754,46,0,99.71,0.0
2025-05-03,YouTube,YouTube - Retargeting - As,Retargeting,Asia Pacific,Mobile,1642,7,0,10.24,0.0
2025-10-22,Google Ads,Google Ads - Conversion - No,Conversion,North America,Desktop,2162,41,0,84.49,0.0
2025-04-01,Instagram,Instagram - Conversion - No,Conversion,North America,Mobile,443,6,0,6.1,0.0
2025-10-26,Google Ads,Google Ads - Retargeting - LA,Retargeting,LATAM,Desktop,1734,37,1,72.11,167.24
2025-08-02,Google Ads,Google Ads - Conversion - Eu,Conversion,Europe,Desktop,2294,73,1,96.11,204.81
2025-11-27,Google Ads,Google Ads - Brand Awareness - As,Brand Awareness,Asia Pacific,Desktop,2019,49,0,91.77,0.0
2025-01-29,LinkedIn,LinkedIn - Conversion - As,Conversion,Asia Pacific,Mobile,1292,9,0,39.1,0.0
2025-08-29,LinkedIn,LinkedIn - Retargeting - Eu,Retargeting,Europe,Desktop,1085,9,0,35.63,0.0
2025-10-31,Instagram,Instagram - Conversion - No,Conversion,North America,Desktop,735,10,0,14.5,0.0
2025-01-18,Google Ads,Google Ads - Lead Generation - Eu,Lead Generation,Europe,Mobile,1569,44,1,98.28,158.51
2025-05-25,LinkedIn,LinkedIn - Brand Awareness - Eu,Brand Awareness,Europe,Mobile,688,7,0,37.32,0.0
2025-11-24,Facebook,Facebook - Brand Awareness - No,Brand Awareness,North America,Desktop,1296,22,0,59.05,0.0
2025-10-21,Google Ads,Google Ads - Lead Generation - LA,Lead Generation,LATAM,Mobile,990,24,0,65.02,0.0
2025-06-24,Instagram,Instagram - Retargeting - LA,Retargeting,LATAM,Mobile,1363,23,1,19.59,179.39
2025-01-11,Google Ads,Google Ads - Brand Awareness - No,Brand Awareness,North America,Desktop,1956,39,0,89.55,0.0
2025-04-02,Facebook,Facebook - Conversion - No,Conversion,North America,Desktop,1789,29,0,35.86,0.0
2025-11-02,Facebook,Facebook - Conversion - LA,Conversion,LATAM,Mobile,2046,32,0,60.59,0.0
2025-03-10,Facebook,Facebook - Brand Awareness - No,Brand Awareness,North America,Mobile,2675,50,1,92.24,109.03
2025-07-20,Facebook,Facebook - Lead Generation - As,Lead Generation,Asia Pacific,Desktop,1859,24,0,36.1,0.0
2025-11-06,Facebook,Facebook - Conversion - No,Conversion,North America,Mobile,2221,30,0,46.96,0.0
2025-04-29,YouTube,YouTube - Retargeting - As,Retargeting,Asia Pacific,Mobile,662,2,0,2.65,0.0
2025-09-13,Google Ads,Google Ads - Brand Awareness - LA,Brand Awareness,LATAM,Mobile,3119,81,1,220.49,150.68
2025-08-18,Facebook,Facebook - Lead Generation - No,Lead Generation,North America,Desktop,2427,39,0,43.99,0.0
2025-08-05,Google Ads,Google Ads - Brand Awareness - No,Brand Awareness,North America,Tablet,701,19,0,39.23,0.0
2025-05-31,Facebook,Facebook - Brand Awareness - As,Brand Awareness,Asia Pacific,Desktop,2275,35,0,42.48,0.0
2025-02-01,Google Ads,Google Ads - Retargeting - LA,Retargeting,LATAM,Mobile,1052,22,1,45.73,156.44
2025-05-11,Instagram,Instagram - Retargeting - As,Retargeting,Asia Pacific,Tablet,1134,17,0,20.17,0.0
2025-04-02,LinkedIn,LinkedIn - Brand Awareness - As,Brand Awareness,Asia Pacific,Mobile,1185,11,0,46.6,0.0
2025-06-14,Google Ads,Google Ads - Conversion - LA,Conversion,LATAM,Mobile,1988,50,0,73.23,0.0
2025-11-21,Instagram,Instagram - Retargeting - No,Retargeting,North America,Desktop,671,7,0,8.35,0.0
2025-11-22,LinkedIn,LinkedIn - Lead Generation - Eu,Lead Generation,Europe,Mobile,1266,14,0,59.23,0.0
2025-05-30,Facebook,Facebook - Retargeting - LA,Retargeting,LATAM,Mobile,1677,23,0,36.71,0.0
2025-06-27,Google Ads,Google Ads - Retargeting - As,Retargeting,Asia Pacific,Mobile,2194,70,4,173.63,619.99
2025-03-17,Google Ads,Google Ads - Conversion - As,Conversion,Asia Pacific,Desktop,1910,54,0,99.61,0.0
2025-06-07,Facebook,Facebook - Retargeting - As,Retargeting,Asia Pacific,Desktop,1569,20,0,38.47,0.0
2025-03-09,Google Ads,Google Ads - Brand Awareness - No,Brand Awareness,North America,Mobile,2127,58,1,174.44,178.24
2025-07-12,LinkedIn,LinkedIn - Lead Generation - LA,Lead Generation,LATAM,Desktop,374,3,0,14.72,0.0
2025-01-27,Instagram,Instagram - Retargeting - LA,Retargeting,LATAM,Mobile,1045,12,0,13.04,0.0
2025-01-18,Facebook,Facebook - Retargeting - No,Retargeting,North America,Desktop,1317,15,0,23.5,0.0
2025-06-07,Facebook,Facebook - Retargeting - LA,Retargeting,LATAM,Mobile,1207,16,0,15.89,0.0
2025-09-16,Google Ads,Google Ads - Conversion - No,Conversion,North America,Mobile,1923,38,1,82.02,137.23
2025-04-03,Facebook,Facebook - Conversion - No,Conversion,North America,Mobile,2687,33,0,62.69,0.0
2025-11-26,Google Ads,Google Ads - Conversion - LA,Conversion,LATAM,Mobile,1592,33,0,68.28,0.0
2025-09-20,Instagram,Instagram - Conversion - No,Conversion,North America,Mobile,1015,14,0,12.85,0.0
2025-06-19,Google Ads,Google Ads - Brand Awareness - No,Brand Awareness,North America,Desktop,1190,22,0,49.85,0.0
2025-03-06,LinkedIn,LinkedIn - Lead Generation - No,Lead Generation,North America,Mobile,841,6,0,24.95,0.0
2025-12-13,Instagram,Instagram - Conversion - LA,Conversion,LATAM,Mobile,516,6,0,11.47,0.0
2025-09-18,Google Ads,Google Ads - Retargeting - LA,Retargeting,LATAM,Desktop,2358,31,1,21.27,125.4
2025-08-07,Instagram,Instagram - Lead Generation - LA,Lead Generation,LATAM,Desktop,840,8,0,8.9,0.0
2025-05-26,YouTube,YouTube - Conversion - No,Conversion,North America,Mobile,1336,6,0,0.55,0.0
2025-07-10,Google Ads,Google Ads - Retargeting - LA,Retargeting,LATAM,Desktop,1964,51,2,100.83,336.68
2025-10-10,Facebook,Facebook - Retargeting - LA,Retargeting,LATAM,Desktop,968,13,0,24.56,0.0
2025-04-27,Facebook,Facebook - Brand Awareness - Eu,Brand Awareness,Europe,Desktop,2935,52,0,47.97,0.0
2025-04-23,Google Ads,Google Ads - Lead Generation - LA,Lead Generation,LATAM,Mobile,1115,25,0,55.56,0.0
2025-02-02,Google Ads,Google Ads - Brand Awareness - No,Brand Awareness,North America,Mobile,2730,72,1,141.95,108.87
2025-09-06,Instagram,Instagram - Retargeting - No,Retargeting,North America,Desktop,714,7,0,1.83,0.0
2025-05-28,Google Ads,Google Ads - Brand Awareness - No,Brand Awareness,North America,Mobile,1923,49,0,72.75,0.0
2025-07-02,Instagram,Instagram - Retargeting - No,Retargeting,North America,Desktop,1464,13,0,23.25,0.0
2025-11-16,Facebook,Facebook - Lead Generation - LA,Lead Generation,LATAM,Mobile,2007,36,0,73.9,0.0
2025-04-18,LinkedIn,LinkedIn - Retargeting - As,Retargeting,Asia Pacific,Tablet,1041,7,0,38.71,0.0
2025-05-29,Instagram,Instagram - Conversion - LA,Conversion,LATAM,Desktop,543,6,0,9.18,0.0
2025-08-24,Instagram,Instagram - Retargeting - No,Retargeting,North America,Desktop,621,7,0,8.39,0.0
2025-01-28,Google Ads,Google Ads - Retargeting - LA,Retargeting,LATAM,Desktop,2231,46,2,118.95,361.24
2025-11-06,Google Ads,Google Ads - Brand Awareness - As,Brand Awareness,Asia Pacific,Mobile,830,22,0,58.96,0.0
2025-10-09,Google Ads,Google Ads - Retargeting - LA,Retargeting,LATAM,Mobile,1604,44,2,75.66,367.24
2025-09-22,Facebook,Facebook - Lead Generation - No,Lead Generation,North America,Desktop,2335,45,0,51.15,0.0
2025-01-09,Google Ads,Google Ads - Brand Awareness - No,Brand Awareness,North America,Desktop,2337,100,2,246.67,278.82
2025-09-23,Google Ads,Google Ads - Lead Generation - Eu,Lead Generation,Europe,Desktop,1742,47,1,132.47,141.65
2025-10-21,Email,Email - Conversion - No,Conversion,North America,Desktop,661,14,0,6.53,0.0
2025-04-15,Facebook,Facebook - Conversion - Eu,Conversion,Europe,Mobile,1905,26,0,51.39,0.0
2025-05-01,LinkedIn,LinkedIn - Brand Awareness - Eu,Brand Awareness,Europe,Mobile,859,6,0,25.98,0.0
2025-04-01,Facebook,Facebook - Retargeting - As,Retargeting,Asia Pacific,Mobile,3217,36,1,64.1,106.45
2025-06-14,Google Ads,Google Ads - Brand Awareness - As,Brand Awareness,Asia Pacific,Mobile,2860,79,1,155.05,131.62
2025-03-05,LinkedIn,LinkedIn - Lead Generation - Eu,Lead Generation,Europe,Desktop,1377,7,0,25.83,0.0
2025-01-26,Instagram,Instagram - Conversion - No,Conversion,North America,Mobile,1265,16,0,25.98,0.0
2025-03-28,Google Ads,Google Ads - Retargeting - No,Retargeting,North America,Desktop,1320,35,1,44.24,174.81
2025-11-14,LinkedIn,LinkedIn - Lead Generation - Eu,Lead Generation,Europe,Desktop,991,6,0,25.34,0.0
2025-01-22,LinkedIn,LinkedIn - Lead Generation - Eu,Lead Generation,Europe,Desktop,1317,11,0,45.67,0.0
2025-12-17,Instagram,Instagram - Lead Generation - LA,Lead Generation,LATAM,Mobile,1107,12,0,18.29,0.0
2025-08-01,Email,Email - Brand Awareness - As,Brand Awareness,Asia Pacific,Desktop,817,27,0,8.8,0.0
2025-06-07,LinkedIn,LinkedIn - Retargeting - No,Retargeting,North America,Desktop,1168,9,0,46.39,0.0
2025-02-25,Facebook,Facebook - Conversion - Eu,Conversion,Europe,Tablet,2581,17,0,8.9,0.0
2025-05-23,LinkedIn,LinkedIn - Lead Generation - As,Lead Generation,Asia Pacific,Mobile,1506,16,0,70.62,0.0
2025-01-09,Google Ads,Google Ads - Conversion - No,Conversion,North America,Mobile,3018,65,1,54.44,124.9
2025-08-12,Instagram,Instagram - Retargeting - No,Retargeting,North America,Mobile,1590,25,1,28.54,163.03
2025-09-27,Instagram,Instagram - Lead Generation - LA,Lead Generation,LATAM,Mobile,954,12,0,18.41,0.0
2025-11-24,Facebook,Facebook - Brand Awareness - As,Brand Awareness,Asia Pacific,Mobile,1691,25,0,38.72,0.0
2025-05-07,Instagram,Instagram - Brand Awareness - Eu,Brand Awareness,Europe,Mobile,950,10,0,15.17,0.0
2025-07-02,Google Ads,Google Ads - Brand Awareness - No,Brand Awareness,North America,Mobile,2877,69,1,153.7,104.28
2025-04-01,Google Ads,Google Ads - Brand Awareness - Eu,Brand Awareness,Europe,Desktop,1816,34,0,36.75,0.0
2025-10-19,Google Ads,Google Ads - Brand Awareness - No,Brand Awareness,North America,Desktop,1769,41,0,64.66,0.0
2026-01-03,Instagram,Instagram - Conversion - As,Conversion,Asia Pacific,Tablet,930,11,0,24.04,0.0
2025-06-05,Facebook,Facebook - Conversion - As,Conversion,Asia Pacific,Desktop,1517,23,0,23.27,0.0
2025-05-07,Google Ads,Google Ads - Lead Generation - As,Lead Generation,Asia Pacific,Desktop,2931,59,1,128.49,193.71
2025-03-03,Facebook,Facebook - Brand Awareness - As,Brand Awareness,Asia Pacific,Mobile,1686,22,0,28.73,0.0
2025-10-29,Google Ads,Google Ads - Brand Awareness - LA,Brand Awareness,LATAM,Desktop,1365,33,0,80.21,0.0
2025-07-06,YouTube,YouTube - Conversion - Eu,Conversion,Europe,Mobile,1015,5,0,1.61,0.0
2025-12-09,YouTube,YouTube - Retargeting - Eu,Retargeting,Europe,Mobile,974,4,0,4.6,0.0
2025-07-03,Email,Email - Lead Generation - No,Lead Generation,North America,Desktop,1532,62,1,4.04,156.46
2025-06-10,LinkedIn,LinkedIn - Brand Awareness - Eu,Brand Awareness,Europe,Mobile,747,6,0,29.16,0.0
2025-09-20,Google Ads,Google Ads - Conversion - As,Conversion,Asia Pacific,Desktop,2352,77,1,253.61,147.31
2025-12-03,LinkedIn,LinkedIn - Brand Awareness - LA,Brand Awareness,LATAM,Desktop,1398,12,0,54.87,0.0
2025-09-22,Facebook,Facebook - Conversion - As,Conversion,Asia Pacific,Mobile,2200,25,0,30.9,0.0
2025-02-19,LinkedIn,LinkedIn - Brand Awareness - LA,Brand Awareness,LATAM,Desktop,902,9,0,45.03,0.0
2025-12-28,Facebook,Facebook - Brand Awareness - As,Brand Awareness,Asia Pacific,Mobile,1763,31,0,49.27,0.0
2025-06-26,Facebook,Facebook - Conversion - LA,Conversion,LATAM,Mobile,2535,37,0,67.75,0.0
2025-11-17,YouTube,YouTube - Lead Generation - Eu,Lead Generation,Europe,Desktop,1115,6,0,6.06,0.0
2025-11-02,Google Ads,Google Ads - Retargeting - No,Retargeting,North America,Desktop,1927,41,2,46.76,371.44
2025-03-01,Facebook,Facebook - Conversion - No,Conversion,North America,Desktop,1790,20,0,25.25,0.0
2025-07-17,Facebook,Facebook - Lead Generation - LA,Lead Generation,LATAM,Mobile,1236,18,0,29.75,0.0
2025-12-19,Google Ads,Google Ads - Retargeting - Eu,Retargeting,Europe,Mobile,2105,48,1,85.26,118.19
2025-02-16,Google Ads,Google Ads - Brand Awareness - As,Brand Awareness,Asia Pacific,Mobile,1652,38,0,57.77,0.0
2025-10-09,Google Ads,Google Ads - Lead Generation - As,Lead Generation,Asia Pacific,Desktop,2181,50,0,92.02,0.0
2025-03-21,Email,Email - Lead Generation - LA,Lead Generation,LATAM,Mobile,1568,58,1,27.89,205.69
2025-08-22,Facebook,Facebook - Retargeting - No,Retargeting,North America,Desktop,2456,41,2,78.93,345.15
2025-03-18,Instagram,Instagram - Conversion - LA,Conversion,LATAM,Mobile,592,6,0,7.41,0.0
2025-11-22,Facebook,Facebook - Lead Generation - Eu,Lead Generation,Europe,Desktop,1644,24,0,41.35,0.0
2025-07-28,Google Ads,Google Ads - Brand Awareness - No,Brand Awareness,North America,Mobile,1981,48,1,160.6,169.26
2025-09-09,YouTube,YouTube - Brand Awareness - LA,Brand Awareness,LATAM,Mobile,796,4,0,3.15,0.0
2025-02-28,Facebook,Facebook - Lead Generation - As,Lead Generation,Asia Pacific,Mobile,963,19,0,29.8,0.0
2026-01-01,Google Ads,Google Ads - Retargeting - Eu,Retargeting,Europe,Desktop,2088,61,2,126.85,328.58
2025-02-22,Google Ads,Google Ads - Lead Generation - Eu,Lead Generation,Europe,Desktop,1457,32,0,88.01,0.0
2025-03-13,LinkedIn,LinkedIn - Lead Generation - As,Lead Generation,Asia Pacific,Desktop,1385,12,0,55.12,0.0
2025-06-13,Instagram,Instagram - Conversion - As,Conversion,Asia Pacific,Mobile,743,10,0,17.07,0.0
2025-10-13,YouTube,YouTube - Conversion - As,Conversion,Asia Pacific,Mobile,362,2,0,1.47,0.0
2025-11-17,Instagram,Instagram - Brand Awareness - No,Brand Awareness,North America,Desktop,927,12,0,13.63,0.0
2025-12-14,Google Ads,Google Ads - Retargeting - LA,Retargeting,LATAM,Desktop,669,16,1,35.03,117.15
2025-02-17,LinkedIn,LinkedIn - Brand Awareness - Eu,Brand Awareness,Europe,Desktop,1475,8,0,45.74,0.0
2025-05-22,LinkedIn,LinkedIn - Brand Awareness - As,Brand Awareness,Asia Pacific,Mobile,1485,7,0,31.05,0.0
2025-11-17,Facebook,Facebook - Conversion - Eu,Conversion,Europe,Desktop,2601,26,0,54.39,0.0
2025-06-13,Google Ads,Google Ads - Conversion - As,Conversion,Asia Pacific,Mobile,1376,51,1,78.47,176.43
2025-02-27,LinkedIn,LinkedIn - Retargeting - No,Retargeting,North America,Desktop,1109,10,0,49.32,0.0
2025-08-02,Google Ads,Google Ads - Conversion - LA,Conversion,LATAM,Desktop,2783,78,1,174.59,177.22
2025-12-16,Facebook,Facebook - Lead Generation - No,Lead Generation,North America,Mobile,2092,23,0,26.12,0.0
2025-11-17,LinkedIn,LinkedIn - Conversion - LA,Conversion,LATAM,Desktop,1338,10,0,37.79,0.0
2025-01-30,Instagram,Instagram - Brand Awareness - Eu,Brand Awareness,Europe,Mobile,1537,20,0,15.65,0.0
2025-08-22,Facebook,Facebook - Conversion - LA,Conversion,LATAM,Mobile,1810,21,0,37.51,0.0
2025-10-24,Email,Email - Brand Awareness - LA,Brand Awareness,LATAM,Mobile,589,19,0,-1.69,0.0
2025-09-29,Facebook,Facebook - Brand Awareness - Eu,Brand Awareness,Europe,Tablet,1819,22,0,26.82,0.0
2025-09-04,LinkedIn,LinkedIn - Conversion - As,Conversion,Asia Pacific,Mobile,723,6,0,23.59,0.0
2025-07-25,YouTube,YouTube - Retargeting - No,Retargeting,North America,Mobile,1259,5,0,-0.21,0.0
2025-05-25,YouTube,YouTube - Retargeting - As,Retargeting,Asia Pacific,Mobile,935,5,0,5.36,0.0
2025-01-23,Google Ads,Google Ads - Conversion - LA,Conversion,LATAM,Desktop,1501,29,0,65.44,0.0
2025-07-25,LinkedIn,LinkedIn - Conversion - LA,Conversion,LATAM,Desktop,1228,8,0,34.71,0.0
2025-09-16,YouTube,YouTube - Lead Generation - No,Lead Generation,North America,Mobile,784,5,0,-0.81,0.0
2025-07-09,Instagram,Instagram - Conversion - As,Conversion,Asia Pacific,Mobile,1441,23,0,32.21,0.0
2025-12-23,LinkedIn,LinkedIn - Conversion - Eu,Conversion,Europe,Desktop,796,6,0,29.84,0.0
2025-11-23,Facebook,Facebook - Brand Awareness - Eu,Brand Awareness,Europe,Desktop,1704,29,0,51.14,0.0
2025-03-05,Instagram,Instagram - Lead Generation - Eu,Lead Generation,Europe,Mobile,681,6,0,5.66,0.0
2025-12-21,Facebook,Facebook - Retargeting - Eu,Retargeting,Europe,Mobile,891,12,0,20.86,0.0
2025-06-09,Facebook,Facebook - Retargeting - Eu,Retargeting,Europe,Desktop,1515,27,1,20.01,112.99
2025-09-30,Instagram,Instagram - Conversion - Eu,Conversion,Europe,Mobile,730,8,0,10.84,0.0
2025-12-12,LinkedIn,LinkedIn - Retargeting - LA,Retargeting,LATAM,Tablet,498,5,0,26.09,0.0
2025-08-02,Google Ads,Google Ads - Retargeting - No,Retargeting,North America,Desktop,2891,63,2,75.71,331.45
2025-04-23,LinkedIn,LinkedIn - Conversion - No,Conversion,North America,Mobile,1348,9,0,41.38,0.0
2025-03-21,Google Ads,Google Ads - Conversion - LA,Conversion,LATAM,Tablet,1569,45,1,77.56,113.46
2025-08-23,Instagram,Instagram - Brand Awareness - As,Brand Awareness,Asia Pacific,Desktop,1042,12,0,12.91,0.0
2025-04-03,LinkedIn,LinkedIn - Conversion - LA,Conversion,LATAM,Desktop,753,5,0,24.55,0.0
2025-07-29,Instagram,Instagram - Brand Awareness - LA,Brand Awareness,LATAM,Tablet,807,10,0,4.86,0.0
2025-06-08,Google Ads,Google Ads - Brand Awareness - LA,Brand Awareness,LATAM,Tablet,908,23,0,54.28,0.0
2025-11-03,LinkedIn,LinkedIn - Lead Generation - Eu,Lead Generation,Europe,Mobile,867,4,0,16.2,0.0
2025-01-13,YouTube,YouTube - Brand Awareness - Eu,Brand Awareness,Europe,Mobile,863,4,0,-1.43,0.0
2025-11-10,Facebook,Facebook - Lead Generation - No,Lead Generation,North America,Mobile,2235,25,0,32.98,0.0
2025-04-11,Email,Email - Conversion - No,Conversion,North America,Mobile,1365,48,0,6.74,0.0
2025-05-19,Facebook,Facebook - Lead Generation - LA,Lead Generation,LATAM,Desktop,2261,31,0,34.15,0.0
2025-12-17,Instagram,Instagram - Retargeting - LA,Retargeting,LATAM,Desktop,360,4,0,5.92,0.0
2025-01-28,Facebook,Facebook - Lead Generation - Eu,Lead Generation,Europe,Mobile,1660,25,0,8.14,0.0
2025-06-20,Instagram,Instagram - Brand Awareness - Eu,Brand Awareness,Europe,Mobile,689,9,0,12.57,0.0
2025-02-15,Google Ads,Google Ads - Retargeting - LA,Retargeting,LATAM,Mobile,964,17,0,43.05,0.0
2025-07-02,Facebook,Facebook - Lead Generation - LA,Lead Generation,LATAM,Mobile,934,9,0,14.63,0.0
2025-04-13,Instagram,Instagram - Retargeting - LA,Retargeting,LATAM,Mobile,980,12,0,12.77,0.0
2025-05-10,LinkedIn,LinkedIn - Brand Awareness - No,Brand Awareness,North America,Desktop,1298,8,0,34.6,0.0
2025-10-28,Google Ads,Google Ads - Lead Generation - LA,Lead Generation,LATAM,Desktop,1293,31,0,68.81,0.0
2025-02-25,Google Ads,Google Ads - Brand Awareness - Eu,Brand Awareness,Europe,Desktop,1558,45,0,75.71,0.0
2025-02-11,LinkedIn,LinkedIn - Conversion - As,Conversion,Asia Pacific,Mobile,786,7,0,27.74,0.0
2025-03-05,Instagram,Instagram - Lead Generation - As,Lead Generation,Asia Pacific,Desktop,1218,17,0,18.53,0.0
2025-03-10,LinkedIn,LinkedIn - Conversion - Eu,Conversion,Europe,Desktop,1059,13,0,58.36,0.0
2025-12-13,Instagram,Instagram - Conversion - Eu,Conversion,Europe,Mobile,1078,15,0,22.31,0.0
2025-05-09,YouTube,YouTube - Retargeting - Eu,Retargeting,Europe,Desktop,1386,6,0,8.1,0.0
2025-09-11,Facebook,Facebook - Brand Awareness - LA,Brand Awareness,LATAM,Desktop,3069,33,0,34.49,0.0
2025-02-03,Instagram,Instagram - Retargeting - As,Retargeting,Asia Pacific,Mobile,1424,16,0,9.03,0.0
2025-06-26,Google Ads,Google Ads - Lead Generation - As,Lead Generation,Asia Pacific,Mobile,1706,60,0,150.76,0.0
2025-05-09,Facebook,Facebook - Retargeting - No,Retargeting,North America,Mobile,2502,32,1,56.64,114.73
2025-04-26,Facebook,Facebook - Lead Generation - Eu,Lead Generation,Europe,Desktop,2253,43,0,53.88,0.0
2025-05-08,Facebook,Facebook - Conversion - Eu,Conversion,Europe,Desktop,2509,47,0,30.38,0.0
2025-03-04,YouTube,YouTube - Conversion - LA,Conversion,LATAM,Tablet,1470,6,0,8.61,0.0
2025-03-14,Facebook,Facebook - Conversion - No,Conversion,North America,Desktop,2082,38,0,60.96,0.0
2025-11-17,Instagram,Instagram - Brand Awareness - LA,Brand Awareness,LATAM,Mobile,512,6,0,7.69,0.0
2025-07-27,LinkedIn,LinkedIn - Conversion - As,Conversion,Asia Pacific,Desktop,782,6,0,27.89,0.0
2025-12-15,LinkedIn,LinkedIn - Conversion - As,Conversion,Asia Pacific,Mobile,639,5,0,21.3,0.0
2025-11-10,Facebook,Facebook - Conversion - No,Conversion,North America,Desktop,1520,39,0,61.46,0.0
2025-04-22,Facebook,Facebook - Conversion - No,Conversion,North America,Desktop,1986,30,0,47.23,0.0
2025-10-18,Facebook,Facebook - Retargeting - LA,Retargeting,LATAM,Mobile,2864,36,1,57.87,107.28
2025-08-27,Facebook,Facebook - Lead Generation - As,Lead Generation,Asia Pacific,Desktop,1916,31,0,62.77,0.0
2025-11-22,Google Ads,Google Ads - Conversion - As,Conversion,Asia Pacific,Mobile,1523,24,0,46.58,0.0
2025-10-04,Google Ads,Google Ads - Retargeting - Eu,Retargeting,Europe,Mobile,2261,56,2,118.2,283.97
2025-06-22,Facebook,Facebook - Conversion - As,Conversion,Asia Pacific,Mobile,2029,44,0,65.24,0.0
2025-03-24,Instagram,Instagram - Retargeting - As,Retargeting,Asia Pacific,Mobile,1368,10,0,20.21,0.0
2025-03-28,Facebook,Facebook - Brand Awareness - No,Brand Awareness,North America,Mobile,2055,31,0,59.73,0.0
2025-05-23,Instagram,Instagram - Retargeting - As,Retargeting,Asia Pacific,Mobile,897,12,0,17.2,0.0
2025-05-20,Google Ads,Google Ads - Retargeting - As,Retargeting,Asia Pacific,Desktop,1444,31,1,69.35,146.32
2025-09-04,Facebook,Facebook - Retargeting - No,Retargeting,North America,Mobile,2505,30,1,27.62,95.46
2025-08-11,Google Ads,Google Ads - Conversion - No,Conversion,North America,Mobile,1580,39,0,41.17,0.0
2025-01-10,Facebook,Facebook - Conversion - Eu,Conversion,Europe,Desktop,1769,19,0,29.09,0.0
2025-06-19,Google Ads,Google Ads - Brand Awareness - As,Brand Awareness,Asia Pacific,Tablet,1507,26,0,25.91,0.0
2025-03-06,Instagram,Instagram - Lead Generation - No,Lead Generation,North America,Mobile,439,6,0,12.91,0.0
2025-04-17,Google Ads,Google Ads - Conversion - LA,Conversion,LATAM,Desktop,1558,42,0,96.09,0.0
2025-07-30,Google Ads,Google Ads - Lead Generation - LA,Lead Generation,LATAM,Desktop,2084,44,0,105.6,0.0
2025-03-10,Instagram,Instagram - Brand Awareness - LA,Brand Awareness,LATAM,Desktop,1322,13,0,4.81,0.0
2025-12-20,Facebook,Facebook - Retargeting - LA,Retargeting,LATAM,Desktop,2603,42,1,41.12,88.02
2025-04-10,Instagram,Instagram - Retargeting - Eu,Retargeting,Europe,Desktop,1509,15,0,19.62,0.0
2025-07-12,Instagram,Instagram - Retargeting - Eu,Retargeting,Europe,Desktop,713,7,0,7.77,0.0
2025-09-03,Instagram,Instagram - Lead Generation - As,Lead Generation,Asia Pacific,Desktop,1136,18,0,6.08,0.0
2025-06-29,Google Ads,Google Ads - Brand Awareness - As,Brand Awareness,Asia Pacific,Desktop,2350,63,1,141.99,154.89
2025-06-04,Facebook,Facebook - Conversion - No,Conversion,North America,Desktop,2250,28,0,28.89,0.0
2025-12-24,Google Ads,Google Ads - Lead Generation - No,Lead Generation,North America,Desktop,2840,74,1,175.6,83.45
2025-12-08,Instagram,Instagram - Lead Generation - Eu,Lead Generation,Europe,Mobile,996,10,0,12.38,0.0
2025-07-16,LinkedIn,LinkedIn - Retargeting - Eu,Retargeting,Europe,Desktop,1305,8,0,46.2,0.0
2025-06-26,Google Ads,Google Ads - Brand Awareness - LA,Brand Awareness,LATAM,Mobile,3198,61,1,148.06,121.28
2025-03-01,Facebook,Facebook - Lead Generation - LA,Lead Generation,LATAM,Mobile,2581,46,1,74.65,173.83
2025-11-19,Google Ads,Google Ads - Conversion - LA,Conversion,LATAM,Desktop,822,18,0,47.73,0.0
2025-09-08,Facebook,Facebook - Lead Generation - Eu,Lead Generation,Europe,Mobile,3008,58,1,113.17,141.06
2025-06-23,LinkedIn,LinkedIn - Retargeting - As,Retargeting,Asia Pacific,Mobile,983,8,0,31.26,0.0
2025-09-03,Email,Email - Conversion - As,Conversion,Asia Pacific,Tablet,850,26,0,6.78,0.0
2025-02-22,Google Ads,Google Ads - Lead Generation - LA,Lead Generation,LATAM,Desktop,1380,42,0,81.28,0.0
2025-03-22,Facebook,Facebook - Retargeting - LA,Retargeting,LATAM,Tablet,1995,25,0,17.25,0.0
2025-08-12,Google Ads,Google Ads - Conversion - LA,Conversion,LATAM,Mobile,1799,49,1,121.12,216.36
2025-10-16,Email,Email - Lead Generation - Eu,Lead Generation,Europe,Mobile,818,25,0,7.11,0.0
2025-09-02,Instagram,Instagram - Lead Generation - As,Lead Generation,Asia Pacific,Mobile,1399,15,0,20.66,0.0
2025-02-01,Instagram,Instagram - Brand Awareness - Eu,Brand Awareness,Europe,Mobile,345,3,0,4.65,0.0
2025-04-20,LinkedIn,LinkedIn - Conversion - Eu,Conversion,Europe,Desktop,1184,7,0,37.31,0.0
2025-01-05,Google Ads,Google Ads - Lead Generation - Eu,Lead Generation,Europe,Mobile,1805,39,0,73.41,0.0
2025-03-13,Instagram,Instagram - Brand Awareness - Eu,Brand Awareness,Europe,Tablet,1144,12,0,16.21,0.0
2026-01-02,LinkedIn,LinkedIn - Retargeting - Eu,Retargeting,Europe,Desktop,1061,10,0,50.56,0.0
2025-01-14,Facebook,Facebook - Conversion - As,Conversion,Asia Pacific,Desktop,2349,32,0,34.16,0.0
2025-05-02,Instagram,Instagram - Lead Generation - As,Lead Generation,Asia Pacific,Desktop,967,6,0,6.24,0.0
2026-01-04,YouTube,YouTube - Conversion - No,Conversion,North America,Tablet,1590,8,0,8.04,0.0
2025-08-03,Google Ads,Google Ads - Brand Awareness - LA,Brand Awareness,LATAM,Mobile,2394,74,1,153.89,96.6
2025-12-07,Google Ads,Google Ads - Retargeting - LA,Retargeting,LATAM,Mobile,1333,38,0,75.95,0.0
2025-04-04,YouTube,YouTube - Lead Generation - As,Lead Generation,Asia Pacific,Mobile,1220,8,0,-1.59,0.0
2025-09-18,Instagram,Instagram - Retargeting - As,Retargeting,Asia Pacific,Desktop,991,8,0,7.65,0.0
2025-02-19,Facebook,Facebook - Conversion - As,Conversion,Asia Pacific,Desktop,1953,23,0,50.47,0.0
2025-02-03,Facebook,Facebook - Brand Awareness - LA,Brand Awareness,LATAM,Mobile,1410,17,0,20.73,0.0
2025-04-03,Google Ads,Google Ads - Brand Awareness - No,Brand Awareness,North America,Mobile,2069,40,0,57.52,0.0
2025-02-16,Facebook,Facebook - Brand Awareness - LA,Brand Awareness,LATAM,Desktop,1951,20,0,15.95,0.0
2025-04-22,Facebook,Facebook - Retargeting - Eu,Retargeting,Europe,Mobile,1892,23,1,10.26,135.53
2025-08-22,Instagram,Instagram - Conversion - LA,Conversion,LATAM,Desktop,1092,19,0,15.91,0.0
2025-09-30,Facebook,Facebook - Brand Awareness - As,Brand Awareness,Asia Pacific,Mobile,2346,45,0,89.45,0.0
2025-08-26,YouTube,YouTube - Lead Generation - As,Lead Generation,Asia Pacific,Mobile,864,5,0,3.21,0.0
2025-06-26,Google Ads,Google Ads - Conversion - No,Conversion,North America,Mobile,1620,48,1,95.16,66.38
2025-02-09,LinkedIn,LinkedIn - Conversion - Eu,Conversion,Europe,Desktop,940,9,0,49.36,0.0
2025-11-29,Instagram,Instagram - Conversion - LA,Conversion,LATAM,Desktop,1357,17,0,9.63,0.0
2025-11-21,Google Ads,Google Ads - Conversion - As,Conversion,Asia Pacific,Desktop,2056,44,0,79.15,0.0
2025-10-31,Facebook,Facebook - Lead Generation - Eu,Lead Generation,Europe,Mobile,1928,15,0,7.1,0.0
2025-04-09,Google Ads,Google Ads - Brand Awareness - Eu,Brand Awareness,Europe,Mobile,1224,30,0,63.48,0.0
2025-09-05,Instagram,Instagram - Conversion - As,Conversion,Asia Pacific,Mobile,1649,20,0,26.98,0.0
2025-04-28,Facebook,Facebook - Retargeting - As,Retargeting,Asia Pacific,Desktop,1570,14,0,21.27,0.0
2025-08-19,Instagram,Instagram - Retargeting - No,Retargeting,North America,Mobile,1133,15,0,15.96,0.0
2025-05-10,Facebook,Facebook - Lead Generation - LA,Lead Generation,LATAM,Desktop,1609,24,0,23.88,0.0
2025-05-17,Facebook,Facebook - Conversion - As,Conversion,Asia Pacific,Desktop,1469,26,0,40.39,0.0
2025-05-05,Facebook,Facebook - Lead Generation - No,Lead Generation,North America,Desktop,1904,21,0,54.51,0.0
2025-10-12,Google Ads,Google Ads - Retargeting - LA,Retargeting,LATAM,Tablet,1533,30,1,51.03,146.94
2025-05-05,Facebook,Facebook - Brand Awareness - As,Brand Awareness,Asia Pacific,Desktop,1447,25,0,21.03,0.0
2025-11-08,LinkedIn,LinkedIn - Lead Generation - LA,Lead Generation,LATAM,Mobile,977,7,0,30.78,0.0
2025-11-09,Instagram,Instagram - Retargeting - LA,Retargeting,LATAM,Desktop,1482,16,0,14.86,0.0
2025-01-14,LinkedIn,LinkedIn - Brand Awareness - LA,Brand Awareness,LATAM,Desktop,969,6,0,27.95,0.0
2025-11-22,Facebook,Facebook - Conversion - LA,Conversion,LATAM,Mobile,2473,24,0,53.55,0.0
2025-03-22,Facebook,Facebook - Lead Generation - Eu,Lead Generation,Europe,Mobile,2688,44,0,27.52,0.0
2025-10-26,Google Ads,Google Ads - Conversion - Eu,Conversion,Europe,Mobile,2455,49,0,133.29,0.0
2025-09-08,LinkedIn,LinkedIn - Lead Generation - LA,Lead Generation,LATAM,Mobile,829,9,0,47.2,0.0
2025-05-02,Google Ads,Google Ads - Retargeting - As,Retargeting,Asia Pacific,Mobile,2619,90,4,200.85,643.95
2025-02-08,Facebook,Facebook - Conversion - No,Conversion,North America,Mobile,467,5,0,6.73,0.0
2025-06-20,Facebook,Facebook - Lead Generation - No,Lead Generation,North America,Mobile,1968,39,0,14.72,0.0
2025-02-01,Facebook,Facebook - Retargeting - No,Retargeting,North America,Mobile,2736,32,1,49.93,133.32
2025-11-03,LinkedIn,LinkedIn - Conversion - No,Conversion,North America,Desktop,769,7,0,34.69,0.0
2025-11-07,Instagram,Instagram - Retargeting - LA,Retargeting,LATAM,Desktop,902,15,0,12.97,0.0
2025-01-20,LinkedIn,LinkedIn - Brand Awareness - As,Brand Awareness,Asia Pacific,Desktop,269,2,0,9.72,0.0
2025-03-24,Instagram,Instagram - Brand Awareness - LA,Brand Awareness,LATAM,Mobile,1068,9,0,9.27,0.0
2025-03-13,LinkedIn,LinkedIn - Retargeting - As,Retargeting,Asia Pacific,Desktop,584,5,0,23.24,0.0
2025-08-30,LinkedIn,LinkedIn - Brand Awareness - Eu,Brand Awareness,Europe,Tablet,672,5,0,20.17,0.0
2025-06-20,LinkedIn,LinkedIn - Retargeting - As,Retargeting,Asia Pacific,Tablet,180,1,0,4.56,0.0
2025-10-14,Facebook,Facebook - Brand Awareness - Eu,Brand Awareness,Europe,Desktop,1359,15,0,21.79,0.0
2025-07-27,Facebook,Facebook - Retargeting - LA,Retargeting,LATAM,Desktop,1745,27,0,17.98,0.0
2025-05-15,Instagram,Instagram - Lead Generation - No,Lead Generation,North America,Desktop,922,13,0,23.72,0.0
2025-01-22,LinkedIn,LinkedIn - Brand Awareness - Eu,Brand Awareness,Europe,Mobile,1497,9,0,47.88,0.0
2025-03-17,LinkedIn,LinkedIn - Brand Awareness - No,Brand Awareness,North America,Desktop,1037,7,0,35.82,0.0
2025-12-12,YouTube,YouTube - Lead Generation - No,Lead Generation,North America,Desktop,894,4,0,3.04,0.0
2025-05-11,Facebook,Facebook - Lead Generation - As,Lead Generation,Asia Pacific,Desktop,2663,37,0,35.17,0.0
2025-10-31,LinkedIn,LinkedIn - Brand Awareness - As,Brand Awareness,Asia Pacific,Mobile,995,7,0,31.14,0.0
2025-11-07,Google Ads,Google Ads - Lead Generation - Eu,Lead Generation,Europe,Mobile,2093,34,0,57.57,0.0
2025-08-03,Instagram,Instagram - Lead Generation - As,Lead Generation,Asia Pacific,Mobile,1092,9,0,12.64,0.0
2025-11-15,LinkedIn,LinkedIn - Lead Generation - As,Lead Generation,Asia Pacific,Desktop,1036,7,0,34.63,0.0
2025-07-31,Facebook,Facebook - Retargeting - As,Retargeting,Asia Pacific,Mobile,2143,32,1,72.15,142.11
2025-09-05,Google Ads,Google Ads - Lead Generation - No,Lead Generation,North America,Desktop,2682,62,1,122.72,213.81
2025-08-21,Google Ads,Google Ads - Conversion - LA,Conversion,LATAM,Desktop,2078,58,1,124.3,119.22
2025-06-20,Instagram,Instagram - Retargeting - As,Retargeting,Asia Pacific,Desktop,896,10,0,8.94,0.0
2025-08-18,LinkedIn,LinkedIn - Retargeting - LA,Retargeting,LATAM,Mobile,728,4,0,20.28,0.0
2025-01-24,LinkedIn,LinkedIn - Retargeting - As,Retargeting,Asia Pacific,Desktop,1412,11,0,45.37,0.0
2025-05-18,Google Ads,Google Ads - Retargeting - LA,Retargeting,LATAM,Tablet,1953,62,3,100.78,372.05
2025-10-24,Google Ads,Google Ads - Conversion - LA,Conversion,LATAM,Mobile,2156,66,1,150.22,146.74
2025-02-12,Facebook,Facebook - Conversion - No,Conversion,North America,Mobile,1213,18,0,31.16,0.0
2025-06-19,Google Ads,Google Ads - Conversion - Eu,Conversion,Europe,Mobile,2812,82,1,100.46,133.2
2025-11-10,Instagram,Instagram - Retargeting - Eu,Retargeting,Europe,Mobile,984,12,0,4.61,0.0
2025-11-04,YouTube,YouTube - Brand Awareness - Eu,Brand Awareness,Europe,Tablet,1195,4,0,3.74,0.0
2025-07-03,Google Ads,Google Ads - Conversion - As,Conversion,Asia Pacific,Tablet,2001,53,1,94.98,143.87
2025-11-11,Google Ads,Google Ads - Retargeting - No,Retargeting,North America,Mobile,1196,26,1,62.03,121.55
2025-12-19,Facebook,Facebook - Conversion - LA,Conversion,LATAM,Desktop,1514,18,0,20.74,0.0
2025-09-26,Instagram,Instagram - Retargeting - Eu,Retargeting,Europe,Mobile,771,7,0,6.95,0.0
2025-02-17,LinkedIn,LinkedIn - Retargeting - No,Retargeting,North America,Mobile,1328,10,0,41.18,0.0
2025-09-25,Google Ads,Google Ads - Retargeting - As,Retargeting,Asia Pacific,Mobile,1606,53,2,126.89,236.92
2025-11-17,Facebook,Facebook - Brand Awareness - No,Brand Awareness,North America,Tablet,1908,20,0,33.12,0.0
2025-06-17,Google Ads,Google Ads - Conversion - No,Conversion,North America,Mobile,1287,21,0,40.96,0.0
2025-03-04,Instagram,Instagram - Lead Generation - Eu,Lead Generation,Europe,Mobile,1152,12,0,14.99,0.0
2025-11-12,Google Ads,Google Ads - Lead Generation - No,Lead Generation,North America,Desktop,1512,30,0,63.13,0.0
2025-10-27,Instagram,Instagram - Lead Generation - As,Lead Generation,Asia Pacific,Mobile,1291,13,0,17.79,0.0
2025-08-06,Instagram,Instagram - Lead Generation - Eu,Lead Generation,Europe,Desktop,1550,22,0,18.82,0.0
2025-01-20,Facebook,Facebook - Lead Generation - As,Lead Generation,Asia Pacific,Mobile,1374,26,0,33.71,0.0
2025-12-30,Email,Email - Brand Awareness - Eu,Brand Awareness,Europe,Desktop,880,19,0,13.2,0.0
2025-03-15,Facebook,Facebook - Lead Generation - No,Lead Generation,North America,Mobile,2190,32,0,45.03,0.0
2025-03-12,Google Ads,Google Ads - Lead Generation - Eu,Lead Generation,Europe,Desktop,2340,43,0,81.66,0.0
2025-05-29,Email,Email - Lead Generation - LA,Lead Generation,LATAM,Mobile,1042,28,0,5.69,0.0
2025-05-19,YouTube,YouTube - Conversion - No,Conversion,North America,Desktop,1257,6,0,-2.47,0.0
2025-11-09,LinkedIn,LinkedIn - Retargeting - As,Retargeting,Asia Pacific,Desktop,1322,12,0,57.71,0.0
2025-11-25,Instagram,Instagram - Retargeting - LA,Retargeting,LATAM,Mobile,1522,20,1,15.37,120.36
2025-04-14,Google Ads,Google Ads - Brand Awareness - No,Brand Awareness,North America,Mobile,2301,44,1,108.42,145.46
2025-10-28,Facebook,Facebook - Lead Generation - No,Lead Generation,North America,Mobile,2377,34,0,65.06,0.0
2025-10-19,Instagram,Instagram - Conversion - LA,Conversion,LATAM,Desktop,890,7,0,5.9,0.0
2025-11-10,Google Ads,Google Ads - Conversion - LA,Conversion,LATAM,Desktop,1763,51,0,93.51,0.0
2025-11-30,Google Ads,Google Ads - Brand Awareness - As,Brand Awareness,Asia Pacific,Mobile,2478,57,1,129.1,170.16
2025-12-22,YouTube,YouTube - Retargeting - No,Retargeting,North America,Tablet,1121,5,0,3.37,0.0
2025-02-10,Facebook,Facebook - Lead Generation - As,Lead Generation,Asia Pacific,Desktop,2059,24,0,29.9,0.0
2025-07-30,Facebook,Facebook - Lead Generation - Eu,Lead Generation,Europe,Desktop,811,11,0,18.79,0.0
2025-07-03,YouTube,YouTube - Lead Generation - LA,Lead Generation,LATAM,Mobile,703,2,0,1.58,0.0
2025-06-23,YouTube,YouTube - Conversion - LA,Conversion,LATAM,Tablet,1043,6,0,3.81,0.0
2025-11-07,Instagram,Instagram - Brand Awareness - Eu,Brand Awareness,Europe,Mobile,1196,13,0,19.34,0.0
2025-03-20,LinkedIn,LinkedIn - Lead Generation - LA,Lead Generation,LATAM,Mobile,746,5,0,19.9,0.0
2025-09-16,Facebook,Facebook - Lead Generation - LA,Lead Generation,LATAM,Mobile,1519,32,0,59.88,0.0
2025-04-16,Facebook,Facebook - Brand Awareness - No,Brand Awareness,North America,Mobile,1871,30,0,57.21,0.0
2025-12-24,Instagram,Instagram - Brand Awareness - LA,Brand Awareness,LATAM,Mobile,469,4,0,2.75,0.0
2025-05-16,YouTube,YouTube - Brand Awareness - No,Brand Awareness,North America,Mobile,749,4,0,1.68,0.0
2025-01-30,YouTube,YouTube - Brand Awareness - As,Brand Awareness,Asia Pacific,Desktop,693,3,0,1.49,0.0
2025-09-22,Instagram,Instagram - Retargeting - Eu,Retargeting,Europe,Mobile,1202,19,0,28.45,0.0
2025-06-20,Instagram,Instagram - Brand Awareness - No,Brand Awareness,North America,Mobile,846,11,0,6.9,0.0
2025-02-20,YouTube,YouTube - Lead Generation - As,Lead Generation,Asia Pacific,Desktop,1542,7,0,4.63,0.0
2025-05-22,Instagram,Instagram - Retargeting - No,Retargeting,North America,Desktop,1254,12,0,6.72,0.0
2025-07-29,Facebook,Facebook - Retargeting - Eu,Retargeting,Europe,Mobile,1212,21,1,16.91,213.95
2025-10-05,YouTube,YouTube - Conversion - As,Conversion,Asia Pacific,Desktop,1228,7,0,14.41,0.0
2025-06-02,Instagram,Instagram - Brand Awareness - Eu,Brand Awareness,Europe,Desktop,932,11,0,0.72,0.0
2025-09-27,YouTube,YouTube - Conversion - No,Conversion,North America,Mobile,1025,5,0,0.16,0.0
2025-09-23,Facebook,Facebook - Lead Generation - As,Lead Generation,Asia Pacific,Desktop,3115,38,0,40.17,0.0
2025-11-01,LinkedIn,LinkedIn - Brand Awareness - Eu,Brand Awareness,Europe,Desktop,420,2,0,10.22,0.0
2025-08-06,Instagram,Instagram - Conversion - No,Conversion,North America,Mobile,628,7,0,6.43,0.0
2025-07-24,Facebook,Facebook - Conversion - LA,Conversion,LATAM,Desktop,1154,17,0,22.67,0.0
2025-08-17,Instagram,Instagram - Lead Generation - LA,Lead Generation,LATAM,Mobile,936,9,0,5.4,0.0
2025-04-20,Google Ads,Google Ads - Lead Generation - As,Lead Generation,Asia Pacific,Desktop,2639,66,1,103.64,117.6
2025-07-05,YouTube,YouTube - Brand Awareness - Eu,Brand Awareness,Europe,Tablet,1132,5,0,0.46,0.0
2025-04-08,Google Ads,Google Ads - Retargeting - LA,Retargeting,LATAM,Desktop,1326,34,2,54.82,365.9
2025-10-01,LinkedIn,LinkedIn - Lead Generation - No,Lead Generation,North America,Mobile,1366,13,0,51.06,0.0
2025-03-19,Instagram,Instagram - Lead Generation - LA,Lead Generation,LATAM,Desktop,1126,15,0,15.1,0.0
2025-11-24,YouTube,YouTube - Brand Awareness - No,Brand Awareness,North America,Desktop,1064,7,0,9.25,0.0
2025-01-14,Google Ads,Google Ads - Retargeting - No,Retargeting,North America,Desktop,789,15,0,19.78,0.0
2025-12-07,Google Ads,Google Ads - Lead Generation - As,Lead Generation,Asia Pacific,Tablet,2426,64,1,144.78,183.43
2025-12-31,Facebook,Facebook - Conversion - LA,Conversion,LATAM,Desktop,2241,42,0,70.89,0.0
2025-09-06,YouTube,YouTube - Conversion - No,Conversion,North America,Mobile,1155,4,0,3.23,0.0
2025-03-13,Instagram,Instagram - Retargeting - No,Retargeting,North America,Desktop,783,9,0,15.1,0.0
2025-06-28,Google Ads,Google Ads - Conversion - As,Conversion,Asia Pacific,Desktop,1799,46,0,85.45,0.0
2025-10-29,Facebook,Facebook - Conversion - No,Conversion,North America,Mobile,1591,23,0,40.43,0.0
2025-09-25,Facebook,Facebook - Lead Generation - As,Lead Generation,Asia Pacific,Desktop,1651,29,0,48.48,0.0
2025-07-23,YouTube,YouTube - Retargeting - As,Retargeting,Asia Pacific,Desktop,603,2,0,2.77,0.0
2025-12-30,LinkedIn,LinkedIn - Brand Awareness - As,Brand Awareness,Asia Pacific,Mobile,1624,12,0,65.91,0.0
2025-06-07,Google Ads,Google Ads - Lead Generation - As,Lead Generation,Asia Pacific,Mobile,2058,42,1,95.07,148.74
2025-06-10,LinkedIn,LinkedIn - Lead Generation - LA,Lead Generation,LATAM,Desktop,1147,7,0,23.83,0.0
2025-10-04,Google Ads,Google Ads - Lead Generation - LA,Lead Generation,LATAM,Desktop,2703,55,0,72.93,0.0
2025-08-23,Facebook,Facebook - Brand Awareness - As,Brand Awareness,Asia Pacific,Desktop,1120,19,0,25.93,0.0
2025-10-22,Google Ads,Google Ads - Conversion - No,Conversion,North America,Mobile,1609,58,1,107.21,137.2
2025-03-16,LinkedIn,LinkedIn - Brand Awareness - No,Brand Awareness,North America,Mobile,708,3,0,14.07,0.0
2025-06-24,LinkedIn,LinkedIn - Brand Awareness - LA,Brand Awareness,LATAM,Mobile,1438,18,0,88.93,0.0
2025-02-12,YouTube,YouTube - Brand Awareness - Eu,Brand Awareness,Europe,Desktop,584,2,0,1.68,0.0
2025-06-19,Instagram,Instagram - Lead Generation - LA,Lead Generation,LATAM,Mobile,1064,11,0,10.8,0.0
2025-10-03,Facebook,Facebook - Lead Generation - No,Lead Generation,North America,Desktop,1643,15,0,26.77,0.0
2025-07-23,Facebook,Facebook - Lead Generation - LA,Lead Generation,LATAM,Mobile,2577,34,0,73.78,0.0
2025-05-06,Google Ads,Google Ads - Conversion - Eu,Conversion,Europe,Tablet,2980,72,1,164.16,135.1
2025-09-18,Instagram,Instagram - Retargeting - No,Retargeting,North America,Desktop,1123,20,0,18.71,0.0
2025-03-03,Instagram,Instagram - Retargeting - As,Retargeting,Asia Pacific,Mobile,988,10,0,14.47,0.0
2025-04-17,Instagram,Instagram - Brand Awareness - As,Brand Awareness,Asia Pacific,Desktop,1315,11,0,7.04,0.0
2025-02-14,YouTube,YouTube - Brand Awareness - No,Brand Awareness,North America,Mobile,440,2,0,2.64,0.0
2025-10-13,LinkedIn,LinkedIn - Retargeting - No,Retargeting,North America,Mobile,757,7,0,29.35,0.0
2025-03-01,Instagram,Instagram - Lead Generation - Eu,Lead Generation,Europe,Mobile,1044,10,0,8.09,0.0
2025-05-26,Facebook,Facebook - Retargeting - No,Retargeting,North America,Mobile,1611,27,1,37.32,142.13
2025-05-27,Facebook,Facebook - Conversion - LA,Conversion,LATAM,Desktop,2470,34,0,56.97,0.0
2025-05-29,Google Ads,Google Ads - Conversion - As,Conversion,Asia Pacific,Desktop,2342,63,1,185.05,150.11
2025-07-11,Facebook,Facebook - Conversion - LA,Conversion,LATAM,Mobile,1343,18,0,28.45,0.0
2025-04-08,Instagram,Instagram - Retargeting - No,Retargeting,North America,Mobile,969,14,0,13.45,0.0
2025-08-08,Instagram,Instagram - Brand Awareness - No,Brand Awareness,North America,Mobile,633,8,0,10.19,0.0
2025-11-30,Google Ads,Google Ads - Conversion - As,Conversion,Asia Pacific,Desktop,1144,28,0,81.44,0.0
2025-07-17,Google Ads,Google Ads - Lead Generation - LA,Lead Generation,LATAM,Mobile,1099,28,0,51.0,0.0
2025-09-20,YouTube,YouTube - Conversion - No,Conversion,North America,Mobile,997,4,0,1.68,0.0
2025-11-24,Google Ads,Google Ads - Conversion - No,Conversion,North America,Mobile,1722,24,0,81.49,0.0
2025-10-27,Instagram,Instagram - Conversion - Eu,Conversion,Europe,Desktop,1060,11,0,13.42,0.0
2025-12-06,YouTube,YouTube - Conversion - As,Conversion,Asia Pacific,Mobile,1282,7,0,3.6,0.0
2025-06-02,Instagram,Instagram - Brand Awareness - As,Brand Awareness,Asia Pacific,Mobile,601,6,0,9.73,0.0
2025-08-27,YouTube,YouTube - Lead Generation - Eu,Lead Generation,Europe,Desktop,751,3,0,1.96,0.0
2025-02-24,Email,Email - Brand Awareness - No,Brand Awareness,North America,Mobile,771,11,0,8.96,0.0
2025-08-11,Google Ads,Google Ads - Brand Awareness - As,Brand Awareness,Asia Pacific,Desktop,2930,84,1,136.21,177.93
2025-10-24,Facebook,Facebook - Retargeting - Eu,Retargeting,Europe,Mobile,2687,39,2,28.59,247.76
2025-08-21,Facebook,Facebook - Lead Generation - As,Lead Generation,Asia Pacific,Mobile,1431,25,0,49.54,0.0
2025-10-26,Instagram,Instagram - Brand Awareness - Eu,Brand Awareness,Europe,Mobile,716,7,0,7.59,0.0
2025-06-08,LinkedIn,LinkedIn - Conversion - LA,Conversion,LATAM,Tablet,1125,7,0,25.68,0.0
2025-07-25,LinkedIn,LinkedIn - Conversion - Eu,Conversion,Europe,Desktop,1003,6,0,29.07,0.0
2025-03-15,Instagram,Instagram - Conversion - LA,Conversion,LATAM,Desktop,1386,12,0,23.67,0.0
2025-12-07,YouTube,YouTube - Conversion - As,Conversion,Asia Pacific,Mobile,462,2,0,0.34,0.0
2025-02-15,Facebook,Facebook - Lead Generation - No,Lead Generation,North America,Desktop,1845,25,0,11.54,0.0
2025-04-25,Facebook,Facebook - Conversion - Eu,Conversion,Europe,Desktop,1947,27,0,51.95,0.0
2025-09-15,Facebook,Facebook - Brand Awareness - Eu,Brand Awareness,Europe,Mobile,2096,30,0,52.46,0.0
2025-01-07,Google Ads,Google Ads - Retargeting - No,Retargeting,North America,Mobile,2341,58,2,122.65,410.19
2025-12-28,Facebook,Facebook - Conversion - LA,Conversion,LATAM,Desktop,1985,37,1,62.89,148.15
2025-12-20,Facebook,Facebook - Conversion - LA,Conversion,LATAM,Mobile,604,7,0,8.51,0.0
2025-03-23,Instagram,Instagram - Lead Generation - Eu,Lead Generation,Europe,Tablet,584,6,0,8.31,0.0
2025-06-17,LinkedIn,LinkedIn - Conversion - Eu,Conversion,Europe,Mobile,1048,10,0,45.36,0.0
2025-11-13,Google Ads,Google Ads - Lead Generation - As,Lead Generation,Asia Pacific,Mobile,1655,46,0,83.04,0.0
2025-12-26,Facebook,Facebook - Retargeting - LA,Retargeting,LATAM,Mobile,1605,23,1,26.45,189.53
2025-04-12,Email,Email - Lead Generation - No,Lead Generation,North America,Mobile,827,23,0,-9.0,0.0
2025-01-14,Instagram,Instagram - Retargeting - LA,Retargeting,LATAM,Mobile,945,12,0,11.35,0.0
2025-12-04,Google Ads,Google Ads - Brand Awareness - Eu,Brand Awareness,Europe,Desktop,2116,45,0,84.67,0.0
2025-05-31,Instagram,Instagram - Retargeting - No,Retargeting,North America,Mobile,652,10,0,13.63,0.0
2025-03-20,YouTube,YouTube - Retargeting - Eu,Retargeting,Europe,Desktop,1069,5,0,1.85,0.0
2025-05-23,LinkedIn,LinkedIn - Brand Awareness - LA,Brand Awareness,LATAM,Desktop,629,3,0,11.51,0.0
2025-01-21,Instagram,Instagram - Lead Generation - As,Lead Generation,Asia Pacific,Tablet,600,6,0,9.39,0.0
2025-09-26,YouTube,YouTube - Brand Awareness - As,Brand Awareness,Asia Pacific,Mobile,1016,3,0,-1.74,0.0
2025-08-21,Google Ads,Google Ads - Retargeting - LA,Retargeting,LATAM,Desktop,1433,40,1,112.64,148.7
2025-03-01,Instagram,Instagram - Conversion - No,Conversion,North America,Desktop,1604,14,0,19.96,0.0
2025-11-23,LinkedIn,LinkedIn - Brand Awareness - Eu,Brand Awareness,Europe,Mobile,1074,10,0,52.5,0.0
2025-12-03,LinkedIn,LinkedIn - Conversion - As,Conversion,Asia Pacific,Mobile,1233,11,0,43.04,0.0
2025-05-12,Google Ads,Google Ads - Lead Generation - No,Lead Generation,North America,Mobile,1936,62,1,150.9,216.34
2025-08-03,Facebook,Facebook - Retargeting - Eu,Retargeting,Europe,Desktop,1061,14,0,15.71,0.0
2025-04-23,LinkedIn,LinkedIn - Lead Generation - Eu,Lead Generation,Europe,Tablet,1423,8,0,39.72,0.0
2025-06-02,Facebook,Facebook - Lead Generation - Eu,Lead Generation,Europe,Desktop,2504,31,0,40.18,0.0
2025-02-14,Google Ads,Google Ads - Lead Generation - As,Lead Generation,Asia Pacific,Desktop,1941,49,0,90.84,0.0
2025-05-13,LinkedIn,LinkedIn - Conversion - Eu,Conversion,Europe,Mobile,1016,9,0,36.54,0.0
2025-03-24,Google Ads,Google Ads - Lead Generation - No,Lead Generation,North America,Mobile,2087,27,0,67.53,0.0
2025-01-13,Google Ads,Google Ads - Conversion - LA,Conversion,LATAM,Desktop,1851,56,1,102.71,102.91
2025-11-02,Google Ads,Google Ads - Retargeting - Eu,Retargeting,Europe,Desktop,1793,35,1,89.63,168.8
2025-03-02,YouTube,YouTube - Lead Generation - No,Lead Generation,North America,Mobile,1179,7,0,1.58,0.0
2025-04-12,Facebook,Facebook - Brand Awareness - As,Brand Awareness,Asia Pacific,Desktop,2440,40,0,30.37,0.0
2025-05-26,Instagram,Instagram - Conversion - No,Conversion,North America,Mobile,1096,12,0,9.44,0.0
2025-09-04,Instagram,Instagram - Lead Generation - LA,Lead Generation,LATAM,Mobile,1260,19,0,21.59,0.0
2025-05-12,Facebook,Facebook - Retargeting - No,Retargeting,North America,Desktop,1247,14,0,19.46,0.0
2025-06-10,Google Ads,Google Ads - Retargeting - LA,Retargeting,LATAM,Mobile,1725,37,2,56.39,368.2
2025-07-12,YouTube,YouTube - Brand Awareness - As,Brand Awareness,Asia Pacific,Mobile,285,1,0,0.78,0.0
2025-08-15,Facebook,Facebook - Retargeting - LA,Retargeting,LATAM,Mobile,1541,18,0,19.02,0.0
2025-02-09,Instagram,Instagram - Retargeting - As,Retargeting,Asia Pacific,Desktop,784,7,0,13.52,0.0
2025-03-02,Facebook,Facebook - Retargeting - As,Retargeting,Asia Pacific,Mobile,2132,22,1,23.92,126.68
2025-09-30,LinkedIn,LinkedIn - Brand Awareness - As,Brand Awareness,Asia Pacific,Desktop,902,8,0,33.98,0.0
2025-10-25,YouTube,YouTube - Retargeting - No,Retargeting,North America,Mobile,1393,8,0,3.41,0.0
2025-11-22,LinkedIn,LinkedIn - Conversion - Eu,Conversion,Europe,Mobile,919,4,0,17.62,0.0
2025-10-13,Instagram,Instagram - Brand Awareness - No,Brand Awareness,North America,Mobile,934,12,0,11.33,0.0
2025-09-13,Google Ads,Google Ads - Lead Generation - LA,Lead Generation,LATAM,Mobile,1407,39,0,65.42,0.0
2025-03-07,LinkedIn,LinkedIn - Conversion - Eu,Conversion,Europe,Desktop,754,4,0,15.94,0.0
2025-07-08,LinkedIn,LinkedIn - Lead Generation - No,Lead Generation,North America,Mobile,1684,16,0,79.25,0.0
2025-03-28,Instagram,Instagram - Conversion - No,Conversion,North America,Mobile,759,11,0,16.22,0.0
2025-10-17,Email,Email - Retargeting - No,Retargeting,North America,Desktop,685,16,0,-0.89,0.0
2025-10-29,Google Ads,Google Ads - Retargeting - LA,Retargeting,LATAM,Mobile,1763,59,3,78.0,528.15
2025-07-14,Instagram,Instagram - Brand Awareness - No,Brand Awareness,North America,Desktop,353,2,0,3.37,0.0
2025-03-06,LinkedIn,LinkedIn - Conversion - As,Conversion,Asia Pacific,Mobile,697,3,0,13.0,0.0
2025-07-02,LinkedIn,LinkedIn - Conversion - No,Conversion,North America,Mobile,1048,11,0,44.12,0.0
2025-03-15,Google Ads,Google Ads - Lead Generation - Eu,Lead Generation,Europe,Mobile,2014,50,0,115.99,0.0
2025-09-09,Instagram,Instagram - Retargeting - LA,Retargeting,LATAM,Mobile,846,10,0,13.16,0.0
2025-03-05,Instagram,Instagram - Conversion - Eu,Conversion,Europe,Desktop,1562,22,0,18.26,0.0
2025-09-15,Google Ads,Google Ads - Retargeting - As,Retargeting,Asia Pacific,Mobile,2727,69,3,160.2,591.64
2025-03-29,LinkedIn,LinkedIn - Lead Generation - LA,Lead Generation,LATAM,Mobile,968,7,0,35.92,0.0
2025-06-10,Email,Email - Conversion - Eu,Conversion,Europe,Mobile,1380,47,1,10.65,170.44
2025-12-16,Facebook,Facebook - Lead Generation - No,Lead Generation,North America,Desktop,1664,17,0,33.41,0.0
2025-12-09,LinkedIn,LinkedIn - Lead Generation - LA,Lead Generation,LATAM,Mobile,1731,11,0,57.73,0.0
2025-02-09,Google Ads,Google Ads - Conversion - Eu,Conversion,Europe,Desktop,952,27,0,40.56,0.0
2025-03-22,LinkedIn,LinkedIn - Lead Generation - Eu,Lead Generation,Europe,Desktop,1054,8,0,35.8,0.0
2025-12-14,YouTube,YouTube - Retargeting - No,Retargeting,North America,Mobile,1080,4,0,-2.64,0.0
2025-06-28,Facebook,Facebook - Conversion - Eu,Conversion,Europe,Mobile,2092,32,0,31.61,0.0
2025-09-16,Facebook,Facebook - Retargeting - LA,Retargeting,LATAM,Tablet,2471,33,1,49.63,167.89
2025-08-12,Google Ads,Google Ads - Brand Awareness - No,Brand Awareness,North America,Mobile,1953,56,1,72.21,130.64
2025-10-19,Facebook,Facebook - Conversion - No,Conversion,North America,Desktop,2670,44,0,75.55,0.0
2025-02-10,Facebook,Facebook - Brand Awareness - LA,Brand Awareness,LATAM,Desktop,2176,28,0,56.79,0.0
2025-06-02,Google Ads,Google Ads - Lead Generation - As,Lead Generation,Asia Pacific,Desktop,2197,48,0,94.07,0.0
2025-11-11,Google Ads,Google Ads - Brand Awareness - No,Brand Awareness,North America,Tablet,2221,46,0,103.9,0.0
2025-04-06,Facebook,Facebook - Retargeting - No,Retargeting,North America,Mobile,2261,28,1,40.44,115.92
2025-07-04,Facebook,Facebook - Lead Generation - LA,Lead Generation,LATAM,Mobile,1278,22,0,41.61,0.0
2025-12-06,Email,Email - Conversion - LA,Conversion,LATAM,Mobile,1097,25,0,11.21,0.0
2025-10-09,Facebook,Facebook - Conversion - Eu,Conversion,Europe,Desktop,2291,32,0,38.55,0.0
2025-08-04,Email,Email - Conversion - Eu,Conversion,Europe,Desktop,870,26,0,0.96,0.0
2025-01-26,LinkedIn,LinkedIn - Lead Generation - As,Lead Generation,Asia Pacific,Mobile,748,5,0,17.95,0.0
2025-09-12,Instagram,Instagram - Lead Generation - As,Lead Generation,Asia Pacific,Mobile,770,9,0,9.56,0.0
2025-05-22,Instagram,Instagram - Retargeting - As,Retargeting,Asia Pacific,Mobile,1108,14,0,13.4,0.0
2025-02-14,Instagram,Instagram - Retargeting - Eu,Retargeting,Europe,Desktop,1088,13,0,24.74,0.0
2025-09-10,Facebook,Facebook - Retargeting - As,Retargeting,Asia Pacific,Desktop,2693,43,1,78.24,139.45
2025-11-21,Google Ads,Google Ads - Conversion - No,Conversion,North America,Mobile,2236,61,0,169.64,0.0
2025-01-23,LinkedIn,LinkedIn - Retargeting - As,Retargeting,Asia Pacific,Desktop,701,4,0,19.6,0.0
2025-12-19,Google Ads,Google Ads - Conversion - As,Conversion,Asia Pacific,Mobile,1367,29,0,83.74,0.0
2025-04-24,Facebook,Facebook - Lead Generation - As,Lead Generation,Asia Pacific,Mobile,2060,35,0,59.98,0.0
2025-03-14,Instagram,Instagram - Lead Generation - LA,Lead Generation,LATAM,Desktop,1464,22,0,17.69,0.0
2025-12-21,YouTube,YouTube - Brand Awareness - No,Brand Awareness,North America,Mobile,1305,7,0,9.51,0.0
2025-03-26,Google Ads,Google Ads - Lead Generation - No,Lead Generation,North America,Desktop,2628,76,1,206.23,172.37
2025-08-05,Facebook,Facebook - Brand Awareness - No,Brand Awareness,North America,Desktop,2011,29,0,2.61,0.0
2025-08-07,Instagram,Instagram - Lead Generation - No,Lead Generation,North America,Mobile,1064,14,0,6.73,0.0
2025-10-25,Google Ads,Google Ads - Lead Generation - No,Lead Generation,North America,Desktop,1952,49,1,84.05,120.22
2025-01-20,Facebook,Facebook - Conversion - No,Conversion,North America,Desktop,1748,25,0,31.2,0.0
2025-06-13,LinkedIn,LinkedIn - Brand Awareness - LA,Brand Awareness,LATAM,Desktop,941,6,0,29.17,0.0
2025-10-19,Facebook,Facebook - Brand Awareness - LA,Brand Awareness,LATAM,Mobile,1996,27,0,49.21,0.0
2025-06-09,YouTube,YouTube - Retargeting - Eu,Retargeting,Europe,Tablet,1171,4,0,-1.88,0.0
2025-03-02,Instagram,Instagram - Brand Awareness - Eu,Brand Awareness,Europe,Mobile,786,9,0,6.06,0.0
2025-07-14,Google Ads,Google Ads - Lead Generation - No,Lead Generation,North America,Mobile,1645,33,0,57.14,0.0
2025-11-29,Instagram,Instagram - Lead Generation - Eu,Lead Generation,Europe,Mobile,749,8,0,17.44,0.0
2025-06-29,Facebook,Facebook - Retargeting - Eu,Retargeting,Europe,Tablet,2228,26,1,38.22,170.65
2025-11-02,Facebook,Facebook - Lead Generation - As,Lead Generation,Asia Pacific,Desktop,2344,31,0,52.25,0.0
2025-01-11,Facebook,Facebook - Lead Generation - As,Lead Generation,Asia Pacific,Mobile,1570,18,0,22.36,0.0
2025-11-08,Google Ads,Google Ads - Conversion - LA,Conversion,LATAM,Desktop,3177,69,1,139.08,187.5
2025-04-18,YouTube,YouTube - Retargeting - LA,Retargeting,LATAM,Desktop,609,3,0,0.61,0.0
2025-09-08,Instagram,Instagram - Conversion - No,Conversion,North America,Desktop,686,8,0,8.59,0.0
2025-12-02,Facebook,Facebook - Conversion - LA,Conversion,LATAM,Desktop,880,11,0,12.56,0.0
2025-06-27,Google Ads,Google Ads - Retargeting - LA,Retargeting,LATAM,Desktop,2675,64,4,148.73,588.46
2025-08-14,YouTube,YouTube - Retargeting - Eu,Retargeting,Europe,Desktop,640,4,0,-2.39,0.0
2025-05-15,Google Ads,Google Ads - Retargeting - LA,Retargeting,LATAM,Desktop,639,17,0,48.45,0.0
2025-12-04,LinkedIn,LinkedIn - Lead Generation - Eu,Lead Generation,Europe,Mobile,1361,7,0,25.4,0.0
2025-07-11,Google Ads,Google Ads - Brand Awareness - LA,Brand Awareness,LATAM,Mobile,3052,84,1,146.31,119.68
2025-02-08,LinkedIn,LinkedIn - Conversion - Eu,Conversion,Europe,Mobile,1332,9,0,42.39,0.0
2025-07-13,Instagram,Instagram - Lead Generation - As,Lead Generation,Asia Pacific,Mobile,1844,28,0,55.44,0.0
2025-05-31,Email,Email - Lead Generation - As,Lead Generation,Asia Pacific,Mobile,1178,41,0,-2.81,0.0
2025-09-20,Google Ads,Google Ads - Retargeting - As,Retargeting,Asia Pacific,Mobile,2625,68,4,119.54,760.45
2025-10-06,Instagram,Instagram - Retargeting - Eu,Retargeting,Europe,Mobile,1023,12,0,-0.67,0.0
2025-02-21,LinkedIn,LinkedIn - Brand Awareness - As,Brand Awareness,Asia Pacific,Tablet,728,7,0,27.81,0.0
2025-03-12,LinkedIn,LinkedIn - Brand Awareness - Eu,Brand Awareness,Europe,Desktop,1192,11,0,46.16,0.0
2025-07-24,Google Ads,Google Ads - Lead Generation - Eu,Lead Generation,Europe,Desktop,1566,37,0,61.9,0.0
2025-04-26,Facebook,Facebook - Retargeting - No,Retargeting,North America,Mobile,3477,50,2,110.41,375.57
2025-05-28,LinkedIn,LinkedIn - Lead Generation - No,Lead Generation,North America,Mobile,864,6,0,25.07,0.0
2025-01-13,Instagram,Instagram - Lead Generation - LA,Lead Generation,LATAM,Desktop,998,11,0,6.94,0.0
2025-02-17,Facebook,Facebook - Retargeting - As,Retargeting,Asia Pacific,Tablet,2082,25,1,33.18,121.09
2025-10-20,Google Ads,Google Ads - Conversion - Eu,Conversion,Europe,Desktop,2158,48,1,112.12,129.64
2025-02-22,Facebook,Facebook - Brand Awareness - As,Brand Awareness,Asia Pacific,Mobile,1922,22,0,43.49,0.0
2025-10-18,Instagram,Instagram - Brand Awareness - LA,Brand Awareness,LATAM,Tablet,928,7,0,5.79,0.0
2025-01-16,Facebook,Facebook - Conversion - No,Conversion,North America,Mobile,4033,61,1,137.38,98.62
2025-12-26,Google Ads,Google Ads - Lead Generation - As,Lead Generation,Asia Pacific,Desktop,2572,50,1,74.43,198.19
2025-07-03,Instagram,Instagram - Brand Awareness - LA,Brand Awareness,LATAM,Mobile,903,13,0,20.66,0.0
2025-11-01,Facebook,Facebook - Conversion - No,Conversion,North America,Tablet,1115,20,0,28.02,0.0
2025-07-01,LinkedIn,LinkedIn - Retargeting - LA,Retargeting,LATAM,Mobile,1137,9,0,38.47,0.0
2025-10-04,Facebook,Facebook - Conversion - No,Conversion,North America,Desktop,1172,16,0,19.34,0.0
2025-04-04,Facebook,Facebook - Retargeting - LA,Retargeting,LATAM,Mobile,1891,26,1,47.92,140.26
2025-02-18,Facebook,Facebook - Lead Generation - Eu,Lead Generation,Europe,Desktop,3258,37,0,20.81,0.0
2025-02-12,Facebook,Facebook - Conversion - Eu,Conversion,Europe,Desktop,2345,40,0,41.66,0.0
2025-12-18,Google Ads,Google Ads - Retargeting - No,Retargeting,North America,Tablet,3358,96,3,201.38,388.41
2026-01-04,Facebook,Facebook - Brand Awareness - Eu,Brand Awareness,Europe,Mobile,2373,49,0,53.1,0.0
2025-04-20,LinkedIn,LinkedIn - Lead Generation - Eu,Lead Generation,Europe,Desktop,699,6,0,31.83,0.0
2025-11-08,Google Ads,Google Ads - Retargeting - As,Retargeting,Asia Pacific,Mobile,3515,111,4,211.03,512.04
2025-07-22,Google Ads,Google Ads - Brand Awareness - Eu,Brand Awareness,Europe,Mobile,1444,43,0,128.65,0.0
2025-04-22,Instagram,Instagram - Lead Generation - LA,Lead Generation,LATAM,Desktop,777,8,0,-2.68,0.0
2025-08-12,LinkedIn,LinkedIn - Conversion - No,Conversion,North America,Desktop,715,5,0,22.34,0.0
2025-06-01,LinkedIn,LinkedIn - Retargeting - No,Retargeting,North America,Mobile,1166,8,0,33.39,0.0
2025-09-15,Facebook,Facebook - Lead Generation - LA,Lead Generation,LATAM,Mobile,2187,29,0,44.33,0.0
2025-09-13,Facebook,Facebook - Conversion - As,Conversion,Asia Pacific,Mobile,2950,44,0,77.28,0.0
2025-08-23,Instagram,Instagram - Lead Generation - Eu,Lead Generation,Europe,Desktop,742,10,0,10.57,0.0
2025-01-10,Instagram,Instagram - Retargeting - As,Retargeting,Asia Pacific,Desktop,1096,13,0,14.65,0.0
2025-04-05,Facebook,Facebook - Retargeting - No,Retargeting,North America,Desktop,2337,40,1,97.98,137.09
2025-08-12,Instagram,Instagram - Lead Generation - Eu,Lead Generation,Europe,Desktop,1097,13,0,13.75,0.0
2025-03-05,Facebook,Facebook - Retargeting - No,Retargeting,North America,Mobile,3170,63,3,83.81,427.79
2025-02-13,Instagram,Instagram - Conversion - No,Conversion,North America,Desktop,635,5,0,8.09,0.0
2025-08-25,Email,Email - Brand Awareness - No,Brand Awareness,North America,Desktop,1264,39,1,37.94,119.37
2025-12-28,Facebook,Facebook - Brand Awareness - As,Brand Awareness,Asia Pacific,Desktop,2235,28,0,49.84,0.0
2025-04-09,LinkedIn,LinkedIn - Lead Generation - Eu,Lead Generation,Europe,Mobile,847,5,0,23.4,0.0
2025-03-03,Facebook,Facebook - Conversion - Eu,Conversion,Europe,Mobile,2687,37,0,59.41,0.0
2025-10-31,Instagram,Instagram - Retargeting - As,Retargeting,Asia Pacific,Tablet,783,8,0,10.25,0.0
2025-02-04,Facebook,Facebook - Conversion - As,Conversion,Asia Pacific,Tablet,876,16,0,30.74,0.0
2025-12-27,Instagram,Instagram - Retargeting - Eu,Retargeting,Europe,Mobile,608,5,0,6.09,0.0
2025-07-05,Facebook,Facebook - Conversion - Eu,Conversion,Europe,Mobile,2118,41,0,61.72,0.0
2025-07-03,Instagram,Instagram - Brand Awareness - As,Brand Awareness,Asia Pacific,Desktop,785,10,0,18.2,0.0
2025-04-09,Facebook,Facebook - Retargeting - Eu,Retargeting,Europe,Desktop,1655,23,1,52.97,125.92
2025-04-13,Facebook,Facebook - Conversion - LA,Conversion,LATAM,Mobile,1008,13,0,23.81,0.0
2025-07-21,Google Ads,Google Ads - Lead Generation - Eu,Lead Generation,Europe,Desktop,1528,30,0,51.91,0.0
2025-09-03,Facebook,Facebook - Brand Awareness - LA,Brand Awareness,LATAM,Tablet,2614,42,1,50.5,151.29
2025-09-19,Google Ads,Google Ads - Conversion - Eu,Conversion,Europe,Desktop,1493,50,1,122.89,78.3
2025-07-06,Facebook,Facebook - Brand Awareness - Eu,Brand Awareness,Europe,Mobile,2482,30,0,28.92,0.0
2025-07-31,Facebook,Facebook - Conversion - LA,Conversion,LATAM,Desktop,2430,39,0,55.16,0.0
2025-12-09,Instagram,Instagram - Brand Awareness - As,Brand Awareness,Asia Pacific,Mobile,1293,15,0,35.33,0.0
2025-01-17,Google Ads,Google Ads - Retargeting - No,Retargeting,North America,Desktop,1856,53,1,111.69,149.57
2025-10-13,Facebook,Facebook - Retargeting - No,Retargeting,North America,Desktop,1795,42,1,74.65,176.85
2025-01-07,Instagram,Instagram - Conversion - No,Conversion,North America,Mobile,864,7,0,9.76,0.0
2025-12-31,Facebook,Facebook - Retargeting - LA,Retargeting,LATAM,Desktop,3041,49,2,61.92,262.62
2025-05-10,Instagram,Instagram - Brand Awareness - No,Brand Awareness,North America,Mobile,855,9,0,5.24,0.0
2025-04-10,YouTube,YouTube - Conversion - As,Conversion,Asia Pacific,Desktop,458,1,0,0.76,0.0
2025-10-02,Facebook,Facebook - Retargeting - Eu,Retargeting,Europe,Desktop,3171,49,2,62.71,228.73
2025-05-22,LinkedIn,LinkedIn - Retargeting - LA,Retargeting,LATAM,Mobile,1230,11,0,48.14,0.0
2025-08-10,Facebook,Facebook - Retargeting - Eu,Retargeting,Europe,Desktop,1351,17,1,10.82,184.63
2025-11-01,Instagram,Instagram - Conversion - LA,Conversion,LATAM,Mobile,1409,15,0,21.85,0.0
2025-02-12,Google Ads,Google Ads - Retargeting - LA,Retargeting,LATAM,Mobile,2477,71,3,126.87,555.05
2025-02-12,LinkedIn,LinkedIn - Brand Awareness - LA,Brand Awareness,LATAM,Desktop,892,6,0,25.51,0.0
2025-11-29,Google Ads,Google Ads - Retargeting - Eu,Retargeting,Europe,Mobile,1637,38,2,66.51,341.07
2025-03-08,YouTube,YouTube - Conversion - No,Conversion,North America,Mobile,1597,8,0,0.95,0.0
2025-11-06,Instagram,Instagram - Conversion - No,Conversion,North America,Mobile,862,10,0,8.0,0.0
2025-10-30,Facebook,Facebook - Lead Generation - LA,Lead Generation,LATAM,Desktop,1592,31,0,56.65,0.0
2025-03-31,LinkedIn,LinkedIn - Conversion - LA,Conversion,LATAM,Mobile,622,5,0,24.04,0.0
2025-11-27,Instagram,Instagram - Lead Generation - No,Lead Generation,North America,Desktop,1129,14,0,23.43,0.0
2025-12-31,Instagram,Instagram - Brand Awareness - LA,Brand Awareness,LATAM,Desktop,772,12,0,16.49,0.0
2025-12-27,Google Ads,Google Ads - Retargeting - Eu,Retargeting,Europe,Tablet,1665,44,2,90.1,346.03
2025-02-26,Facebook,Facebook - Retargeting - Eu,Retargeting,Europe,Desktop,2848,37,1,48.51,177.27
2025-06-02,Google Ads,Google Ads - Conversion - No,Conversion,North America,Mobile,1838,48,1,98.52,167.19
2025-05-23,Instagram,Instagram - Lead Generation - LA,Lead Generation,LATAM,Mobile,607,7,0,12.24,0.0
2025-05-06,Google Ads,Google Ads - Brand Awareness - Eu,Brand Awareness,Europe,Mobile,2996,76,1,189.71,159.06
2025-01-18,Instagram,Instagram - Lead Generation - No,Lead Generation,North America,Mobile,899,8,0,9.72,0.0
2025-09-09,LinkedIn,LinkedIn - Retargeting - LA,Retargeting,LATAM,Mobile,1308,6,0,24.89,0.0
2025-05-16,Google Ads,Google Ads - Retargeting - Eu,Retargeting,Europe,Tablet,2100,29,1,39.14,144.92
2025-01-20,LinkedIn,LinkedIn - Conversion - No,Conversion,North America,Desktop,817,5,0,19.75,0.0
2025-03-08,LinkedIn,LinkedIn - Retargeting - Eu,Retargeting,Europe,Mobile,443,2,0,8.69,0.0
2025-02-24,YouTube,YouTube - Lead Generation - LA,Lead Generation,LATAM,Mobile,1129,3,0,2.86,0.0
2025-11-23,Google Ads,Google Ads - Conversion - Eu,Conversion,Europe,Desktop,2228,65,1,97.81,101.09
2025-12-21,Facebook,Facebook - Brand Awareness - As,Brand Awareness,Asia Pacific,Desktop,1335,19,0,26.34,0.0
2025-08-31,Facebook,Facebook - Brand Awareness - As,Brand Awareness,Asia Pacific,Mobile,2576,38,0,96.44,0.0
2025-04-24,LinkedIn,LinkedIn - Conversion - Eu,Conversion,Europe,Mobile,854,6,0,24.34,0.0
2025-05-27,Instagram,Instagram - Conversion - No,Conversion,North America,Desktop,606,8,0,6.17,0.0
2025-04-15,Google Ads,Google Ads - Conversion - LA,Conversion,LATAM,Desktop,1530,40,0,80.85,0.0
2025-11-14,Email,Email - Brand Awareness - LA,Brand Awareness,LATAM,Desktop,1397,46,1,20.82,181.99
2025-07-09,Google Ads,Google Ads - Conversion - Eu,Conversion,Europe,Desktop,2600,73,1,144.86,152.33
2025-09-26,Google Ads,Google Ads - Brand Awareness - LA,Brand Awareness,LATAM,Desktop,2448,72,1,197.94,170.87
2025-12-25,Google Ads,Google Ads - Lead Generation - As,Lead Generation,Asia Pacific,Desktop,2075,39,0,130.36,0.0
2025-07-18,Facebook,Facebook - Brand Awareness - Eu,Brand Awareness,Europe,Desktop,3049,49,0,51.43,0.0
2025-08-04,LinkedIn,LinkedIn - Retargeting - As,Retargeting,Asia Pacific,Mobile,1321,10,0,43.35,0.0
2025-06-14,Google Ads,Google Ads - Lead Generation - No,Lead Generation,North America,Desktop,1954,46,1,62.1,83.9
2025-07-28,Facebook,Facebook - Retargeting - As,Retargeting,Asia Pacific,Tablet,2172,39,1,44.83,140.1
2025-09-01,Instagram,Instagram - Brand Awareness - LA,Brand Awareness,LATAM,Desktop,1373,17,0,21.9,0.0
2025-03-05,Instagram,Instagram - Retargeting - LA,Retargeting,LATAM,Mobile,1041,14,0,15.21,0.0
2025-06-03,Facebook,Facebook - Retargeting - No,Retargeting,North America,Desktop,2003,33,1,62.84,118.36
2025-03-02,Facebook,Facebook - Conversion - LA,Conversion,LATAM,Mobile,2113,38,0,60.51,0.0
2025-06-29,Instagram,Instagram - Lead Generation - As,Lead Generation,Asia Pacific,Mobile,995,7,0,11.23,0.0
2025-10-10,LinkedIn,LinkedIn - Conversion - Eu,Conversion,Europe,Mobile,888,5,0,25.93,0.0
2025-08-15,Instagram,Instagram - Brand Awareness - As,Brand Awareness,Asia Pacific,Mobile,288,3,0,1.66,0.0
2025-05-25,Google Ads,Google Ads - Brand Awareness - As,Brand Awareness,Asia Pacific,Tablet,1867,47,0,62.67,0.0
2025-04-27,Google Ads,Google Ads - Brand Awareness - No,Brand Awareness,North America,Mobile,1949,47,1,50.88,116.56
2025-11-09,Instagram,Instagram - Lead Generation - Eu,Lead Generation,Europe,Tablet,760,11,0,6.25,0.0
2025-05-02,YouTube,YouTube - Brand Awareness - As,Brand Awareness,Asia Pacific,Mobile,804,3,0,2.24,0.0
2025-09-23,Facebook,Facebook - Retargeting - No,Retargeting,North America,Desktop,1457,17,0,12.91,0.0
2025-07-24,Google Ads,Google Ads - Conversion - As,Conversion,Asia Pacific,Mobile,3014,111,2,148.84,528.55
2025-02-10,LinkedIn,LinkedIn - Brand Awareness - Eu,Brand Awareness,Europe,Mobile,1342,10,0,38.43,0.0
2025-09-07,Google Ads,Google Ads - Brand Awareness - LA,Brand Awareness,LATAM,Desktop,2825,74,1,155.88,149.79
2025-10-11,LinkedIn,LinkedIn - Brand Awareness - As,Brand Awareness,Asia Pacific,Desktop,806,4,0,18.69,0.0
2025-06-25,Instagram,Instagram - Conversion - LA,Conversion,LATAM,Desktop,943,8,0,5.71,0.0
2025-04-29,LinkedIn,LinkedIn - Lead Generation - Eu,Lead Generation,Europe,Mobile,771,7,0,33.44,0.0
2025-03-07,Facebook,Facebook - Brand Awareness - LA,Brand Awareness,LATAM,Mobile,1588,30,0,51.3,0.0
2025-07-31,Facebook,Facebook - Brand Awareness - No,Brand Awareness,North America,Tablet,1488,26,0,33.98,0.0
2025-05-04,LinkedIn,LinkedIn - Retargeting - Eu,Retargeting,Europe,Desktop,876,6,0,23.6,0.0
2025-01-15,Facebook,Facebook - Conversion - As,Conversion,Asia Pacific,Desktop,1664,31,0,27.15,0.0
2025-01-30,Google Ads,Google Ads - Lead Generation - Eu,Lead Generation,Europe,Tablet,751,20,0,36.38,0.0
2025-08-17,Google Ads,Google Ads - Conversion - As,Conversion,Asia Pacific,Mobile,3063,63,0,91.59,0.0
2025-09-27,Facebook,Facebook - Lead Generation - No,Lead Generation,North America,Mobile,2663,34,1,65.71,88.13
2025-01-09,Google Ads,Google Ads - Retargeting - No,Retargeting,North America,Mobile,2740,57,3,93.57,257.54
2025-10-19,Google Ads,Google Ads - Conversion - As,Conversion,Asia Pacific,Desktop,2578,51,0,93.43,0.0
2025-05-01,Google Ads,Google Ads - Conversion - As,Conversion,Asia Pacific,Mobile,2339,61,1,144.98,160.84
2025-10-26,Email,Email - Brand Awareness - No,Brand Awareness,North America,Mobile,1481,32,0,25.51,0.0
2025-06-15,Facebook,Facebook - Retargeting - Eu,Retargeting,Europe,Tablet,1459,17,0,26.24,0.0
2025-08-08,Instagram,Instagram - Lead Generation - Eu,Lead Generation,Europe,Mobile,938,10,0,13.9,0.0
2025-05-29,LinkedIn,LinkedIn - Conversion - Eu,Conversion,Europe,Desktop,1365,13,0,58.22,0.0
2025-02-27,Facebook,Facebook - Lead Generation - As,Lead Generation,Asia Pacific,Mobile,1328,21,0,42.86,0.0
2025-10-15,Google Ads,Google Ads - Retargeting - As,Retargeting,Asia Pacific,Tablet,1902,28,1,40.25,176.26
2025-10-30,Google Ads,Google Ads - Brand Awareness - LA,Brand Awareness,LATAM,Mobile,2117,52,1,106.43,156.04
2025-08-24,LinkedIn,LinkedIn - Conversion - As,Conversion,Asia Pacific,Desktop,885,6,0,25.0,0.0
2025-12-16,Facebook,Facebook - Conversion - LA,Conversion,LATAM,Mobile,1060,17,0,29.12,0.0
2025-02-27,Email,Email - Lead Generation - No,Lead Generation,North America,Mobile,771,32,0,17.23,0.0
2025-02-07,Instagram,Instagram - Retargeting - LA,Retargeting,LATAM,Mobile,763,9,0,13.78,0.0
2025-12-01,LinkedIn,LinkedIn - Conversion - Eu,Conversion,Europe,Mobile,387,3,0,14.45,0.0
2025-02-18,YouTube,YouTube - Retargeting - No,Retargeting,North America,Mobile,1460,8,0,6.15,0.0
2025-09-03,Instagram,Instagram - Lead Generation - Eu,Lead Generation,Europe,Desktop,1125,12,0,23.68,0.0
2025-07-13,Google Ads,Google Ads - Retargeting - Eu,Retargeting,Europe,Desktop,1762,49,2,106.27,288.82
2025-03-02,YouTube,YouTube - Retargeting - As,Retargeting,Asia Pacific,Mobile,956,4,0,3.96,0.0
2025-09-09,Facebook,Facebook - Conversion - No,Conversion,North America,Mobile,2993,30,0,37.83,0.0
2025-03-20,Instagram,Instagram - Lead Generation - Eu,Lead Generation,Europe,Mobile,666,9,0,8.64,0.0
2025-11-30,Instagram,Instagram - Conversion - No,Conversion,North America,Mobile,793,8,0,9.53,0.0
2025-06-02,Google Ads,Google Ads - Lead Generation - LA,Lead Generation,LATAM,Desktop,1450,42,0,92.42,0.0
2025-12-27,Google Ads,Google Ads - Brand Awareness - As,Brand Awareness,Asia Pacific,Mobile,1433,40,0,94.41,0.0
2025-01-16,Google Ads,Google Ads - Conversion - Eu,Conversion,Europe,Desktop,1835,58,1,149.96,119.74
2025-08-14,Instagram,Instagram - Lead Generation - LA,Lead Generation,LATAM,Mobile,1088,12,0,11.79,0.0
2025-04-04,Google Ads,Google Ads - Brand Awareness - Eu,Brand Awareness,Europe,Mobile,2296,48,1,62.27,151.53
2025-05-02,Instagram,Instagram - Brand Awareness - LA,Brand Awareness,LATAM,Desktop,881,9,0,4.97,0.0
2025-03-19,Google Ads,Google Ads - Brand Awareness - No,Brand Awareness,North America,Desktop,2640,90,2,242.73,299.04
2025-04-29,YouTube,YouTube - Retargeting - LA,Retargeting,LATAM,Desktop,1108,4,0,0.39,0.0
2025-03-28,Instagram,Instagram - Lead Generation - LA,Lead Generation,LATAM,Desktop,1122,13,0,7.82,0.0
2025-04-04,Email,Email - Retargeting - Eu,Retargeting,Europe,Mobile,1030,24,0,-3.38,0.0
2025-12-29,Google Ads,Google Ads - Conversion - Eu,Conversion,Europe,Desktop,1725,40,0,69.69,0.0
2025-08-28,Facebook,Facebook - Brand Awareness - As,Brand Awareness,Asia Pacific,Desktop,1742,29,0,39.13,0.0
2025-10-22,YouTube,YouTube - Conversion - No,Conversion,North America,Desktop,359,2,0,1.44,0.0
2025-12-11,Instagram,Instagram - Conversion - No,Conversion,North America,Desktop,1250,14,0,20.35,0.0
2025-03-14,Google Ads,Google Ads - Lead Generation - No,Lead Generation,North America,Mobile,1275,37,0,53.36,0.0
2025-05-07,Google Ads,Google Ads - Conversion - As,Conversion,Asia Pacific,Desktop,1327,39,0,58.11,0.0
2025-05-14,Google Ads,Google Ads - Retargeting - LA,Retargeting,LATAM,Tablet,2247,68,2,148.5,313.58
2025-07-25,Facebook,Facebook - Retargeting - LA,Retargeting,LATAM,Desktop,1774,31,1,30.63,125.59
2025-10-08,YouTube,YouTube - Conversion - LA,Conversion,LATAM,Mobile,1422,7,0,6.1,0.0
2025-05-20,Email,Email - Conversion - As,Conversion,Asia Pacific,Desktop,1151,50,1,-10.82,126.19
2025-12-27,Instagram,Instagram - Conversion - As,Conversion,Asia Pacific,Mobile,1132,16,0,19.5,0.0
2025-05-21,Google Ads,Google Ads - Conversion - LA,Conversion,LATAM,Desktop,2493,63,1,148.36,148.95
2025-10-12,Google Ads,Google Ads - Retargeting - Eu,Retargeting,Europe,Mobile,2887,54,2,126.39,404.7
2025-08-09,YouTube,YouTube - Conversion - As,Conversion,Asia Pacific,Mobile,1373,7,0,10.69,0.0
2025-12-27,LinkedIn,LinkedIn - Retargeting - LA,Retargeting,LATAM,Mobile,634,5,0,25.86,0.0
2025-12-29,Facebook,Facebook - Lead Generation - Eu,Lead Generation,Europe,Mobile,1517,14,0,17.89,0.0
2025-10-18,Google Ads,Google Ads - Brand Awareness - LA,Brand Awareness,LATAM,Mobile,1547,29,0,39.13,0.0
2025-05-11,Instagram,Instagram - Brand Awareness - No,Brand Awareness,North America,Mobile,1691,27,0,38.22,0.0
2025-02-14,LinkedIn,LinkedIn - Retargeting - LA,Retargeting,LATAM,Mobile,1570,10,0,41.07,0.0
2025-01-29,Google Ads,Google Ads - Lead Generation - LA,Lead Generation,LATAM,Mobile,3193,104,2,209.73,299.52
2025-08-11,Instagram,Instagram - Conversion - Eu,Conversion,Europe,Desktop,906,14,0,25.46,0.0
2025-08-19,Instagram,Instagram - Retargeting - As,Retargeting,Asia Pacific,Mobile,561,6,0,9.36,0.0
2025-05-14,Google Ads,Google Ads - Lead Generation - Eu,Lead Generation,Europe,Mobile,1368,25,0,43.94,0.0
2025-07-10,Facebook,Facebook - Brand Awareness - As,Brand Awareness,Asia Pacific,Mobile,1623,31,0,62.07,0.0
2025-03-20,Google Ads,Google Ads - Lead Generation - Eu,Lead Generation,Europe,Desktop,3027,68,1,113.59,141.74
2025-03-11,Google Ads,Google Ads - Brand Awareness - No,Brand Awareness,North America,Desktop,1976,52,1,108.08,160.71
2025-03-15,Instagram,Instagram - Conversion - Eu,Conversion,Europe,Mobile,798,6,0,5.15,0.0
2025-03-16,LinkedIn,LinkedIn - Conversion - LA,Conversion,LATAM,Tablet,762,7,0,30.3,0.0
2025-09-17,YouTube,YouTube - Retargeting - No,Retargeting,North America,Desktop,1468,7,0,6.4,0.0
2025-05-14,Facebook,Facebook - Retargeting - LA,Retargeting,LATAM,Desktop,1721,20,1,24.67,156.5
2025-02-14,Google Ads,Google Ads - Retargeting - As,Retargeting,Asia Pacific,Desktop,1178,20,0,41.03,0.0
2025-09-19,Facebook,Facebook - Brand Awareness - LA,Brand Awareness,LATAM,Tablet,2359,38,0,65.15,0.0
2025-05-20,LinkedIn,LinkedIn - Lead Generation - No,Lead Generation,North America,Desktop,1296,9,0,47.48,0.0
2025-04-23,Google Ads,Google Ads - Conversion - Eu,Conversion,Europe,Desktop,2106,56,1,127.18,98.66
2025-01-07,LinkedIn,LinkedIn - Lead Generation - As,Lead Generation,Asia Pacific,Desktop,1061,7,0,33.06,0.0
2025-07-09,Facebook,Facebook - Lead Generation - As,Lead Generation,Asia Pacific,Desktop,2581,30,0,35.21,0.0
2025-09-22,Facebook,Facebook - Brand Awareness - Eu,Brand Awareness,Europe,Desktop,2033,26,0,53.95,0.0
2025-01-12,Instagram,Instagram - Retargeting - No,Retargeting,North America,Mobile,954,15,1,14.65,134.66
2025-08-13,YouTube,YouTube - Retargeting - LA,Retargeting,LATAM,Mobile,1129,4,0,2.08,0.0
2025-12-10,Facebook,Facebook - Retargeting - No,Retargeting,North America,Desktop,1945,25,1,37.6,115.46
2025-05-11,Google Ads,Google Ads - Lead Generation - No,Lead Generation,North America,Mobile,1950,50,0,109.16,0.0
2025-04-24,LinkedIn,LinkedIn - Retargeting - Eu,Retargeting,Europe,Mobile,1537,13,0,70.47,0.0
2025-08-23,Google Ads,Google Ads - Retargeting - No,Retargeting,North America,Mobile,1862,36,1,59.92,164.09
2025-10-09,Facebook,Facebook - Retargeting - As,Retargeting,Asia Pacific,Mobile,1676,27,1,32.64,122.55
2025-08-14,Facebook,Facebook - Conversion - No,Conversion,North America,Mobile,1323,22,0,21.46,0.0
2025-10-09,Email,Email - Conversion - Eu,Conversion,Europe,Desktop,1159,46,0,19.57,0.0
2025-02-18,YouTube,YouTube - Brand Awareness - No,Brand Awareness,North America,Tablet,1097,6,0,2.74,0.0
2025-08-10,Google Ads,Google Ads - Retargeting - As,Retargeting,Asia Pacific,Mobile,2731,49,1,90.33,244.77
2025-01-26,Instagram,Instagram - Lead Generation - No,Lead Generation,North America,Desktop,921,13,0,10.62,0.0
2025-01-31,LinkedIn,LinkedIn - Retargeting - Eu,Retargeting,Europe,Mobile,1000,8,0,37.54,0.0
2025-07-05,Google Ads,Google Ads - Conversion - As,Conversion,Asia Pacific,Tablet,2734,66,1,180.18,176.47
2025-01-21,Facebook,Facebook - Lead Generation - Eu,Lead Generation,Europe,Desktop,2283,37,0,41.26,0.0
2025-09-25,Facebook,Facebook - Brand Awareness - Eu,Brand Awareness,Europe,Desktop,1984,26,0,48.43,0.0
2025-01-09,Instagram,Instagram - Brand Awareness - LA,Brand Awareness,LATAM,Desktop,745,8,0,12.01,0.0
2025-06-07,Instagram,Instagram - Lead Generation - As,Lead Generation,Asia Pacific,Desktop,403,5,0,0.22,0.0
2025-09-11,Facebook,Facebook - Lead Generation - LA,Lead Generation,LATAM,Desktop,1938,31,0,54.04,0.0
2025-05-17,Facebook,Facebook - Retargeting - LA,Retargeting,LATAM,Desktop,2224,34,1,38.73,172.03
2025-04-10,Facebook,Facebook - Lead Generation - Eu,Lead Generation,Europe,Mobile,3051,44,0,63.55,0.0
2025-12-07,YouTube,YouTube - Retargeting - No,Retargeting,North America,Desktop,934,5,0,4.46,0.0
2025-12-07,LinkedIn,LinkedIn - Conversion - LA,Conversion,LATAM,Mobile,1234,9,0,40.46,0.0
2025-11-06,LinkedIn,LinkedIn - Brand Awareness - No,Brand Awareness,North America,Desktop,760,5,0,23.06,0.0
2025-05-06,Instagram,Instagram - Brand Awareness - As,Brand Awareness,Asia Pacific,Mobile,1332,16,0,17.55,0.0
2025-03-26,Instagram,Instagram - Lead Generation - Eu,Lead Generation,Europe,Mobile,681,6,0,12.8,0.0
2025-05-29,Google Ads,Google Ads - Brand Awareness - As,Brand Awareness,Asia Pacific,Desktop,1724,43,1,73.13,156.67
2025-04-13,Instagram,Instagram - Lead Generation - LA,Lead Generation,LATAM,Desktop,1058,11,0,4.95,0.0
2025-06-07,Facebook,Facebook - Brand Awareness - As,Brand Awareness,Asia Pacific,Mobile,832,7,0,21.7,0.0
2025-10-24,Instagram,Instagram - Retargeting - As,Retargeting,Asia Pacific,Mobile,1207,11,0,13.15,0.0
2025-10-09,Instagram,Instagram - Lead Generation - Eu,Lead Generation,Europe,Mobile,1048,13,0,13.57,0.0
2025-04-11,Google Ads,Google Ads - Brand Awareness - LA,Brand Awareness,LATAM,Mobile,2153,38,0,95.36,0.0
2025-08-11,Instagram,Instagram - Conversion - Eu,Conversion,Europe,Mobile,1257,15,0,28.63,0.0
2025-03-19,LinkedIn,LinkedIn - Retargeting - LA,Retargeting,LATAM,Mobile,600,5,0,22.55,0.0
2025-03-23,Facebook,Facebook - Retargeting - Eu,Retargeting,Europe,Desktop,2732,64,2,113.29,230.14
2025-01-15,LinkedIn,LinkedIn - Retargeting - No,Retargeting,North America,Mobile,957,8,0,33.58,0.0
2025-10-03,Google Ads,Google Ads - Brand Awareness - LA,Brand Awareness,LATAM,Mobile,2261,62,1,124.55,121.84
2025-04-16,Google Ads,Google Ads - Retargeting - No,Retargeting,North America,Desktop,560,16,0,33.23,0.0
2025-09-16,LinkedIn,LinkedIn - Conversion - LA,Conversion,LATAM,Desktop,1050,7,0,34.48,0.0
2025-05-23,Google Ads,Google Ads - Lead Generation - As,Lead Generation,Asia Pacific,Mobile,1501,43,0,88.9,0.0
2025-08-23,Instagram,Instagram - Lead Generation - Eu,Lead Generation,Europe,Desktop,891,11,0,17.09,0.0
2025-01-05,Facebook,Facebook - Brand Awareness - Eu,Brand Awareness,Europe,Mobile,2149,38,0,32.58,0.0
2025-06-27,YouTube,YouTube - Conversion - No,Conversion,North America,Mobile,1227,4,0,1.89,0.0
2025-05-14,Instagram,Instagram - Conversion - As,Conversion,Asia Pacific,Desktop,883,10,0,17.48,0.0
2025-02-08,Google Ads,Google Ads - Lead Generation - As,Lead Generation,Asia Pacific,Tablet,2440,70,1,168.86,136.56
2025-11-11,Instagram,Instagram - Conversion - As,Conversion,Asia Pacific,Mobile,267,2,0,3.23,0.0
2025-03-29,Email,Email - Brand Awareness - No,Brand Awareness,North America,Mobile,1101,31,0,2.62,0.0
2025-12-26,Google Ads,Google Ads - Conversion - Eu,Conversion,Europe,Desktop,1138,27,0,58.66,0.0
2025-10-04,Facebook,Facebook - Retargeting - LA,Retargeting,LATAM,Mobile,2345,28,1,38.57,155.82
2025-07-31,Facebook,Facebook - Retargeting - LA,Retargeting,LATAM,Desktop,1460,26,1,43.11,169.74
2025-02-20,YouTube,YouTube - Retargeting - LA,Retargeting,LATAM,Desktop,1038,5,0,2.53,0.0
2025-08-10,Facebook,Facebook - Retargeting - No,Retargeting,North America,Desktop,1789,24,1,40.26,173.19
2025-09-06,Google Ads,Google Ads - Lead Generation - Eu,Lead Generation,Europe,Mobile,1759,65,1,151.9,154.85
2025-05-31,Facebook,Facebook - Brand Awareness - Eu,Brand Awareness,Europe,Mobile,1638,16,0,19.13,0.0
2025-04-18,YouTube,YouTube - Lead Generation - As,Lead Generation,Asia Pacific,Desktop,1040,5,0,0.87,0.0
2025-03-11,LinkedIn,LinkedIn - Retargeting - LA,Retargeting,LATAM,Desktop,1201,7,0,30.77,0.0
2025-05-02,Google Ads,Google Ads - Brand Awareness - As,Brand Awareness,Asia Pacific,Mobile,1816,52,1,140.14,132.47
2025-05-20,Email,Email - Conversion - LA,Conversion,LATAM,Mobile,742,22,0,9.05,0.0
2025-09-26,Google Ads,Google Ads - Brand Awareness - Eu,Brand Awareness,Europe,Mobile,2110,53,1,129.1,127.14
2025-12-06,Google Ads,Google Ads - Lead Generation - No,Lead Generation,North America,Mobile,1730,38,0,98.69,0.0
2025-08-13,Instagram,Instagram - Brand Awareness - As,Brand Awareness,Asia Pacific,Desktop,1027,13,0,18.0,0.0
2025-09-01,Facebook,Facebook - Lead Generation - LA,Lead Generation,LATAM,Tablet,2108,32,0,41.46,0.0
2025-04-09,LinkedIn,LinkedIn - Lead Generation - As,Lead Generation,Asia Pacific,Desktop,1053,10,0,48.29,0.0
2025-04-19,Email,Email - Retargeting - Eu,Retargeting,Europe,Tablet,833,29,1,-7.61,185.7
2025-02-02,Email,Email - Conversion - Eu,Conversion,Europe,Tablet,1385,29,0,-6.79,0.0
2025-01-24,YouTube,YouTube - Retargeting - No,Retargeting,North America,Mobile,1641,10,0,4.39,0.0
2025-09-18,Google Ads,Google Ads - Conversion - No,Conversion,North America,Mobile,1832,38,0,101.39,0.0
2025-12-13,YouTube,YouTube - Lead Generation - As,Lead Generation,Asia Pacific,Desktop,1163,6,0,3.43,0.0
2025-08-26,Instagram,Instagram - Conversion - Eu,Conversion,Europe,Mobile,1168,11,0,11.38,0.0
2025-02-11,Google Ads,Google Ads - Retargeting - No,Retargeting,North America,Desktop,2121,49,2,64.6,254.07
2025-10-26,Instagram,Instagram - Brand Awareness - As,Brand Awareness,Asia Pacific,Desktop,778,12,0,10.83,0.0
2025-09-29,LinkedIn,LinkedIn - Conversion - No,Conversion,North America,Mobile,881,6,0,27.03,0.0
2025-04-28,Google Ads,Google Ads - Lead Generation - LA,Lead Generation,LATAM,Mobile,1593,29,0,41.98,0.0
2025-03-01,Google Ads,Google Ads - Retargeting - LA,Retargeting,LATAM,Desktop,2239,66,3,24.46,527.68
2025-09-18,Facebook,Facebook - Brand Awareness - No,Brand Awareness,North America,Mobile,1987,25,0,28.69,0.0
2025-12-23,Facebook,Facebook - Conversion - LA,Conversion,LATAM,Desktop,2291,27,0,57.35,0.0
2025-11-04,Facebook,Facebook - Conversion - No,Conversion,North America,Mobile,2358,42,0,41.93,0.0
2025-08-09,Facebook,Facebook - Retargeting - As,Retargeting,Asia Pacific,Tablet,2152,20,1,27.87,231.28
2025-06-17,Instagram,Instagram - Lead Generation - Eu,Lead Generation,Europe,Desktop,1112,11,0,17.62,0.0
2025-11-23,LinkedIn,LinkedIn - Lead Generation - LA,Lead Generation,LATAM,Desktop,919,6,0,25.21,0.0
2025-06-03,Facebook,Facebook - Retargeting - As,Retargeting,Asia Pacific,Mobile,1126,20,0,16.31,0.0
2025-01-26,Instagram,Instagram - Conversion - No,Conversion,North America,Mobile,908,10,0,5.16,0.0
2025-12-22,Facebook,Facebook - Brand Awareness - No,Brand Awareness,North America,Mobile,1786,23,0,43.27,0.0
2025-06-27,LinkedIn,LinkedIn - Retargeting - No,Retargeting,North America,Mobile,466,3,0,13.44,0.0
2025-10-18,Email,Email - Conversion - As,Conversion,Asia Pacific,Desktop,353,8,0,6.66,0.0
2025-04-17,Instagram,Instagram - Lead Generation - LA,Lead Generation,LATAM,Mobile,1387,10,0,13.31,0.0
2025-12-02,Email,Email - Lead Generation - Eu,Lead Generation,Europe,Desktop,1629,42,0,11.91,0.0
2025-08-21,Google Ads,Google Ads - Brand Awareness - As,Brand Awareness,Asia Pacific,Desktop,1226,28,0,62.29,0.0
2025-02-13,Instagram,Instagram - Conversion - As,Conversion,Asia Pacific,Mobile,329,5,0,6.42,0.0
2025-09-26,LinkedIn,LinkedIn - Lead Generation - As,Lead Generation,Asia Pacific,Tablet,649,5,0,24.37,0.0
2025-12-21,Facebook,Facebook - Conversion - LA,Conversion,LATAM,Mobile,1943,42,1,60.63,143.81
2025-09-19,Facebook,Facebook - Retargeting - LA,Retargeting,LATAM,Mobile,1576,26,1,57.57,164.07
2025-04-21,LinkedIn,LinkedIn - Conversion - As,Conversion,Asia Pacific,Mobile,1180,11,0,39.57,0.0
2025-06-02,YouTube,YouTube - Retargeting - As,Retargeting,Asia Pacific,Mobile,964,3,0,3.05,0.0
2025-02-06,Google Ads,Google Ads - Retargeting - LA,Retargeting,LATAM,Mobile,2149,45,3,77.68,542.32
2025-02-03,Google Ads,Google Ads - Brand Awareness - As,Brand Awareness,Asia Pacific,Mobile,2917,52,1,78.89,169.57
2025-03-03,Google Ads,Google Ads - Brand Awareness - As,Brand Awareness,Asia Pacific,Mobile,2875,87,1,191.7,196.58
2025-02-20,Google Ads,Google Ads - Brand Awareness - As,Brand Awareness,Asia Pacific,Mobile,1516,31,0,65.9,0.0
2025-12-11,Instagram,Instagram - Conversion - LA,Conversion,LATAM,Desktop,777,9,0,2.13,0.0
2025-10-17,Instagram,Instagram - Retargeting - LA,Retargeting,LATAM,Mobile,1260,14,0,15.56,0.0
2025-02-15,Email,Email - Lead Generation - As,Lead Generation,Asia Pacific,Tablet,1290,45,0,13.37,0.0
2025-09-09,Google Ads,Google Ads - Brand Awareness - Eu,Brand Awareness,Europe,Desktop,2365,47,0,89.29,0.0
2025-10-11,Facebook,Facebook - Conversion - No,Conversion,North America,Desktop,1773,20,0,24.73,0.0
2025-05-25,LinkedIn,LinkedIn - Conversion - As,Conversion,Asia Pacific,Desktop,1351,9,0,40.34,0.0
2025-12-10,LinkedIn,LinkedIn - Retargeting - Eu,Retargeting,Europe,Tablet,864,7,0,32.24,0.0
2025-09-03,YouTube,YouTube - Brand Awareness - No,Brand Awareness,North America,Mobile,1459,7,0,1.92,0.0
2025-06-11,Facebook,Facebook - Lead Generation - As,Lead Generation,Asia Pacific,Desktop,2449,50,0,83.13,0.0
2025-01-24,Facebook,Facebook - Retargeting - No,Retargeting,North America,Tablet,1779,27,1,57.51,137.68
2026-01-03,YouTube,YouTube - Retargeting - LA,Retargeting,LATAM,Mobile,1092,4,0,6.21,0.0
2025-12-04,Instagram,Instagram - Retargeting - As,Retargeting,Asia Pacific,Mobile,1121,12,0,7.54,0.0
2025-05-19,YouTube,YouTube - Conversion - As,Conversion,Asia Pacific,Mobile,1118,4,0,3.19,0.0
2025-11-19,Google Ads,Google Ads - Conversion - As,Conversion,Asia Pacific,Desktop,1642,27,0,63.43,0.0
2025-05-30,Facebook,Facebook - Lead Generation - As,Lead Generation,Asia Pacific,Mobile,1731,26,0,33.1,0.0
2025-07-07,YouTube,YouTube - Conversion - As,Conversion,Asia Pacific,Desktop,697,4,0,2.21,0.0
2025-10-29,Facebook,Facebook - Brand Awareness - No,Brand Awareness,North America,Desktop,1828,22,0,28.74,0.0
2025-07-12,LinkedIn,LinkedIn - Retargeting - As,Retargeting,Asia Pacific,Mobile,997,9,0,43.61,0.0
2025-11-15,Facebook,Facebook - Lead Generation - As,Lead Generation,Asia Pacific,Mobile,1608,23,0,56.84,0.0
2025-03-16,Instagram,Instagram - Retargeting - LA,Retargeting,LATAM,Mobile,1259,11,0,11.6,0.0
2025-02-03,LinkedIn,LinkedIn - Retargeting - As,Retargeting,Asia Pacific,Mobile,1022,8,0,42.03,0.0
2025-08-23,Instagram,Instagram - Lead Generation - As,Lead Generation,Asia Pacific,Tablet,970,13,0,23.71,0.0
2025-04-17,YouTube,YouTube - Conversion - Eu,Conversion,Europe,Desktop,875,4,0,0.06,0.0
2025-09-04,Email,Email - Conversion - LA,Conversion,LATAM,Desktop,781,14,0,-8.35,0.0
2025-04-18,Instagram,Instagram - Conversion - LA,Conversion,LATAM,Desktop,747,7,0,6.54,0.0
2025-12-12,Facebook,Facebook - Brand Awareness - As,Brand Awareness,Asia Pacific,Tablet,1353,14,0,30.1,0.0
2025-06-02,Google Ads,Google Ads - Lead Generation - LA,Lead Generation,LATAM,Desktop,1382,33,0,52.14,0.0
2025-08-15,Google Ads,Google Ads - Brand Awareness - LA,Brand Awareness,LATAM,Tablet,2005,45,1,104.72,144.57
2025-08-18,Google Ads,Google Ads - Brand Awareness - LA,Brand Awareness,LATAM,Mobile,2336,45,0,92.6,0.0
2025-09-17,Facebook,Facebook - Brand Awareness - No,Brand Awareness,North America,Desktop,2262,26,0,42.63,0.0
2025-06-12,Instagram,Instagram - Lead Generation - LA,Lead Generation,LATAM,Desktop,609,4,0,2.92,0.0
2025-09-01,LinkedIn,LinkedIn - Lead Generation - No,Lead Generation,North America,Mobile,1228,11,0,50.21,0.0
2025-08-13,Facebook,Facebook - Retargeting - As,Retargeting,Asia Pacific,Mobile,2066,26,1,42.48,118.96
2025-02-13,Facebook,Facebook - Retargeting - No,Retargeting,North America,Mobile,2368,32,1,44.28,151.97
2025-09-25,LinkedIn,LinkedIn - Conversion - As,Conversion,Asia Pacific,Tablet,855,5,0,21.31,0.0
2025-11-27,Google Ads,Google Ads - Retargeting - Eu,Retargeting,Europe,Desktop,2004,51,2,70.88,248.33
2025-09-06,Instagram,Instagram - Retargeting - Eu,Retargeting,Europe,Mobile,828,7,0,8.5,0.0
2025-01-29,YouTube,YouTube - Conversion - LA,Conversion,LATAM,Tablet,951,4,0,0.73,0.0
2025-05-21,YouTube,YouTube - Brand Awareness - LA,Brand Awareness,LATAM,Desktop,1360,6,0,6.99,0.0
2025-12-04,Google Ads,Google Ads - Retargeting - As,Retargeting,Asia Pacific,Mobile,2637,55,2,43.45,382.19
2025-07-11,Facebook,Facebook - Retargeting - Eu,Retargeting,Europe,Tablet,2726,39,1,58.3,153.18
2025-09-23,LinkedIn,LinkedIn - Lead Generation - As,Lead Generation,Asia Pacific,Desktop,975,9,0,51.53,0.0
2025-07-30,Email,Email - Retargeting - As,Retargeting,Asia Pacific,Desktop,884,29,2,2.61,261.23
2025-04-28,Instagram,Instagram - Brand Awareness - LA,Brand Awareness,LATAM,Mobile,829,9,0,10.39,0.0
2025-04-23,LinkedIn,LinkedIn - Retargeting - LA,Retargeting,LATAM,Desktop,746,5,0,16.96,0.0
2025-05-05,Instagram,Instagram - Retargeting - No,Retargeting,North America,Mobile,1195,15,0,9.86,0.0
2025-01-07,Google Ads,Google Ads - Brand Awareness - LA,Brand Awareness,LATAM,Mobile,2311,56,1,89.14,153.66
2025-04-03,Instagram,Instagram - Retargeting - As,Retargeting,Asia Pacific,Mobile,1035,12,0,18.67,0.0
2025-08-21,Facebook,Facebook - Brand Awareness - Eu,Brand Awareness,Europe,Desktop,1069,18,0,17.54,0.0
2025-12-16,Google Ads,Google Ads - Lead Generation - No,Lead Generation,North America,Mobile,2564,73,1,179.14,133.19
2025-03-12,Google Ads,Google Ads - Lead Generation - Eu,Lead Generation,Europe,Desktop,1453,34,0,60.15,0.0
2025-10-22,LinkedIn,LinkedIn - Conversion - LA,Conversion,LATAM,Mobile,730,4,0,21.89,0.0
2025-05-14,Facebook,Facebook - Conversion - As,Conversion,Asia Pacific,Desktop,1981,25,0,37.92,0.0
2025-03-26,Facebook,Facebook - Conversion - No,Conversion,North America,Tablet,718,9,0,12.64,0.0
2025-01-09,Google Ads,Google Ads - Brand Awareness - As,Brand Awareness,Asia Pacific,Mobile,2584,87,1,266.08,155.81
2025-01-17,LinkedIn,LinkedIn - Retargeting - No,Retargeting,North America,Mobile,1395,13,0,59.52,0.0
2025-07-05,Google Ads,Google Ads - Brand Awareness - No,Brand Awareness,North America,Mobile,2238,53,1,92.17,189.21
2025-03-06,Facebook,Facebook - Brand Awareness - No,Brand Awareness,North America,Mobile,1294,17,0,21.51,0.0
2025-12-13,Instagram,Instagram - Lead Generation - Eu,Lead Generation,Europe,Tablet,417,6,0,8.9,0.0
2025-10-13,LinkedIn,LinkedIn - Lead Generation - No,Lead Generation,North America,Desktop,1059,7,0,30.88,0.0
2025-04-27,Google Ads,Google Ads - Lead Generation - No,Lead Generation,North America,Desktop,1346,34,0,67.12,0.0
2025-08-15,LinkedIn,LinkedIn - Brand Awareness - As,Brand Awareness,Asia Pacific,Mobile,435,4,0,19.56,0.0
2025-09-27,Instagram,Instagram - Conversion - Eu,Conversion,Europe,Mobile,1235,10,0,7.32,0.0
2025-02-18,Google Ads,Google Ads - Conversion - As,Conversion,Asia Pacific,Tablet,2014,35,0,60.53,0.0
2025-03-20,Google Ads,Google Ads - Lead Generation - Eu,Lead Generation,Europe,Mobile,1697,39,0,62.13,0.0
2025-08-04,Google Ads,Google Ads - Lead Generation - Eu,Lead Generation,Europe,Tablet,2111,59,1,120.33,137.89
2025-08-30,LinkedIn,LinkedIn - Brand Awareness - LA,Brand Awareness,LATAM,Mobile,875,7,0,31.21,0.0
2025-08-12,LinkedIn,LinkedIn - Retargeting - No,Retargeting,North America,Mobile,1340,10,0,45.05,0.0
2025-04-05,LinkedIn,LinkedIn - Lead Generation - No,Lead Generation,North America,Desktop,1274,10,0,33.39,0.0
2025-10-16,LinkedIn,LinkedIn - Brand Awareness - No,Brand Awareness,North America,Desktop,1254,8,0,38.47,0.0
2025-04-06,Instagram,Instagram - Lead Generation - No,Lead Generation,North America,Desktop,1297,11,0,11.63,0.0
2025-09-18,Instagram,Instagram - Lead Generation - Eu,Lead Generation,Europe,Desktop,1119,12,0,15.28,0.0
2025-07-21,Google Ads,Google Ads - Retargeting - No,Retargeting,North America,Desktop,1993,59,2,171.94,246.94
2025-05-13,Email,Email - Retargeting - LA,Retargeting,LATAM,Mobile,848,17,0,0.92,0.0
2025-05-23,Instagram,Instagram - Retargeting - As,Retargeting,Asia Pacific,Mobile,1185,16,0,15.74,0.0
2025-07-20,Facebook,Facebook - Retargeting - LA,Retargeting,LATAM,Desktop,2562,25,1,35.22,150.79
2025-09-23,Google Ads,Google Ads - Retargeting - LA,Retargeting,LATAM,Mobile,3013,85,3,216.02,436.29
2025-10-09,Google Ads,Google Ads - Retargeting - As,Retargeting,Asia Pacific,Desktop,2812,71,4,142.54,379.68
2025-07-24,Instagram,Instagram - Brand Awareness - As,Brand Awareness,Asia Pacific,Mobile,878,7,0,4.69,0.0
2025-01-08,Instagram,Instagram - Conversion - LA,Conversion,LATAM,Mobile,1436,21,0,17.68,0.0
2025-08-19,Google Ads,Google Ads - Conversion - Eu,Conversion,Europe,Mobile,3282,86,2,181.86,183.19
2025-08-24,LinkedIn,LinkedIn - Lead Generation - Eu,Lead Generation,Europe,Mobile,923,6,0,27.72,0.0
2025-07-13,YouTube,YouTube - Lead Generation - No,Lead Generation,North America,Mobile,766,4,0,1.27,0.0
2025-01-12,Google Ads,Google Ads - Retargeting - No,Retargeting,North America,Mobile,1509,45,2,57.58,320.13
2025-08-10,Instagram,Instagram - Retargeting - Eu,Retargeting,Europe,Tablet,1266,23,1,27.84,111.45
2025-03-26,Instagram,Instagram - Retargeting - No,Retargeting,North America,Desktop,833,8,0,12.75,0.0
2025-12-11,Google Ads,Google Ads - Retargeting - As,Retargeting,Asia Pacific,Desktop,1686,26,1,44.93,121.66
2025-10-11,Google Ads,Google Ads - Lead Generation - No,Lead Generation,North America,Desktop,2029,65,1,92.7,111.5
2025-11-18,Instagram,Instagram - Brand Awareness - As,Brand Awareness,Asia Pacific,Mobile,746,11,0,18.2,0.0
2025-03-27,Google Ads,Google Ads - Brand Awareness - No,Brand Awareness,North America,Mobile,2302,50,1,112.48,166.39
2025-10-28,Facebook,Facebook - Conversion - As,Conversion,Asia Pacific,Mobile,2937,46,0,24.63,0.0
2025-10-21,Email,Email - Lead Generation - No,Lead Generation,North America,Mobile,828,23,0,2.66,0.0
2026-01-04,Google Ads,Google Ads - Conversion - No,Conversion,North America,Mobile,1881,36,0,45.62,0.0
2025-11-29,Facebook,Facebook - Brand Awareness - As,Brand Awareness,Asia Pacific,Mobile,1922,24,0,49.54,0.0
2025-01-16,LinkedIn,LinkedIn - Conversion - No,Conversion,North America,Mobile,1320,11,0,43.55,0.0
2025-08-02,Google Ads,Google Ads - Lead Generation - Eu,Lead Generation,Europe,Mobile,1443,39,0,96.31,0.0
2025-07-18,Google Ads,Google Ads - Conversion - As,Conversion,Asia Pacific,Mobile,1878,40,0,70.41,0.0
2025-03-05,Google Ads,Google Ads - Conversion - No,Conversion,North America,Desktop,2009,51,0,76.3,0.0
2025-12-27,Google Ads,Google Ads - Brand Awareness - As,Brand Awareness,Asia Pacific,Tablet,2423,60,0,102.25,0.0
2025-05-16,Facebook,Facebook - Retargeting - No,Retargeting,North America,Mobile,1477,22,1,51.22,155.08
2025-09-06,LinkedIn,LinkedIn - Retargeting - LA,Retargeting,LATAM,Desktop,1564,11,0,46.33,0.0
2025-10-20,LinkedIn,LinkedIn - Retargeting - Eu,Retargeting,Europe,Mobile,593,5,0,22.83,0.0
2025-04-14,LinkedIn,LinkedIn - Lead Generation - Eu,Lead Generation,Europe,Desktop,660,4,0,18.7,0.0
2025-08-09,Email,Email - Retargeting - LA,Retargeting,LATAM,Desktop,910,25,1,-12.19,117.99
2025-11-24,YouTube,YouTube - Retargeting - Eu,Retargeting,Europe,Tablet,680,3,0,1.53,0.0
2025-05-12,LinkedIn,LinkedIn - Conversion - No,Conversion,North America,Desktop,1589,11,0,46.01,0.0
2025-01-26,Facebook,Facebook - Conversion - LA,Conversion,LATAM,Desktop,2120,37,0,80.95,0.0
2025-12-20,Facebook,Facebook - Conversion - Eu,Conversion,Europe,Mobile,1982,36,0,77.73,0.0
2025-12-29,Instagram,Instagram - Conversion - As,Conversion,Asia Pacific,Desktop,1088,9,0,5.64,0.0
2025-12-30,Google Ads,Google Ads - Brand Awareness - As,Brand Awareness,Asia Pacific,Mobile,3086,71,1,96.85,167.02
2025-10-19,Google Ads,Google Ads - Lead Generation - As,Lead Generation,Asia Pacific,Desktop,1857,39,0,92.31,0.0
2025-04-04,LinkedIn,LinkedIn - Lead Generation - LA,Lead Generation,LATAM,Desktop,1310,11,0,49.44,0.0
2025-12-11,Google Ads,Google Ads - Conversion - As,Conversion,Asia Pacific,Mobile,1701,55,1,128.88,127.74
2025-03-25,Instagram,Instagram - Brand Awareness - As,Brand Awareness,Asia Pacific,Mobile,1033,16,0,11.63,0.0
2025-09-30,Facebook,Facebook - Lead Generation - Eu,Lead Generation,Europe,Tablet,1502,26,0,42.62,0.0
2025-12-24,Facebook,Facebook - Brand Awareness - No,Brand Awareness,North America,Desktop,868,9,0,10.95,0.0
2025-04-06,Instagram,Instagram - Lead Generation - LA,Lead Generation,LATAM,Tablet,1076,12,0,7.2,0.0
2025-08-10,YouTube,YouTube - Conversion - Eu,Conversion,Europe,Mobile,1040,6,0,2.98,0.0
2025-10-11,Email,Email - Conversion - Eu,Conversion,Europe,Mobile,820,23,0,-13.54,0.0
2025-09-01,LinkedIn,LinkedIn - Conversion - As,Conversion,Asia Pacific,Mobile,676,7,0,33.39,0.0
2025-03-12,LinkedIn,LinkedIn - Conversion - As,Conversion,Asia Pacific,Tablet,1036,8,0,27.42,0.0
2025-02-05,Instagram,Instagram - Retargeting - LA,Retargeting,LATAM,Desktop,1193,13,0,15.53,0.0
2025-11-27,YouTube,YouTube - Brand Awareness - No,Brand Awareness,North America,Mobile,961,4,0,-1.01,0.0
2025-01-12,Facebook,Facebook - Lead Generation - LA,Lead Generation,LATAM,Desktop,2902,28,0,40.62,0.0
2025-08-13,Email,Email - Retargeting - No,Retargeting,North America,Desktop,789,17,0,1.83,0.0
2025-12-05,Instagram,Instagram - Brand Awareness - Eu,Brand Awareness,Europe,Desktop,908,14,0,21.25,0.0
2025-06-10,Instagram,Instagram - Brand Awareness - LA,Brand Awareness,LATAM,Desktop,1086,15,0,4.5,0.0
2025-09-05,Facebook,Facebook - Lead Generation - LA,Lead Generation,LATAM,Desktop,1781,37,1,66.69,162.91
2025-09-12,Google Ads,Google Ads - Retargeting - No,Retargeting,North America,Desktop,1560,41,1,93.56,156.67
2025-07-02,Google Ads,Google Ads - Lead Generation - LA,Lead Generation,LATAM,Desktop,1256,29,0,51.27,0.0
2025-07-07,Instagram,Instagram - Lead Generation - Eu,Lead Generation,Europe,Desktop,827,5,0,9.65,0.0
2025-05-08,YouTube,YouTube - Retargeting - No,Retargeting,North America,Desktop,1063,3,0,0.92,0.0
2025-05-19,Facebook,Facebook - Brand Awareness - Eu,Brand Awareness,Europe,Tablet,2119,34,0,28.17,0.0
2025-09-20,Email,Email - Conversion - No,Conversion,North America,Desktop,1590,43,1,-48.6,138.49
2025-01-29,Email,Email - Lead Generation - Eu,Lead Generation,Europe,Mobile,981,29,0,4.69,0.0
2025-10-18,LinkedIn,LinkedIn - Lead Generation - LA,Lead Generation,LATAM,Mobile,1053,10,0,45.06,0.0
2025-12-09,Google Ads,Google Ads - Retargeting - As,Retargeting,Asia Pacific,Mobile,1636,45,2,69.19,397.48
2025-12-05,Email,Email - Brand Awareness - No,Brand Awareness,North America,Desktop,789,19,0,-10.26,0.0
2025-07-06,Facebook,Facebook - Conversion - As,Conversion,Asia Pacific,Desktop,1956,28,0,64.68,0.0
2025-02-05,Facebook,Facebook - Lead Generation - As,Lead Generation,Asia Pacific,Mobile,2478,25,0,13.44,0.0
2025-07-23,LinkedIn,LinkedIn - Conversion - No,Conversion,North America,Mobile,809,5,0,22.38,0.0
2025-08-18,LinkedIn,LinkedIn - Lead Generation - LA,Lead Generation,LATAM,Mobile,965,7,0,31.43,0.0
2025-06-04,Google Ads,Google Ads - Brand Awareness - Eu,Brand Awareness,Europe,Mobile,1655,34,0,49.25,0.0
2025-10-15,Facebook,Facebook - Retargeting - LA,Retargeting,LATAM,Mobile,1782,29,1,37.85,164.24
2025-11-09,Google Ads,Google Ads - Conversion - Eu,Conversion,Europe,Mobile,1338,45,0,113.52,0.0
2025-08-31,Facebook,Facebook - Retargeting - As,Retargeting,Asia Pacific,Mobile,2903,43,2,71.05,283.48
2025-12-31,LinkedIn,LinkedIn - Lead Generation - Eu,Lead Generation,Europe,Mobile,1660,12,0,59.22,0.0
2025-03-24,Instagram,Instagram - Lead Generation - Eu,Lead Generation,Europe,Mobile,1089,14,0,21.48,0.0
2025-10-24,Instagram,Instagram - Conversion - LA,Conversion,LATAM,Mobile,1232,16,0,10.63,0.0
2025-02-16,Instagram,Instagram - Conversion - LA,Conversion,LATAM,Mobile,1315,15,0,21.9,0.0
2025-04-30,LinkedIn,LinkedIn - Conversion - LA,Conversion,LATAM,Desktop,1050,7,0,37.09,0.0
2025-02-28,Instagram,Instagram - Lead Generation - LA,Lead Generation,LATAM,Mobile,874,10,0,18.75,0.0
2025-10-15,Email,Email - Conversion - No,Conversion,North America,Mobile,789,24,0,-3.97,0.0
2025-06-28,YouTube,YouTube - Conversion - Eu,Conversion,Europe,Mobile,654,2,0,0.85,0.0
2025-03-05,Instagram,Instagram - Retargeting - LA,Retargeting,LATAM,Tablet,1233,8,0,3.82,0.0
2025-01-19,Facebook,Facebook - Retargeting - Eu,Retargeting,Europe,Desktop,2043,30,1,39.77,157.68
2025-10-27,YouTube,YouTube - Conversion - LA,Conversion,LATAM,Desktop,1201,3,0,-1.39,0.0
2025-11-23,LinkedIn,LinkedIn - Conversion - LA,Conversion,LATAM,Mobile,1480,7,0,31.11,0.0
2025-10-02,LinkedIn,LinkedIn - Brand Awareness - As,Brand Awareness,Asia Pacific,Desktop,1544,13,0,59.18,0.0
2025-09-04,Google Ads,Google Ads - Retargeting - No,Retargeting,North America,Mobile,2916,44,2,62.98,196.29
2025-08-01,YouTube,YouTube - Conversion - As,Conversion,Asia Pacific,Desktop,675,3,0,4.11,0.0
2025-08-25,Facebook,Facebook - Lead Generation - No,Lead Generation,North America,Mobile,454,4,0,4.2,0.0
2025-09-01,Facebook,Facebook - Retargeting - LA,Retargeting,LATAM,Desktop,2993,49,2,104.42,261.5
2025-11-06,Facebook,Facebook - Conversion - Eu,Conversion,Europe,Desktop,3056,55,0,90.97,0.0
2025-03-15,Instagram,Instagram - Lead Generation - As,Lead Generation,Asia Pacific,Desktop,1409,18,0,20.53,0.0
2025-01-15,Instagram,Instagram - Retargeting - LA,Retargeting,LATAM,Desktop,859,13,0,23.08,0.0
2025-08-23,Instagram,Instagram - Conversion - No,Conversion,North America,Desktop,855,10,0,11.68,0.0
2025-04-09,Instagram,Instagram - Retargeting - LA,Retargeting,LATAM,Mobile,539,6,0,5.71,0.0
2025-10-09,Google Ads,Google Ads - Lead Generation - Eu,Lead Generation,Europe,Desktop,3318,113,2,346.31,287.98
2025-07-11,LinkedIn,LinkedIn - Brand Awareness - LA,Brand Awareness,LATAM,Mobile,1031,8,0,29.19,0.0
2025-07-23,Instagram,Instagram - Retargeting - No,Retargeting,North America,Mobile,1365,13,0,21.27,0.0
2025-08-27,Facebook,Facebook - Conversion - No,Conversion,North America,Mobile,1736,28,0,36.09,0.0
2025-05-23,Google Ads,Google Ads - Lead Generation - LA,Lead Generation,LATAM,Mobile,1785,39,0,78.31,0.0
2025-09-01,Email,Email - Conversion - LA,Conversion,LATAM,Tablet,1089,30,0,7.89,0.0
2025-08-04,Google Ads,Google Ads - Lead Generation - Eu,Lead Generation,Europe,Desktop,4012,78,1,187.82,143.99
2025-12-04,YouTube,YouTube - Brand Awareness - LA,Brand Awareness,LATAM,Desktop,861,3,0,2.06,0.0
2025-06-15,Facebook,Facebook - Conversion - As,Conversion,Asia Pacific,Tablet,2651,48,1,63.82,167.04
2025-12-08,Instagram,Instagram - Retargeting - Eu,Retargeting,Europe,Mobile,741,8,0,13.67,0.0
2025-04-18,Google Ads,Google Ads - Lead Generation - No,Lead Generation,North America,Mobile,1594,25,0,48.85,0.0
2025-08-30,Facebook,Facebook - Conversion - LA,Conversion,LATAM,Mobile,2427,43,0,79.04,0.0
2025-04-08,Instagram,Instagram - Lead Generation - As,Lead Generation,Asia Pacific,Desktop,621,8,0,17.86,0.0
2025-09-28,Google Ads,Google Ads - Lead Generation - LA,Lead Generation,LATAM,Desktop,1982,48,1,82.35,106.79
2025-09-30,Facebook,Facebook - Conversion - As,Conversion,Asia Pacific,Mobile,2409,29,0,46.62,0.0
2025-01-19,Facebook,Facebook - Brand Awareness - LA,Brand Awareness,LATAM,Mobile,2121,20,0,22.04,0.0
2025-07-08,Google Ads,Google Ads - Conversion - LA,Conversion,LATAM,Desktop,2122,57,1,129.0,150.53
2025-08-05,YouTube,YouTube - Lead Generation - Eu,Lead Generation,Europe,Mobile,858,4,0,0.95,0.0
2025-09-27,Google Ads,Google Ads - Retargeting - No,Retargeting,North America,Mobile,1869,35,1,61.37,155.88
2025-10-15,Facebook,Facebook - Conversion - No,Conversion,North America,Tablet,1829,26,0,38.98,0.0
2025-02-01,YouTube,YouTube - Conversion - No,Conversion,North America,Desktop,973,5,0,1.71,0.0
2025-05-28,Instagram,Instagram - Brand Awareness - Eu,Brand Awareness,Europe,Mobile,1171,11,0,22.79,0.0
2025-08-17,Instagram,Instagram - Conversion - LA,Conversion,LATAM,Mobile,1231,13,0,8.42,0.0
2025-12-28,Instagram,Instagram - Lead Generation - Eu,Lead Generation,Europe,Mobile,932,12,0,15.48,0.0
2025-09-01,Instagram,Instagram - Lead Generation - LA,Lead Generation,LATAM,Mobile,1074,16,0,17.31,0.0
2025-01-13,LinkedIn,LinkedIn - Conversion - No,Conversion,North America,Tablet,954,10,0,46.45,0.0
2025-04-15,Facebook,Facebook - Retargeting - No,Retargeting,North America,Desktop,2184,22,1,25.97,120.53
2025-12-02,Facebook,Facebook - Conversion - LA,Conversion,LATAM,Desktop,2643,32,0,49.54,0.0
2025-02-18,Facebook,Facebook - Conversion - No,Conversion,North America,Desktop,2471,30,0,30.47,0.0
2025-02-16,Google Ads,Google Ads - Lead Generation - As,Lead Generation,Asia Pacific,Mobile,463,11,0,22.46,0.0
2025-07-17,Instagram,Instagram - Brand Awareness - LA,Brand Awareness,LATAM,Desktop,1958,31,0,57.8,0.0
2025-08-02,Instagram,Instagram - Retargeting - Eu,Retargeting,Europe,Desktop,1265,13,0,9.33,0.0
2025-11-06,Email,Email - Conversion - LA,Conversion,LATAM,Mobile,916,28,0,10.11,0.0
2025-05-22,Google Ads,Google Ads - Brand Awareness - As,Brand Awareness,Asia Pacific,Desktop,2123,56,1,146.54,134.97
2025-05-04,Facebook,Facebook - Lead Generation - Eu,Lead Generation,Europe,Desktop,968,15,0,16.57,0.0
2025-04-20,Google Ads,Google Ads - Conversion - As,Conversion,Asia Pacific,Desktop,2166,44,1,70.16,141.75
2025-11-21,YouTube,YouTube - Brand Awareness - Eu,Brand Awareness,Europe,Mobile,1067,4,0,3.26,0.0
2025-11-09,Facebook,Facebook - Brand Awareness - No,Brand Awareness,North America,Desktop,1042,14,0,12.87,0.0
2025-01-22,Google Ads,Google Ads - Brand Awareness - LA,Brand Awareness,LATAM,Desktop,2475,47,0,119.81,0.0
2025-01-30,Facebook,Facebook - Retargeting - No,Retargeting,North America,Desktop,2023,40,2,62.08,305.84
2025-03-15,Instagram,Instagram - Retargeting - As,Retargeting,Asia Pacific,Mobile,1113,10,0,12.85,0.0
2025-12-27,Facebook,Facebook - Retargeting - No,Retargeting,North America,Mobile,2599,36,2,53.7,310.88
2025-12-13,Facebook,Facebook - Retargeting - Eu,Retargeting,Europe,Mobile,3278,36,2,78.04,347.04
2025-12-04,YouTube,YouTube - Conversion - As,Conversion,Asia Pacific,Mobile,818,4,0,1.19,0.0
2025-04-12,Instagram,Instagram - Conversion - LA,Conversion,LATAM,Mobile,851,9,0,7.84,0.0
2025-12-24,Instagram,Instagram - Retargeting - Eu,Retargeting,Europe,Mobile,1269,13,0,16.41,0.0
2025-04-18,Google Ads,Google Ads - Conversion - LA,Conversion,LATAM,Mobile,2063,62,1,188.23,132.07
2025-11-25,Google Ads,Google Ads - Conversion - LA,Conversion,LATAM,Mobile,2257,64,1,160.35,118.93
2025-06-08,LinkedIn,LinkedIn - Brand Awareness - LA,Brand Awareness,LATAM,Mobile,1127,11,0,42.77,0.0
2025-05-14,Instagram,Instagram - Lead Generation - Eu,Lead Generation,Europe,Mobile,556,7,0,13.98,0.0
2025-09-09,Facebook,Facebook - Brand Awareness - Eu,Brand Awareness,Europe,Desktop,1113,16,0,12.87,0.0
2025-03-09,Instagram,Instagram - Conversion - No,Conversion,North America,Desktop,595,6,0,7.17,0.0
2025-01-10,Instagram,Instagram - Conversion - LA,Conversion,LATAM,Mobile,649,8,0,4.26,0.0
2025-08-07,Google Ads,Google Ads - Retargeting - No,Retargeting,North America,Desktop,2404,71,3,172.7,562.08
2025-06-07,Google Ads,Google Ads - Retargeting - LA,Retargeting,LATAM,Desktop,2062,40,1,48.27,173.99
2025-12-11,LinkedIn,LinkedIn - Conversion - No,Conversion,North America,Tablet,1106,7,0,24.47,0.0
2025-11-25,Instagram,Instagram - Conversion - Eu,Conversion,Europe,Desktop,667,7,0,7.6,0.0
2025-10-11,Google Ads,Google Ads - Conversion - LA,Conversion,LATAM,Tablet,2752,72,1,149.58,171.43
2025-01-05,Facebook,Facebook - Lead Generation - Eu,Lead Generation,Europe,Desktop,1927,25,0,32.23,0.0
2025-05-28,LinkedIn,LinkedIn - Brand Awareness - No,Brand Awareness,North America,Mobile,633,4,0,18.24,0.0
2025-11-19,Facebook,Facebook - Lead Generation - As,Lead Generation,Asia Pacific,Desktop,1221,13,0,29.2,0.0
2025-09-08,LinkedIn,LinkedIn - Conversion - LA,Conversion,LATAM,Desktop,407,2,0,8.58,0.0
2025-02-08,Google Ads,Google Ads - Lead Generation - LA,Lead Generation,LATAM,Desktop,1565,41,0,122.92,0.0
2025-11-10,Email,Email - Lead Generation - No,Lead Generation,North America,Mobile,1346,40,0,3.62,0.0
2025-07-13,YouTube,YouTube - Conversion - Eu,Conversion,Europe,Mobile,995,6,0,0.72,0.0
2025-01-18,Google Ads,Google Ads - Lead Generation - LA,Lead Generation,LATAM,Mobile,1862,52,1,114.34,144.71
2025-08-21,Google Ads,Google Ads - Lead Generation - LA,Lead Generation,LATAM,Mobile,2449,62,1,195.5,186.6
2025-05-02,Google Ads,Google Ads - Lead Generation - Eu,Lead Generation,Europe,Mobile,1661,46,0,121.64,0.0
2025-09-28,YouTube,YouTube - Lead Generation - LA,Lead Generation,LATAM,Mobile,1107,5,0,4.83,0.0
2025-05-31,Facebook,Facebook - Conversion - As,Conversion,Asia Pacific,Mobile,3322,64,1,68.5,138.32
2025-07-23,LinkedIn,LinkedIn - Conversion - Eu,Conversion,Europe,Desktop,956,9,0,38.01,0.0
2025-08-01,Google Ads,Google Ads - Brand Awareness - As,Brand Awareness,Asia Pacific,Mobile,970,27,0,38.82,0.0
2025-04-25,Facebook,Facebook - Lead Generation - LA,Lead Generation,LATAM,Tablet,686,10,0,13.0,0.0
2025-12-29,Instagram,Instagram - Retargeting - No,Retargeting,North America,Mobile,1333,15,0,21.9,0.0
2025-05-07,Facebook,Facebook - Lead Generation - Eu,Lead Generation,Europe,Mobile,2633,45,0,52.55,0.0
2025-02-08,Instagram,Instagram - Retargeting - As,Retargeting,Asia Pacific,Mobile,1230,13,0,4.26,0.0
2025-05-19,Facebook,Facebook - Conversion - LA,Conversion,LATAM,Desktop,2408,26,0,35.79,0.0
2025-06-08,YouTube,YouTube - Lead Generation - LA,Lead Generation,LATAM,Mobile,1067,4,0,2.14,0.0
2025-11-02,Google Ads,Google Ads - Retargeting - Eu,Retargeting,Europe,Desktop,2185,59,2,146.55,327.61
2025-05-22,Instagram,Instagram - Retargeting - As,Retargeting,Asia Pacific,Mobile,951,10,0,13.13,0.0
2025-11-15,Instagram,Instagram - Lead Generation - No,Lead Generation,North America,Mobile,1753,25,0,45.74,0.0
2025-12-23,Facebook,Facebook - Conversion - As,Conversion,Asia Pacific,Mobile,1164,10,0,21.25,0.0
2025-07-21,Email,Email - Retargeting - As,Retargeting,Asia Pacific,Desktop,1028,33,1,-7.59,125.35
2025-09-03,Google Ads,Google Ads - Conversion - Eu,Conversion,Europe,Mobile,1158,31,0,49.1,0.0
2025-01-26,Instagram,Instagram - Conversion - Eu,Conversion,Europe,Mobile,1275,15,0,23.06,0.0
2025-07-09,Instagram,Instagram - Brand Awareness - LA,Brand Awareness,LATAM,Mobile,1429,15,0,12.62,0.0
2025-07-03,Facebook,Facebook - Brand Awareness - No,Brand Awareness,North America,Mobile,1691,28,0,31.16,0.0
2025-07-13,Facebook,Facebook - Conversion - Eu,Conversion,Europe,Desktop,2620,43,0,73.96,0.0
2025-12-21,Google Ads,Google Ads - Brand Awareness - LA,Brand Awareness,LATAM,Desktop,2589,74,1,122.41,137.94
2025-05-02,YouTube,YouTube - Conversion - As,Conversion,Asia Pacific,Mobile,942,5,0,2.8,0.0
2025-11-21,Google Ads,Google Ads - Brand Awareness - LA,Brand Awareness,LATAM,Desktop,2001,68,1,123.49,167.08
2025-07-26,Instagram,Instagram - Lead Generation - As,Lead Generation,Asia Pacific,Mobile,1139,13,0,12.17,0.0
2025-12-08,Facebook,Facebook - Conversion - LA,Conversion,LATAM,Desktop,2096,27,0,58.72,0.0
2025-09-28,Facebook,Facebook - Retargeting - No,Retargeting,North America,Desktop,1855,28,1,36.46,159.43
2025-10-19,LinkedIn,LinkedIn - Lead Generation - As,Lead Generation,Asia Pacific,Desktop,1355,11,0,43.0,0.0
2025-03-28,LinkedIn,LinkedIn - Lead Generation - Eu,Lead Generation,Europe,Mobile,807,6,0,23.53,0.0
2025-09-29,Instagram,Instagram - Brand Awareness - No,Brand Awareness,North America,Mobile,1403,16,0,26.12,0.0
2025-12-31,Instagram,Instagram - Conversion - LA,Conversion,LATAM,Mobile,1085,15,0,12.6,0.0
2025-08-30,Google Ads,Google Ads - Conversion - Eu,Conversion,Europe,Mobile,1987,49,1,135.16,143.01
2025-01-16,LinkedIn,LinkedIn - Retargeting - LA,Retargeting,LATAM,Mobile,1539,13,0,64.65,0.0
2025-05-28,LinkedIn,LinkedIn - Lead Generation - As,Lead Generation,Asia Pacific,Mobile,1364,13,0,60.42,0.0
2025-11-28,Facebook,Facebook - Retargeting - As,Retargeting,Asia Pacific,Desktop,2395,34,1,45.31,192.46
2026-01-02,YouTube,YouTube - Lead Generation - As,Lead Generation,Asia Pacific,Mobile,852,3,0,2.54,0.0
2025-06-15,Instagram,Instagram - Brand Awareness - Eu,Brand Awareness,Europe,Tablet,865,6,0,7.03,0.0
2025-06-28,LinkedIn,LinkedIn - Lead Generation - Eu,Lead Generation,Europe,Desktop,1064,11,0,55.01,0.0
2025-11-26,Instagram,Instagram - Lead Generation - LA,Lead Generation,LATAM,Mobile,956,9,0,4.18,0.0
2025-02-12,Google Ads,Google Ads - Brand Awareness - No,Brand Awareness,North America,Mobile,1632,51,1,111.05,191.71
2025-06-02,Google Ads,Google Ads - Retargeting - Eu,Retargeting,Europe,Mobile,906,29,1,41.48,118.47
2025-05-22,Instagram,Instagram - Retargeting - Eu,Retargeting,Europe,Mobile,935,10,0,19.44,0.0
2025-05-11,Google Ads,Google Ads - Brand Awareness - LA,Brand Awareness,LATAM,Mobile,1720,53,0,97.18,0.0
2025-05-06,Instagram,Instagram - Brand Awareness - No,Brand Awareness,North America,Desktop,663,6,0,11.15,0.0
2025-01-10,LinkedIn,LinkedIn - Retargeting - LA,Retargeting,LATAM,Mobile,788,4,0,19.37,0.0
2025-02-10,Google Ads,Google Ads - Lead Generation - Eu,Lead Generation,Europe,Desktop,1201,26,0,18.97,0.0
2025-06-08,Facebook,Facebook - Brand Awareness - As,Brand Awareness,Asia Pacific,Mobile,2382,43,0,46.36,0.0
2025-10-13,Facebook,Facebook - Brand Awareness - Eu,Brand Awareness,Europe,Tablet,1421,13,0,18.24,0.0
2025-04-23,LinkedIn,LinkedIn - Brand Awareness - As,Brand Awareness,Asia Pacific,Desktop,798,6,0,27.08,0.0
2025-07-25,Google Ads,Google Ads - Brand Awareness - As,Brand Awareness,Asia Pacific,Mobile,2947,90,1,160.03,97.79
2025-09-17,Facebook,Facebook - Brand Awareness - As,Brand Awareness,Asia Pacific,Desktop,1477,23,0,39.72,0.0
2025-03-28,Google Ads,Google Ads - Conversion - LA,Conversion,LATAM,Desktop,2058,54,0,128.49,0.0
2025-01-28,LinkedIn,LinkedIn - Retargeting - As,Retargeting,Asia Pacific,Mobile,1340,8,0,36.92,0.0
2025-11-20,Facebook,Facebook - Lead Generation - As,Lead Generation,Asia Pacific,Mobile,1790,30,0,34.54,0.0
2025-09-09,Google Ads,Google Ads - Retargeting - Eu,Retargeting,Europe,Mobile,2378,40,1,93.45,130.37
2025-11-23,LinkedIn,LinkedIn - Brand Awareness - Eu,Brand Awareness,Europe,Mobile,1094,11,0,58.6,0.0
2025-06-15,Instagram,Instagram - Retargeting - Eu,Retargeting,Europe,Mobile,880,12,0,11.89,0.0
2025-12-12,Google Ads,Google Ads - Brand Awareness - Eu,Brand Awareness,Europe,Mobile,2410,41,0,88.3,0.0
2025-05-16,YouTube,YouTube - Retargeting - LA,Retargeting,LATAM,Mobile,1322,8,0,12.09,0.0
2025-02-18,Facebook,Facebook - Retargeting - LA,Retargeting,LATAM,Mobile,1044,14,0,25.63,0.0
2025-06-22,Google Ads,Google Ads - Brand Awareness - As,Brand Awareness,Asia Pacific,Desktop,2896,107,1,290.5,147.92
2025-04-07,Facebook,Facebook - Lead Generation - Eu,Lead Generation,Europe,Tablet,2617,27,0,40.34,0.0
2025-09-18,Facebook,Facebook - Brand Awareness - LA,Brand Awareness,LATAM,Tablet,2006,32,0,38.03,0.0
2025-03-11,LinkedIn,LinkedIn - Brand Awareness - No,Brand Awareness,North America,Mobile,598,6,0,24.17,0.0
2025-01-06,Google Ads,Google Ads - Brand Awareness - As,Brand Awareness,Asia Pacific,Mobile,1085,25,0,31.79,0.0
2025-02-03,YouTube,YouTube - Brand Awareness - LA,Brand Awareness,LATAM,Mobile,933,4,0,1.63,0.0
2025-11-08,Facebook,Facebook - Conversion - LA,Conversion,LATAM,Desktop,2068,23,0,35.38,0.0
2025-05-12,YouTube,YouTube - Retargeting - No,Retargeting,North America,Mobile,1300,6,0,7.23,0.0
2025-07-24,Facebook,Facebook - Brand Awareness - LA,Brand Awareness,LATAM,Desktop,2535,37,0,26.7,0.0
2025-08-02,Google Ads,Google Ads - Conversion - LA,Conversion,LATAM,Desktop,1098,30,0,83.03,0.0
2025-03-21,Facebook,Facebook - Lead Generation - As,Lead Generation,Asia Pacific,Mobile,2629,30,0,59.52,0.0
2025-08-09,YouTube,YouTube - Conversion - Eu,Conversion,Europe,Desktop,540,2,0,1.03,0.0
2025-10-30,Facebook,Facebook - Retargeting - As,Retargeting,Asia Pacific,Mobile,713,11,0,16.41,0.0
2025-01-24,YouTube,YouTube - Conversion - Eu,Conversion,Europe,Desktop,1034,6,0,6.35,0.0
2025-11-15,LinkedIn,LinkedIn - Conversion - Eu,Conversion,Europe,Desktop,1639,15,0,59.81,0.0
2025-07-06,Google Ads,Google Ads - Conversion - Eu,Conversion,Europe,Tablet,2529,41,1,78.28,176.2
2025-10-20,Instagram,Instagram - Retargeting - Eu,Retargeting,Europe,Desktop,1147,16,0,19.35,0.0
2025-10-21,Instagram,Instagram - Lead Generation - As,Lead Generation,Asia Pacific,Mobile,775,6,0,4.17,0.0
2025-09-07,Instagram,Instagram - Conversion - LA,Conversion,LATAM,Desktop,714,10,0,15.62,0.0
2025-05-05,Google Ads,Google Ads - Lead Generation - Eu,Lead Generation,Europe,Desktop,2097,67,1,164.33,149.32
2025-04-09,Instagram,Instagram - Retargeting - As,Retargeting,Asia Pacific,Tablet,1268,16,0,33.47,0.0
2025-05-31,YouTube,YouTube - Conversion - LA,Conversion,LATAM,Mobile,558,2,0,0.56,0.0
2025-08-21,LinkedIn,LinkedIn - Retargeting - As,Retargeting,Asia Pacific,Desktop,1201,8,0,29.75,0.0
2025-09-05,YouTube,YouTube - Lead Generation - As,Lead Generation,Asia Pacific,Tablet,1127,4,0,0.48,0.0
2025-07-07,Email,Email - Lead Generation - No,Lead Generation,North America,Desktop,813,28,0,35.14,0.0
2025-01-17,Google Ads,Google Ads - Conversion - LA,Conversion,LATAM,Tablet,2645,70,1,187.39,145.5
2025-08-13,Facebook,Facebook - Conversion - LA,Conversion,LATAM,Mobile,266,3,0,5.38,0.0
2025-06-27,Facebook,Facebook - Brand Awareness - LA,Brand Awareness,LATAM,Desktop,2114,48,0,66.0,0.0
2025-01-09,Google Ads,Google Ads - Brand Awareness - LA,Brand Awareness,LATAM,Tablet,1662,41,0,98.27,0.0
2025-01-24,Google Ads,Google Ads - Lead Generation - No,Lead Generation,North America,Mobile,1805,25,0,48.43,0.0
2025-09-16,YouTube,YouTube - Lead Generation - Eu,Lead Generation,Europe,Desktop,1065,6,0,2.99,0.0
2025-06-10,YouTube,YouTube - Retargeting - As,Retargeting,Asia Pacific,Mobile,1353,5,0,4.75,0.0
2025-06-22,Facebook,Facebook - Brand Awareness - Eu,Brand Awareness,Europe,Desktop,2781,38,0,102.36,0.0
2025-12-25,LinkedIn,LinkedIn - Lead Generation - As,Lead Generation,Asia Pacific,Desktop,1361,10,0,42.71,0.0
2025-02-24,YouTube,YouTube - Lead Generation - No,Lead Generation,North America,Desktop,67,0,0,0.0,0.0
2025-11-04,Instagram,Instagram - Brand Awareness - No,Brand Awareness,North America,Desktop,1094,12,0,20.85,0.0
2025-07-09,Instagram,Instagram - Retargeting - As,Retargeting,Asia Pacific,Tablet,1051,9,0,10.5,0.0
2025-08-29,Google Ads,Google Ads - Lead Generation - Eu,Lead Generation,Europe,Desktop,2105,38,0,43.97,0.0
2025-10-10,Instagram,Instagram - Lead Generation - Eu,Lead Generation,Europe,Mobile,860,10,0,9.04,0.0
2025-05-25,Facebook,Facebook - Lead Generation - No,Lead Generation,North America,Mobile,1807,20,0,39.34,0.0
2025-11-14,Google Ads,Google Ads - Brand Awareness - As,Brand Awareness,Asia Pacific,Mobile,1933,34,0,60.98,0.0
2025-08-15,LinkedIn,LinkedIn - Retargeting - Eu,Retargeting,Europe,Mobile,930,10,0,47.73,0.0
2025-02-27,Facebook,Facebook - Conversion - No,Conversion,North America,Tablet,784,11,0,20.11,0.0
2025-11-08,Facebook,Facebook - Lead Generation - LA,Lead Generation,LATAM,Desktop,1053,13,0,18.89,0.0
2025-02-05,Instagram,Instagram - Lead Generation - LA,Lead Generation,LATAM,Mobile,722,8,0,15.68,0.0
2025-09-16,YouTube,YouTube - Lead Generation - Eu,Lead Generation,Europe,Desktop,908,4,0,5.61,0.0
2025-08-10,LinkedIn,LinkedIn - Conversion - Eu,Conversion,Europe,Mobile,1325,12,0,54.07,0.0
2025-03-24,LinkedIn,LinkedIn - Lead Generation - As,Lead Generation,Asia Pacific,Mobile,1180,9,0,51.14,0.0
2025-05-14,LinkedIn,LinkedIn - Lead Generation - No,Lead Generation,North America,Tablet,598,2,0,7.27,0.0
2025-11-10,LinkedIn,LinkedIn - Retargeting - LA,Retargeting,LATAM,Desktop,669,7,0,26.33,0.0
2025-05-23,Facebook,Facebook - Conversion - Eu,Conversion,Europe,Desktop,2842,41,0,42.71,0.0
2025-01-21,Google Ads,Google Ads - Brand Awareness - LA,Brand Awareness,LATAM,Mobile,3616,101,1,167.88,174.16
2025-08-28,YouTube,YouTube - Brand Awareness - As,Brand Awareness,Asia Pacific,Desktop,1271,6,0,0.19,0.0
2025-11-21,LinkedIn,LinkedIn - Conversion - As,Conversion,Asia Pacific,Mobile,1429,15,0,64.47,0.0
2025-12-07,YouTube,YouTube - Brand Awareness - LA,Brand Awareness,LATAM,Mobile,1331,6,0,2.54,0.0
2025-05-24,LinkedIn,LinkedIn - Brand Awareness - Eu,Brand Awareness,Europe,Mobile,1031,6,0,26.27,0.0
2025-08-18,Google Ads,Google Ads - Retargeting - Eu,Retargeting,Europe,Desktop,2069,49,2,123.05,268.52
2025-10-15,Instagram,Instagram - Brand Awareness - LA,Brand Awareness,LATAM,Desktop,759,5,0,7.93,0.0
2025-06-26,Google Ads,Google Ads - Brand Awareness - As,Brand Awareness,Asia Pacific,Desktop,1911,58,1,130.16,130.72
2025-01-31,Facebook,Facebook - Brand Awareness - LA,Brand Awareness,LATAM,Mobile,1228,17,0,16.21,0.0
2025-09-28,Instagram,Instagram - Lead Generation - LA,Lead Generation,LATAM,Mobile,625,9,0,8.32,0.0
2025-03-19,Instagram,Instagram - Brand Awareness - As,Brand Awareness,Asia Pacific,Tablet,873,9,0,21.15,0.0
2025-04-21,LinkedIn,LinkedIn - Conversion - Eu,Conversion,Europe,Tablet,1583,12,0,56.07,0.0
2025-04-30,Facebook,Facebook - Lead Generation - Eu,Lead Generation,Europe,Mobile,2394,49,1,80.74,194.99
2025-04-26,Facebook,Facebook - Retargeting - As,Retargeting,Asia Pacific,Desktop,3141,44,1,68.09,129.23
2025-06-30,LinkedIn,LinkedIn - Lead Generation - No,Lead Generation,North America,Mobile,929,6,0,24.53,0.0
2025-12-05,Instagram,Instagram - Brand Awareness - As,Brand Awareness,Asia Pacific,Desktop,715,4,0,4.33,0.0
2025-02-25,YouTube,YouTube - Lead Generation - LA,Lead Generation,LATAM,Desktop,878,4,0,1.94,0.0
2025-05-17,Google Ads,Google Ads - Conversion - Eu,Conversion,Europe,Mobile,1502,45,1,117.46,139.4
2025-08-25,LinkedIn,LinkedIn - Brand Awareness - No,Brand Awareness,North America,Tablet,1163,9,0,44.73,0.0
2025-07-06,Instagram,Instagram - Lead Generation - No,Lead Generation,North America,Mobile,869,11,0,7.56,0.0
2025-10-06,Instagram,Instagram - Brand Awareness - As,Brand Awareness,Asia Pacific,Desktop,1091,10,0,20.93,0.0
2025-01-23,Google Ads,Google Ads - Lead Generation - As,Lead Generation,Asia Pacific,Desktop,2048,51,1,76.07,128.71
2025-10-02,Instagram,Instagram - Conversion - LA,Conversion,LATAM,Mobile,1052,10,0,15.98,0.0
2025-01-08,Instagram,Instagram - Brand Awareness - As,Brand Awareness,Asia Pacific,Mobile,365,6,0,6.88,0.0
2025-06-22,YouTube,YouTube - Retargeting - LA,Retargeting,LATAM,Mobile,224,1,0,0.57,0.0
2025-05-04,Facebook,Facebook - Retargeting - No,Retargeting,North America,Mobile,2080,39,1,38.13,151.07
2025-04-03,Email,Email - Brand Awareness - LA,Brand Awareness,LATAM,Desktop,399,9,0,-2.9,0.0
2025-06-27,Facebook,Facebook - Lead Generation - LA,Lead Generation,LATAM,Desktop,3142,45,0,55.1,0.0
2025-04-30,YouTube,YouTube - Retargeting - No,Retargeting,North America,Mobile,1174,3,0,2.15,0.0
2025-02-13,LinkedIn,LinkedIn - Brand Awareness - LA,Brand Awareness,LATAM,Mobile,594,5,0,26.26,0.0
2025-05-30,Google Ads,Google Ads - Lead Generation - LA,Lead Generation,LATAM,Mobile,1532,33,0,80.86,0.0
2025-12-08,YouTube,YouTube - Lead Generation - LA,Lead Generation,LATAM,Desktop,942,4,0,5.03,0.0
2025-05-29,LinkedIn,LinkedIn - Brand Awareness - Eu,Brand Awareness,Europe,Mobile,932,8,0,36.87,0.0
2025-12-07,Google Ads,Google Ads - Retargeting - Eu,Retargeting,Europe,Mobile,1913,68,3,133.22,583.6
2025-10-03,Google Ads,Google Ads - Lead Generation - LA,Lead Generation,LATAM,Desktop,2497,64,1,206.81,175.18
2025-03-12,Facebook,Facebook - Retargeting - LA,Retargeting,LATAM,Mobile,1810,17,0,27.83,0.0
2025-12-07,Facebook,Facebook - Lead Generation - No,Lead Generation,North America,Mobile,1355,20,0,27.59,0.0
2025-09-16,Instagram,Instagram - Conversion - As,Conversion,Asia Pacific,Desktop,1343,15,0,16.96,0.0
2025-10-07,Instagram,Instagram - Brand Awareness - No,Brand Awareness,North America,Desktop,715,7,0,5.15,0.0
2025-11-22,Instagram,Instagram - Lead Generation - As,Lead Generation,Asia Pacific,Desktop,828,11,0,12.87,0.0
2025-08-27,Facebook,Facebook - Brand Awareness - Eu,Brand Awareness,Europe,Mobile,1393,21,0,35.81,0.0
2025-10-16,Email,Email - Conversion - As,Conversion,Asia Pacific,Desktop,1277,28,0,7.81,0.0
2025-04-11,Facebook,Facebook - Conversion - Eu,Conversion,Europe,Tablet,1781,30,0,22.18,0.0
2025-11-05,Google Ads,Google Ads - Conversion - As,Conversion,Asia Pacific,Desktop,2749,67,1,138.88,134.36
2025-07-18,Google Ads,Google Ads - Brand Awareness - No,Brand Awareness,North America,Desktop,1700,34,0,97.79,0.0
2025-10-01,LinkedIn,LinkedIn - Lead Generation - LA,Lead Generation,LATAM,Desktop,842,5,0,22.05,0.0
2025-07-11,Google Ads,Google Ads - Brand Awareness - LA,Brand Awareness,LATAM,Mobile,1765,42,0,66.94,0.0
2025-12-11,Facebook,Facebook - Brand Awareness - Eu,Brand Awareness,Europe,Desktop,1969,32,0,24.61,0.0
2025-01-25,LinkedIn,LinkedIn - Retargeting - As,Retargeting,Asia Pacific,Mobile,880,7,0,28.48,0.0
2025-09-27,LinkedIn,LinkedIn - Conversion - As,Conversion,Asia Pacific,Mobile,1158,11,0,50.21,0.0
2025-10-31,Facebook,Facebook - Retargeting - Eu,Retargeting,Europe,Mobile,2602,34,1,31.26,159.53
2025-08-29,Google Ads,Google Ads - Brand Awareness - As,Brand Awareness,Asia Pacific,Mobile,2121,53,0,121.12,0.0
2025-08-19,YouTube,YouTube - Conversion - As,Conversion,Asia Pacific,Mobile,1140,7,0,0.17,0.0
2025-04-25,Google Ads,Google Ads - Lead Generation - Eu,Lead Generation,Europe,Mobile,2362,58,1,151.93,79.05
2025-01-15,Google Ads,Google Ads - Lead Generation - As,Lead Generation,Asia Pacific,Mobile,2268,50,1,100.84,142.46
2025-07-20,Facebook,Facebook - Retargeting - LA,Retargeting,LATAM,Mobile,1875,22,0,36.76,0.0
2025-05-17,Instagram,Instagram - Conversion - LA,Conversion,LATAM,Mobile,1529,13,0,14.13,0.0
2025-08-13,Instagram,Instagram - Conversion - As,Conversion,Asia Pacific,Mobile,1469,20,0,33.11,0.0
2025-06-20,Instagram,Instagram - Brand Awareness - As,Brand Awareness,Asia Pacific,Desktop,1032,14,0,11.29,0.0
2025-03-21,Facebook,Facebook - Retargeting - Eu,Retargeting,Europe,Mobile,1318,23,1,44.63,124.19
2025-06-20,Facebook,Facebook - Brand Awareness - As,Brand Awareness,Asia Pacific,Desktop,1957,26,0,41.93,0.0
2025-01-23,Instagram,Instagram - Conversion - LA,Conversion,LATAM,Desktop,856,11,0,11.46,0.0
2025-11-15,Google Ads,Google Ads - Brand Awareness - LA,Brand Awareness,LATAM,Mobile,2214,56,1,104.24,134.97
2026-01-03,YouTube,YouTube - Brand Awareness - Eu,Brand Awareness,Europe,Mobile,628,3,0,1.85,0.0
2025-07-24,Facebook,Facebook - Retargeting - As,Retargeting,Asia Pacific,Mobile,1802,24,1,41.48,116.14
2025-01-20,Email,Email - Lead Generation - No,Lead Generation,North America,Mobile,704,20,0,-12.09,0.0
2025-10-12,Google Ads,Google Ads - Retargeting - LA,Retargeting,LATAM,Mobile,2656,95,6,258.31,146.49
2025-12-20,LinkedIn,LinkedIn - Conversion - No,Conversion,North America,Desktop,1039,7,0,29.05,0.0
2025-09-23,YouTube,YouTube - Retargeting - No,Retargeting,North America,Mobile,1174,6,0,-0.82,0.0
2025-11-26,Instagram,Instagram - Conversion - Eu,Conversion,Europe,Mobile,757,9,0,22.56,0.0
2025-12-28,Instagram,Instagram - Brand Awareness - Eu,Brand Awareness,Europe,Desktop,1107,11,0,6.68,0.0
2025-01-11,YouTube,YouTube - Retargeting - Eu,Retargeting,Europe,Desktop,719,5,0,3.0,0.0
2025-11-18,Google Ads,Google Ads - Conversion - No,Conversion,North America,Mobile,2372,53,1,86.27,198.76
2025-09-16,Instagram,Instagram - Conversion - No,Conversion,North America,Desktop,1177,14,0,22.99,0.0
2025-09-04,Facebook,Facebook - Lead Generation - As,Lead Generation,Asia Pacific,Desktop,1453,24,0,30.3,0.0
2025-01-31,Google Ads,Google Ads - Retargeting - No,Retargeting,North America,Desktop,1493,31,1,56.2,152.78
2025-03-24,Facebook,Facebook - Conversion - Eu,Conversion,Europe,Desktop,564,7,0,16.06,0.0
2025-01-22,Google Ads,Google Ads - Brand Awareness - No,Brand Awareness,North America,Desktop,2284,39,1,69.28,144.56
2025-11-07,Instagram,Instagram - Lead Generation - LA,Lead Generation,LATAM,Desktop,1482,16,0,31.37,0.0
2025-03-30,Facebook,Facebook - Brand Awareness - LA,Brand Awareness,LATAM,Desktop,1155,18,0,28.69,0.0
2025-04-29,Facebook,Facebook - Conversion - LA,Conversion,LATAM,Mobile,1208,21,0,42.15,0.0
2025-02-20,Instagram,Instagram - Brand Awareness - No,Brand Awareness,North America,Desktop,832,8,0,11.45,0.0
2025-11-23,LinkedIn,LinkedIn - Brand Awareness - As,Brand Awareness,Asia Pacific,Desktop,840,6,0,23.32,0.0
2025-10-08,Facebook,Facebook - Conversion - Eu,Conversion,Europe,Desktop,1781,30,0,72.02,0.0
2025-12-12,Google Ads,Google Ads - Conversion - Eu,Conversion,Europe,Desktop,1807,46,0,134.42,0.0
2025-06-02,Google Ads,Google Ads - Lead Generation - No,Lead Generation,North America,Mobile,1515,48,0,78.74,0.0
2025-10-13,YouTube,YouTube - Lead Generation - As,Lead Generation,Asia Pacific,Mobile,1194,5,0,4.66,0.0
2025-03-16,LinkedIn,LinkedIn - Retargeting - LA,Retargeting,LATAM,Mobile,764,5,0,24.53,0.0
2025-07-15,Google Ads,Google Ads - Retargeting - As,Retargeting,Asia Pacific,Mobile,2512,45,2,102.94,277.58
2025-09-08,Instagram,Instagram - Brand Awareness - No,Brand Awareness,North America,Desktop,1283,16,0,18.76,0.0
2025-02-14,Facebook,Facebook - Retargeting - Eu,Retargeting,Europe,Desktop,1166,15,0,25.44,0.0
2025-03-30,Google Ads,Google Ads - Brand Awareness - No,Brand Awareness,North America,Tablet,2014,58,1,89.41,228.56
2025-11-25,LinkedIn,LinkedIn - Conversion - As,Conversion,Asia Pacific,Mobile,898,5,0,22.66,0.0
2025-06-23,Instagram,Instagram - Brand Awareness - No,Brand Awareness,North America,Mobile,1292,12,0,14.55,0.0
2025-08-31,Google Ads,Google Ads - Retargeting - As,Retargeting,Asia Pacific,Mobile,1816,41,2,81.43,250.64
2025-09-19,Google Ads,Google Ads - Brand Awareness - Eu,Brand Awareness,Europe,Mobile,1633,40,1,74.05,186.97
2025-02-25,Instagram,Instagram - Retargeting - As,Retargeting,Asia Pacific,Desktop,1577,20,1,27.03,133.14
2025-05-22,LinkedIn,LinkedIn - Lead Generation - Eu,Lead Generation,Europe,Desktop,769,4,0,16.7,0.0
2025-07-08,Instagram,Instagram - Brand Awareness - As,Brand Awareness,Asia Pacific,Mobile,839,9,0,9.33,0.0
2025-08-13,Facebook,Facebook - Brand Awareness - As,Brand Awareness,Asia Pacific,Desktop,1971,28,0,43.21,0.0
2025-11-01,LinkedIn,LinkedIn - Lead Generation - No,Lead Generation,North America,Mobile,1391,14,0,80.86,0.0
2025-04-30,Facebook,Facebook - Retargeting - As,Retargeting,Asia Pacific,Desktop,2554,43,2,102.81,368.12
2025-08-08,Facebook,Facebook - Lead Generation - As,Lead Generation,Asia Pacific,Desktop,2335,41,0,71.19,0.0
2025-09-26,Facebook,Facebook - Conversion - No,Conversion,North America,Tablet,2478,39,0,94.05,0.0
2025-10-11,LinkedIn,LinkedIn - Brand Awareness - Eu,Brand Awareness,Europe,Desktop,692,3,0,13.25,0.0
2025-06-18,Facebook,Facebook - Retargeting - LA,Retargeting,LATAM,Mobile,2014,24,0,51.26,0.0
2025-08-23,Google Ads,Google Ads - Lead Generation - No,Lead Generation,North America,Mobile,801,23,0,43.04,0.0
2025-03-22,Google Ads,Google Ads - Lead Generation - As,Lead Generation,Asia Pacific,Mobile,1522,45,1,124.17,127.99
2025-10-30,LinkedIn,LinkedIn - Lead Generation - LA,Lead Generation,LATAM,Mobile,802,7,0,29.17,0.0
2025-05-06,YouTube,YouTube - Retargeting - Eu,Retargeting,Europe,Mobile,1328,5,0,2.63,0.0
2025-10-08,Google Ads,Google Ads - Conversion - LA,Conversion,LATAM,Desktop,2548,66,0,83.43,0.0
2025-04-25,Google Ads,Google Ads - Conversion - No,Conversion,North America,Tablet,2208,55,1,158.02,159.11
2025-05-03,Instagram,Instagram - Lead Generation - Eu,Lead Generation,Europe,Desktop,994,7,0,12.44,0.0
2025-09-23,YouTube,YouTube - Retargeting - LA,Retargeting,LATAM,Mobile,892,5,0,0.8,0.0
2025-02-22,Google Ads,Google Ads - Conversion - Eu,Conversion,Europe,Mobile,2128,51,1,153.4,148.23
2025-12-21,Email,Email - Brand Awareness - No,Brand Awareness,North America,Mobile,960,20,0,-11.72,0.0
2025-12-30,YouTube,YouTube - Retargeting - No,Retargeting,North America,Mobile,987,5,0,1.68,0.0
2025-12-28,Email,Email - Brand Awareness - LA,Brand Awareness,LATAM,Desktop,782,20,0,-6.05,0.0
2025-03-26,LinkedIn,LinkedIn - Brand Awareness - No,Brand Awareness,North America,Desktop,1050,8,0,31.5,0.0
2025-08-20,Facebook,Facebook - Lead Generation - Eu,Lead Generation,Europe,Mobile,1283,22,0,43.22,0.0
2025-07-12,LinkedIn,LinkedIn - Brand Awareness - As,Brand Awareness,Asia Pacific,Mobile,1204,11,0,51.93,0.0
2025-05-31,Instagram,Instagram - Retargeting - Eu,Retargeting,Europe,Mobile,1265,16,0,10.19,0.0
2025-04-19,Google Ads,Google Ads - Conversion - LA,Conversion,LATAM,Tablet,2060,37,0,90.81,0.0
2025-01-24,Facebook,Facebook - Lead Generation - As,Lead Generation,Asia Pacific,Mobile,1532,16,0,31.37,0.0
2025-09-19,Google Ads,Google Ads - Brand Awareness - As,Brand Awareness,Asia Pacific,Mobile,2097,44,1,90.97,143.5
2025-10-28,Facebook,Facebook - Retargeting - LA,Retargeting,LATAM,Mobile,1949,21,0,26.85,0.0
2025-06-11,LinkedIn,LinkedIn - Lead Generation - LA,Lead Generation,LATAM,Desktop,668,5,0,21.28,0.0
2025-03-08,Instagram,Instagram - Retargeting - Eu,Retargeting,Europe,Tablet,1592,23,1,26.74,177.23
2025-11-10,Facebook,Facebook - Conversion - LA,Conversion,LATAM,Mobile,2489,39,0,82.66,0.0
2026-01-01,YouTube,YouTube - Conversion - No,Conversion,North America,Mobile,1222,3,0,-0.57,0.0
2025-05-06,LinkedIn,LinkedIn - Brand Awareness - As,Brand Awareness,Asia Pacific,Desktop,435,4,0,17.18,0.0
2025-10-23,Facebook,Facebook - Conversion - As,Conversion,Asia Pacific,Mobile,2366,39,0,37.16,0.0
2025-05-31,LinkedIn,LinkedIn - Conversion - Eu,Conversion,Europe,Mobile,1177,9,0,39.14,0.0
2025-03-08,Google Ads,Google Ads - Brand Awareness - No,Brand Awareness,North America,Desktop,2329,61,1,137.93,139.24
2025-11-30,Google Ads,Google Ads - Conversion - LA,Conversion,LATAM,Desktop,1937,46,0,114.47,0.0
2025-02-11,LinkedIn,LinkedIn - Retargeting - LA,Retargeting,LATAM,Mobile,1332,10,0,44.88,0.0
2025-11-10,LinkedIn,LinkedIn - Conversion - No,Conversion,North America,Mobile,1153,8,0,29.07,0.0
2025-06-28,Instagram,Instagram - Brand Awareness - LA,Brand Awareness,LATAM,Desktop,1359,18,0,13.1,0.0
2025-11-26,Facebook,Facebook - Retargeting - Eu,Retargeting,Europe,Mobile,1767,23,1,39.15,130.82
2025-11-09,LinkedIn,LinkedIn - Retargeting - LA,Retargeting,LATAM,Mobile,1096,9,0,42.53,0.0
2025-01-31,Google Ads,Google Ads - Retargeting - No,Retargeting,North America,Mobile,2149,49,2,125.2,265.59
2025-04-26,Facebook,Facebook - Brand Awareness - No,Brand Awareness,North America,Mobile,1903,24,0,38.42,0.0
2025-11-22,LinkedIn,LinkedIn - Brand Awareness - Eu,Brand Awareness,Europe,Mobile,701,4,0,17.42,0.0
2025-04-16,Google Ads,Google Ads - Lead Generation - Eu,Lead Generation,Europe,Mobile,1773,44,0,132.2,0.0
2025-08-27,Email,Email - Conversion - As,Conversion,Asia Pacific,Tablet,1190,34,0,25.44,0.0
2025-12-13,Instagram,Instagram - Lead Generation - As,Lead Generation,Asia Pacific,Desktop,1199,13,0,26.25,0.0
2025-10-11,Facebook,Facebook - Retargeting - Eu,Retargeting,Europe,Desktop,2018,33,2,54.27,224.09
2025-06-23,Email,Email - Brand Awareness - As,Brand Awareness,Asia Pacific,Desktop,1288,41,0,6.63,0.0
2025-06-20,Instagram,Instagram - Retargeting - LA,Retargeting,LATAM,Mobile,397,4,0,3.43,0.0
2025-03-30,Facebook,Facebook - Conversion - No,Conversion,North America,Mobile,2084,27,0,36.48,0.0
2025-09-28,Instagram,Instagram - Lead Generation - Eu,Lead Generation,Europe,Desktop,923,8,0,6.04,0.0
2025-11-30,Facebook,Facebook - Brand Awareness - LA,Brand Awareness,LATAM,Tablet,2864,48,1,64.13,171.7
2026-01-04,Facebook,Facebook - Retargeting - As,Retargeting,Asia Pacific,Mobile,1721,27,0,35.11,0.0
2025-06-05,Instagram,Instagram - Lead Generation - Eu,Lead Generation,Europe,Desktop,1740,24,0,27.68,0.0
2025-04-17,Facebook,Facebook - Lead Generation - LA,Lead Generation,LATAM,Mobile,2206,34,0,34.03,0.0
2025-01-05,YouTube,YouTube - Retargeting - Eu,Retargeting,Europe,Mobile,1561,8,0,3.61,0.0
2025-08-19,Google Ads,Google Ads - Brand Awareness - As,Brand Awareness,Asia Pacific,Desktop,1584,24,0,61.21,0.0
2025-02-14,Facebook,Facebook - Brand Awareness - As,Brand Awareness,Asia Pacific,Desktop,2532,30,0,18.16,0.0
2025-10-15,Instagram,Instagram - Retargeting - LA,Retargeting,LATAM,Desktop,1755,19,1,34.86,176.96
2025-05-02,YouTube,YouTube - Retargeting - LA,Retargeting,LATAM,Tablet,1237,7,0,-3.61,0.0
2025-11-25,Google Ads,Google Ads - Brand Awareness - As,Brand Awareness,Asia Pacific,Tablet,1791,46,1,75.62,147.6
2025-03-03,Email,Email - Brand Awareness - As,Brand Awareness,Asia Pacific,Desktop,676,18,0,5.38,0.0
2025-08-25,Facebook,Facebook - Retargeting - No,Retargeting,North America,Mobile,2491,36,1,53.29,172.36
2025-09-20,Email,Email - Brand Awareness - As,Brand Awareness,Asia Pacific,Mobile,1291,42,0,20.44,0.0
2025-11-08,Google Ads,Google Ads - Retargeting - Eu,Retargeting,Europe,Mobile,1417,30,1,89.75,93.19
2025-02-24,Instagram,Instagram - Brand Awareness - As,Brand Awareness,Asia Pacific,Mobile,1009,12,0,19.27,0.0
2025-06-07,Instagram,Instagram - Retargeting - Eu,Retargeting,Europe,Mobile,1223,9,0,9.67,0.0
2025-11-15,Instagram,Instagram - Brand Awareness - No,Brand Awareness,North America,Desktop,1069,14,0,11.89,0.0
2025-12-28,Instagram,Instagram - Conversion - Eu,Conversion,Europe,Mobile,1040,16,0,24.11,0.0
2025-05-28,Facebook,Facebook - Retargeting - LA,Retargeting,LATAM,Tablet,2025,37,1,76.7,177.26
2025-12-09,LinkedIn,LinkedIn - Conversion - As,Conversion,Asia Pacific,Desktop,994,5,0,23.02,0.0
2025-12-05,YouTube,YouTube - Brand Awareness - As,Brand Awareness,Asia Pacific,Desktop,1306,5,0,1.1,0.0
2025-03-22,Facebook,Facebook - Brand Awareness - As,Brand Awareness,Asia Pacific,Tablet,2005,30,0,42.39,0.0
2025-08-24,YouTube,YouTube - Lead Generation - No,Lead Generation,North America,Desktop,1024,4,0,5.79,0.0
2025-06-07,Instagram,Instagram - Brand Awareness - Eu,Brand Awareness,Europe,Desktop,962,11,0,21.88,0.0
2025-11-17,Google Ads,Google Ads - Retargeting - Eu,Retargeting,Europe,Desktop,2670,63,2,120.05,358.32
2025-03-14,Facebook,Facebook - Conversion - Eu,Conversion,Europe,Desktop,2162,28,0,63.88,0.0
2025-05-06,Facebook,Facebook - Conversion - Eu,Conversion,Europe,Mobile,2552,35,0,21.23,0.0
2025-08-09,Instagram,Instagram - Brand Awareness - As,Brand Awareness,Asia Pacific,Mobile,1605,12,0,12.35,0.0
2025-05-21,Google Ads,Google Ads - Retargeting - No,Retargeting,North America,Desktop,2344,66,3,159.37,187.44
2025-03-13,Google Ads,Google Ads - Lead Generation - No,Lead Generation,North America,Desktop,1640,46,0,75.57,0.0
2025-11-23,Email,Email - Lead Generation - No,Lead Generation,North America,Desktop,488,15,0,0.21,0.0
2025-01-23,Email,Email - Brand Awareness - As,Brand Awareness,Asia Pacific,Desktop,930,10,0,-1.73,0.0
2025-12-24,YouTube,YouTube - Retargeting - LA,Retargeting,LATAM,Tablet,1012,5,0,2.74,0.0
2026-01-03,Facebook,Facebook - Lead Generation - Eu,Lead Generation,Europe,Desktop,1394,17,0,35.3,0.0
2025-08-21,YouTube,YouTube - Brand Awareness - As,Brand Awareness,Asia Pacific,Mobile,991,4,0,2.26,0.0
2025-11-30,Google Ads,Google Ads - Brand Awareness - Eu,Brand Awareness,Europe,Desktop,1584,43,0,108.85,0.0
2025-02-05,Instagram,Instagram - Conversion - As,Conversion,Asia Pacific,Desktop,1335,8,0,8.36,0.0
2025-12-07,Instagram,Instagram - Conversion - As,Conversion,Asia Pacific,Mobile,954,13,0,16.07,0.0
2025-01-27,YouTube,YouTube - Lead Generation - LA,Lead Generation,LATAM,Desktop,535,2,0,1.78,0.0
2026-01-02,Instagram,Instagram - Conversion - Eu,Conversion,Europe,Mobile,473,5,0,7.55,0.0
2025-09-01,YouTube,YouTube - Conversion - No,Conversion,North America,Desktop,1264,8,0,9.91,0.0
2025-01-13,Google Ads,Google Ads - Retargeting - LA,Retargeting,LATAM,Mobile,2599,60,2,83.31,327.29
2025-06-25,Instagram,Instagram - Conversion - As,Conversion,Asia Pacific,Mobile,692,7,0,8.22,0.0
2025-04-20,Google Ads,Google Ads - Brand Awareness - No,Brand Awareness,North America,Desktop,1939,28,0,58.79,0.0
2025-12-16,Email,Email - Lead Generation - Eu,Lead Generation,Europe,Mobile,1190,35,0,-14.58,0.0
2025-04-25,YouTube,YouTube - Brand Awareness - Eu,Brand Awareness,Europe,Mobile,933,3,0,1.25,0.0
2025-01-29,Google Ads,Google Ads - Lead Generation - No,Lead Generation,North America,Desktop,2185,59,1,123.87,154.97
2025-07-20,Instagram,Instagram - Brand Awareness - LA,Brand Awareness,LATAM,Mobile,1144,14,0,11.95,0.0
2025-04-26,Facebook,Facebook - Lead Generation - No,Lead Generation,North America,Desktop,2953,49,0,27.4,0.0
2025-03-16,Google Ads,Google Ads - Brand Awareness - No,Brand Awareness,North America,Mobile,2563,62,0,99.1,0.0
2025-12-22,YouTube,YouTube - Retargeting - Eu,Retargeting,Europe,Desktop,580,2,0,2.75,0.0
2025-01-23,Instagram,Instagram - Brand Awareness - As,Brand Awareness,Asia Pacific,Desktop,1107,16,0,20.32,0.0
2025-09-09,Instagram,Instagram - Conversion - LA,Conversion,LATAM,Mobile,923,9,0,0.96,0.0
2025-09-30,Google Ads,Google Ads - Lead Generation - No,Lead Generation,North America,Mobile,1990,37,0,64.27,0.0
2025-04-11,Facebook,Facebook - Lead Generation - As,Lead Generation,Asia Pacific,Mobile,2102,35,0,39.28,0.0
2025-04-29,LinkedIn,LinkedIn - Retargeting - As,Retargeting,Asia Pacific,Desktop,861,6,0,30.71,0.0
2025-12-17,LinkedIn,LinkedIn - Conversion - As,Conversion,Asia Pacific,Desktop,1123,7,0,32.26,0.0
2025-09-01,LinkedIn,LinkedIn - Lead Generation - As,Lead Generation,Asia Pacific,Mobile,423,2,0,9.09,0.0
2025-08-25,LinkedIn,LinkedIn - Lead Generation - As,Lead Generation,Asia Pacific,Mobile,865,7,0,26.72,0.0
2025-03-07,Facebook,Facebook - Retargeting - Eu,Retargeting,Europe,Mobile,924,11,0,18.14,0.0
2025-10-24,Facebook,Facebook - Conversion - No,Conversion,North America,Desktop,1979,31,0,52.25,0.0
2025-04-12,Google Ads,Google Ads - Retargeting - Eu,Retargeting,Europe,Mobile,1804,38,1,89.28,173.47
2025-11-25,Email,Email - Brand Awareness - No,Brand Awareness,North America,Desktop,658,20,0,7.93,0.0
2025-04-02,Email,Email - Retargeting - LA,Retargeting,LATAM,Desktop,921,22,1,8.84,189.62
2025-01-18,Google Ads,Google Ads - Retargeting - LA,Retargeting,LATAM,Mobile,653,13,0,34.29,0.0
2025-10-25,Google Ads,Google Ads - Lead Generation - LA,Lead Generation,LATAM,Mobile,2360,61,1,129.55,126.04
2025-10-10,Facebook,Facebook - Brand Awareness - Eu,Brand Awareness,Europe,Mobile,1895,21,0,40.89,0.0
2025-02-25,Facebook,Facebook - Conversion - Eu,Conversion,Europe,Mobile,2064,30,0,51.45,0.0
2025-12-23,LinkedIn,LinkedIn - Conversion - Eu,Conversion,Europe,Mobile,899,6,0,25.03,0.0
2025-08-19,Google Ads,Google Ads - Lead Generation - As,Lead Generation,Asia Pacific,Mobile,1734,40,0,76.76,0.0
2025-02-20,Facebook,Facebook - Brand Awareness - Eu,Brand Awareness,Europe,Desktop,1307,28,0,25.36,0.0
2025-06-26,Facebook,Facebook - Retargeting - As,Retargeting,Asia Pacific,Desktop,1278,16,0,12.09,0.0
2025-12-04,Google Ads,Google Ads - Retargeting - LA,Retargeting,LATAM,Mobile,1286,36,1,72.01,190.67
2025-09-03,LinkedIn,LinkedIn - Conversion - Eu,Conversion,Europe,Tablet,740,7,0,30.74,0.0
2025-05-27,Google Ads,Google Ads - Conversion - As,Conversion,Asia Pacific,Mobile,2607,58,1,121.66,122.61
2025-06-08,Google Ads,Google Ads - Conversion - No,Conversion,North America,Mobile,1574,53,1,134.59,141.57
2025-10-19,YouTube,YouTube - Retargeting - No,Retargeting,North America,Mobile,666,3,0,2.03,0.0
2025-04-19,Facebook,Facebook - Retargeting - As,Retargeting,Asia Pacific,Desktop,1055,11,0,11.35,0.0
2025-11-17,Google Ads,Google Ads - Lead Generation - LA,Lead Generation,LATAM,Desktop,1704,31,0,49.62,0.0
2025-01-11,Facebook,Facebook - Retargeting - Eu,Retargeting,Europe,Mobile,1908,37,1,80.39,196.15
2025-05-31,Instagram,Instagram - Lead Generation - As,Lead Generation,Asia Pacific,Desktop,893,10,0,6.36,0.0
2025-11-13,Google Ads,Google Ads - Brand Awareness - As,Brand Awareness,Asia Pacific,Desktop,2028,49,0,110.26,0.0
2025-09-12,Facebook,Facebook - Retargeting - Eu,Retargeting,Europe,Desktop,2296,39,2,52.41,262.62
2025-10-24,Facebook,Facebook - Lead Generation - LA,Lead Generation,LATAM,Mobile,2220,32,0,39.01,0.0
2025-07-05,Instagram,Instagram - Retargeting - No,Retargeting,North America,Mobile,1594,19,1,18.89,165.03
2025-02-24,Google Ads,Google Ads - Retargeting - As,Retargeting,Asia Pacific,Desktop,448,9,0,27.68,0.0
2025-04-17,Google Ads,Google Ads - Lead Generation - As,Lead Generation,Asia Pacific,Mobile,2444,44,0,121.3,0.0
2025-01-25,Email,Email - Lead Generation - As,Lead Generation,Asia Pacific,Mobile,1634,43,1,6.96,149.88
2025-08-20,Facebook,Facebook - Brand Awareness - Eu,Brand Awareness,Europe,Tablet,1370,23,0,34.27,0.0
2025-07-15,Instagram,Instagram - Conversion - No,Conversion,North America,Desktop,973,13,0,13.21,0.0
2025-09-26,Facebook,Facebook - Retargeting - As,Retargeting,Asia Pacific,Mobile,2279,45,1,59.67,179.77
2025-02-16,Instagram,Instagram - Lead Generation - As,Lead Generation,Asia Pacific,Mobile,773,6,0,10.12,0.0
2025-03-06,Facebook,Facebook - Conversion - Eu,Conversion,Europe,Mobile,2297,49,0,60.15,0.0
2025-12-05,Instagram,Instagram - Lead Generation - Eu,Lead Generation,Europe,Desktop,401,5,0,4.5,0.0
2025-01-31,Email,Email - Retargeting - No,Retargeting,North America,Mobile,1105,22,1,11.71,183.11
2025-02-14,Facebook,Facebook - Conversion - No,Conversion,North America,Desktop,1882,32,0,61.62,0.0
2025-12-29,YouTube,YouTube - Brand Awareness - As,Brand Awareness,Asia Pacific,Desktop,544,2,0,0.54,0.0
2025-03-05,Email,Email - Brand Awareness - No,Brand Awareness,North America,Tablet,805,26,0,4.43,0.0
2025-04-30,LinkedIn,LinkedIn - Lead Generation - LA,Lead Generation,LATAM,Desktop,1132,10,0,38.97,0.0
2025-05-25,YouTube,YouTube - Retargeting - As,Retargeting,Asia Pacific,Desktop,746,3,0,1.32,0.0
2025-05-26,Instagram,Instagram - Brand Awareness - No,Brand Awareness,North America,Mobile,1912,18,0,34.96,0.0
2025-04-13,Facebook,Facebook - Brand Awareness - No,Brand Awareness,North America,Mobile,1721,29,0,47.91,0.0
2025-11-11,Email,Email - Lead Generation - No,Lead Generation,North America,Desktop,975,19,0,5.54,0.0
2025-12-22,Facebook,Facebook - Conversion - LA,Conversion,LATAM,Tablet,1463,15,0,17.1,0.0
2025-02-10,LinkedIn,LinkedIn - Brand Awareness - No,Brand Awareness,North America,Mobile,962,7,0,29.99,0.0
2025-10-11,Google Ads,Google Ads - Conversion - As,Conversion,Asia Pacific,Mobile,2786,93,1,159.32,197.85
2025-01-13,Google Ads,Google Ads - Retargeting - Eu,Retargeting,Europe,Mobile,683,13,0,23.41,0.0
2025-04-30,Google Ads,Google Ads - Brand Awareness - No,Brand Awareness,North America,Mobile,1117,23,0,41.78,0.0
2025-08-20,Google Ads,Google Ads - Brand Awareness - Eu,Brand Awareness,Europe,Mobile,1210,26,0,62.78,0.0
2025-12-23,LinkedIn,LinkedIn - Lead Generation - LA,Lead Generation,LATAM,Mobile,795,7,0,32.52,0.0
2025-05-19,Facebook,Facebook - Conversion - Eu,Conversion,Europe,Tablet,594,5,0,7.89,0.0
2025-09-17,LinkedIn,LinkedIn - Brand Awareness - Eu,Brand Awareness,Europe,Mobile,1286,10,0,47.6,0.0
2025-05-17,Facebook,Facebook - Brand Awareness - No,Brand Awareness,North America,Tablet,2490,29,0,41.97,0.0
2025-08-15,Instagram,Instagram - Lead Generation - LA,Lead Generation,LATAM,Mobile,946,12,0,10.81,0.0
2025-02-05,Facebook,Facebook - Lead Generation - No,Lead Generation,North America,Mobile,1498,21,0,33.06,0.0
2025-04-03,Instagram,Instagram - Conversion - As,Conversion,Asia Pacific,Mobile,1450,17,0,27.57,0.0
2025-07-04,Google Ads,Google Ads - Retargeting - No,Retargeting,North America,Mobile,1450,36,1,54.78,92.98
2025-04-27,Instagram,Instagram - Conversion - LA,Conversion,LATAM,Mobile,1594,22,0,23.6,0.0
2025-02-28,LinkedIn,LinkedIn - Conversion - As,Conversion,Asia Pacific,Tablet,1616,12,0,51.77,0.0
2025-04-13,Google Ads,Google Ads - Conversion - Eu,Conversion,Europe,Mobile,1408,46,0,121.45,0.0
2025-02-22,Instagram,Instagram - Conversion - No,Conversion,North America,Mobile,1510,17,0,20.42,0.0
2025-10-30,Facebook,Facebook - Lead Generation - Eu,Lead Generation,Europe,Desktop,1435,18,0,26.84,0.0
2025-05-06,LinkedIn,LinkedIn - Brand Awareness - No,Brand Awareness,North America,Tablet,885,7,0,32.62,0.0
2025-06-19,Instagram,Instagram - Brand Awareness - No,Brand Awareness,North America,Desktop,1083,13,0,27.21,0.0
2025-03-04,LinkedIn,LinkedIn - Retargeting - LA,Retargeting,LATAM,Desktop,752,5,0,20.1,0.0
2025-06-21,Facebook,Facebook - Retargeting - No,Retargeting,North America,Tablet,2546,47,2,87.8,331.04
2025-04-04,Google Ads,Google Ads - Retargeting - No,Retargeting,North America,Mobile,1684,41,1,88.57,148.27
2025-04-02,Google Ads,Google Ads - Brand Awareness - Eu,Brand Awareness,Europe,Mobile,1918,59,1,174.92,105.29
2025-05-06,YouTube,YouTube - Brand Awareness - As,Brand Awareness,Asia Pacific,Tablet,602,2,0,1.06,0.0
2025-12-24,Email,Email - Lead Generation - Eu,Lead Generation,Europe,Tablet,1023,33,0,-11.74,0.0
2025-07-24,Google Ads,Google Ads - Lead Generation - LA,Lead Generation,LATAM,Desktop,2269,53,0,166.29,0.0
2025-11-01,Google Ads,Google Ads - Conversion - Eu,Conversion,Europe,Tablet,635,14,0,28.23,0.0
2025-05-08,Google Ads,Google Ads - Brand Awareness - As,Brand Awareness,Asia Pacific,Tablet,1232,21,0,49.66,0.0
2025-08-01,Email,Email - Brand Awareness - LA,Brand Awareness,LATAM,Mobile,446,10,0,-2.58,0.0
2025-06-07,LinkedIn,LinkedIn - Conversion - No,Conversion,North America,Desktop,846,6,0,25.32,0.0
2025-06-21,Facebook,Facebook - Conversion - No,Conversion,North America,Desktop,1048,19,0,18.43,0.0
2025-09-04,Google Ads,Google Ads - Retargeting - As,Retargeting,Asia Pacific,Mobile,2658,70,3,107.6,506.78
2025-12-14,Instagram,Instagram - Brand Awareness - As,Brand Awareness,Asia Pacific,Desktop,1000,12,0,14.53,0.0
2025-10-29,Facebook,Facebook - Lead Generation - Eu,Lead Generation,Europe,Mobile,2594,26,0,43.63,0.0
2025-05-13,Facebook,Facebook - Lead Generation - No,Lead Generation,North America,Mobile,1966,38,0,37.57,0.0
2025-03-17,Facebook,Facebook - Lead Generation - Eu,Lead Generation,Europe,Mobile,1368,26,0,35.32,0.0
2025-08-03,YouTube,YouTube - Brand Awareness - Eu,Brand Awareness,Europe,Mobile,935,3,0,2.19,0.0
2025-03-11,Instagram,Instagram - Conversion - No,Conversion,North America,Desktop,880,8,0,10.74,0.0
2025-03-12,Facebook,Facebook - Lead Generation - Eu,Lead Generation,Europe,Desktop,1179,21,0,32.26,0.0
2025-04-26,YouTube,YouTube - Conversion - Eu,Conversion,Europe,Desktop,1098,5,0,0.45,0.0
2025-12-05,Facebook,Facebook - Retargeting - Eu,Retargeting,Europe,Desktop,2399,38,1,53.45,177.67
2025-11-04,LinkedIn,LinkedIn - Conversion - No,Conversion,North America,Desktop,867,5,0,22.57,0.0
2025-01-29,Facebook,Facebook - Lead Generation - As,Lead Generation,Asia Pacific,Desktop,2091,29,0,45.07,0.0
2025-07-14,Instagram,Instagram - Brand Awareness - As,Brand Awareness,Asia Pacific,Desktop,1387,22,0,30.0,0.0
2025-09-07,Google Ads,Google Ads - Retargeting - No,Retargeting,North America,Mobile,1267,37,1,52.45,192.07
2025-07-12,LinkedIn,LinkedIn - Conversion - LA,Conversion,LATAM,Tablet,1028,8,0,37.33,0.0
2025-04-13,Instagram,Instagram - Brand Awareness - Eu,Brand Awareness,Europe,Mobile,710,6,0,5.23,0.0
2025-10-26,Facebook,Facebook - Brand Awareness - LA,Brand Awareness,LATAM,Mobile,626,10,0,17.52,0.0
2025-06-06,Facebook,Facebook - Brand Awareness - No,Brand Awareness,North America,Desktop,3297,50,1,54.94,120.47
2025-09-26,Facebook,Facebook - Lead Generation - LA,Lead Generation,LATAM,Mobile,1850,23,0,36.59,0.0
2025-05-25,Google Ads,Google Ads - Lead Generation - As,Lead Generation,Asia Pacific,Mobile,2737,66,1,156.18,173.16
2025-03-28,YouTube,YouTube - Lead Generation - As,Lead Generation,Asia Pacific,Desktop,723,3,0,1.49,0.0
2025-07-03,LinkedIn,LinkedIn - Retargeting - Eu,Retargeting,Europe,Mobile,561,4,0,14.65,0.0
2025-02-19,YouTube,YouTube - Retargeting - As,Retargeting,Asia Pacific,Mobile,1251,5,0,-0.83,0.0
2025-08-04,Google Ads,Google Ads - Brand Awareness - LA,Brand Awareness,LATAM,Tablet,2569,47,0,108.05,0.0
2025-09-14,LinkedIn,LinkedIn - Retargeting - As,Retargeting,Asia Pacific,Mobile,636,5,0,18.23,0.0
2025-08-04,Facebook,Facebook - Brand Awareness - Eu,Brand Awareness,Europe,Mobile,2316,30,0,41.39,0.0
2025-12-11,Instagram,Instagram - Lead Generation - LA,Lead Generation,LATAM,Desktop,1430,19,0,8.32,0.0
2025-06-19,Instagram,Instagram - Lead Generation - Eu,Lead Generation,Europe,Mobile,868,11,0,15.38,0.0
2025-06-14,Facebook,Facebook - Conversion - LA,Conversion,LATAM,Desktop,1686,22,0,35.99,0.0
2025-03-18,YouTube,YouTube - Lead Generation - As,Lead Generation,Asia Pacific,Mobile,1253,6,0,0.04,0.0
2025-07-24,YouTube,YouTube - Retargeting - No,Retargeting,North America,Tablet,1122,3,0,0.53,0.0
2025-06-15,Facebook,Facebook - Brand Awareness - Eu,Brand Awareness,Europe,Mobile,2558,33,0,55.05,0.0
2025-07-30,Facebook,Facebook - Lead Generation - Eu,Lead Generation,Europe,Mobile,1674,22,0,13.68,0.0
2025-12-01,Google Ads,Google Ads - Conversion - No,Conversion,North America,Mobile,711,23,0,38.28,0.0
2025-10-14,Facebook,Facebook - Retargeting - LA,Retargeting,LATAM,Tablet,817,7,0,13.9,0.0
2026-01-04,Instagram,Instagram - Lead Generation - As,Lead Generation,Asia Pacific,Desktop,416,4,0,5.76,0.0
2025-11-19,Facebook,Facebook - Lead Generation - LA,Lead Generation,LATAM,Desktop,1619,23,0,37.08,0.0
2025-01-13,Instagram,Instagram - Brand Awareness - LA,Brand Awareness,LATAM,Desktop,1136,14,0,10.69,0.0
2025-11-19,Facebook,Facebook - Retargeting - LA,Retargeting,LATAM,Mobile,874,13,0,17.84,0.0
2025-08-26,LinkedIn,LinkedIn - Conversion - No,Conversion,North America,Mobile,1010,8,0,39.56,0.0
2025-05-15,Facebook,Facebook - Brand Awareness - LA,Brand Awareness,LATAM,Desktop,2057,33,0,60.51,0.0
2025-11-06,YouTube,YouTube - Brand Awareness - As,Brand Awareness,Asia Pacific,Desktop,1095,5,0,7.94,0.0
2025-12-29,Google Ads,Google Ads - Brand Awareness - LA,Brand Awareness,LATAM,Mobile,2642,72,1,200.6,138.8
2025-12-24,Instagram,Instagram - Conversion - LA,Conversion,LATAM,Tablet,1058,13,0,23.81,0.0
2025-10-21,Email,Email - Retargeting - LA,Retargeting,LATAM,Mobile,1352,38,1,-8.37,140.81
2025-03-05,Google Ads,Google Ads - Retargeting - Eu,Retargeting,Europe,Mobile,1485,27,1,30.92,177.18
2025-04-08,LinkedIn,LinkedIn - Brand Awareness - As,Brand Awareness,Asia Pacific,Desktop,234,2,0,10.13,0.0
2025-06-10,Google Ads,Google Ads - Brand Awareness - LA,Brand Awareness,LATAM,Mobile,2658,63,1,128.54,126.33
2025-01-08,Instagram,Instagram - Brand Awareness - Eu,Brand Awareness,Europe,Mobile,993,12,0,11.38,0.0
2025-12-07,Google Ads,Google Ads - Brand Awareness - LA,Brand Awareness,LATAM,Tablet,2560,47,1,123.78,138.99
2025-02-19,Facebook,Facebook - Brand Awareness - No,Brand Awareness,North America,Mobile,2408,32,0,39.24,0.0
2025-05-06,YouTube,YouTube - Brand Awareness - LA,Brand Awareness,LATAM,Desktop,487,2,0,0.41,0.0
2025-05-29,Google Ads,Google Ads - Lead Generation - Eu,Lead Generation,Europe,Mobile,1427,40,0,83.92,0.0
2025-03-10,Facebook,Facebook - Conversion - As,Conversion,Asia Pacific,Mobile,1430,23,0,25.45,0.0
2025-03-29,Google Ads,Google Ads - Brand Awareness - LA,Brand Awareness,LATAM,Mobile,1926,68,1,195.0,171.09
2025-03-13,Facebook,Facebook - Lead Generation - No,Lead Generation,North America,Desktop,1421,13,0,20.37,0.0
2025-08-20,LinkedIn,LinkedIn - Brand Awareness - No,Brand Awareness,North America,Desktop,1155,10,0,44.3,0.0
2025-01-27,Google Ads,Google Ads - Retargeting - LA,Retargeting,LATAM,Tablet,788,13,0,23.28,0.0
2025-02-08,Facebook,Facebook - Lead Generation - Eu,Lead Generation,Europe,Mobile,2571,32,0,47.02,0.0
2025-10-24,Instagram,Instagram - Conversion - As,Conversion,Asia Pacific,Mobile,1143,16,0,24.69,0.0
2025-05-03,Google Ads,Google Ads - Brand Awareness - Eu,Brand Awareness,Europe,Desktop,2555,64,1,103.54,135.86
2025-08-07,LinkedIn,LinkedIn - Lead Generation - No,Lead Generation,North America,Mobile,1042,9,0,41.81,0.0
2025-06-01,YouTube,YouTube - Conversion - As,Conversion,Asia Pacific,Desktop,753,3,0,1.18,0.0
2025-04-01,Google Ads,Google Ads - Conversion - As,Conversion,Asia Pacific,Desktop,2077,43,1,66.1,135.84
2025-05-28,Email,Email - Conversion - As,Conversion,Asia Pacific,Mobile,1017,25,0,14.11,0.0
2025-02-28,YouTube,YouTube - Lead Generation - As,Lead Generation,Asia Pacific,Mobile,754,3,0,1.49,0.0
2025-10-12,Facebook,Facebook - Lead Generation - Eu,Lead Generation,Europe,Mobile,1337,22,0,12.97,0.0
2025-05-25,Facebook,Facebook - Retargeting - LA,Retargeting,LATAM,Desktop,1740,24,1,21.46,183.3
2025-03-11,Facebook,Facebook - Lead Generation - Eu,Lead Generation,Europe,Desktop,1943,33,0,55.69,0.0
2025-10-26,Facebook,Facebook - Conversion - As,Conversion,Asia Pacific,Mobile,2354,30,0,36.53,0.0
2025-12-01,YouTube,YouTube - Brand Awareness - Eu,Brand Awareness,Europe,Tablet,640,4,0,2.72,0.0
2025-09-11,Google Ads,Google Ads - Conversion - LA,Conversion,LATAM,Mobile,1520,44,0,95.93,0.0
2025-04-19,Facebook,Facebook - Lead Generation - LA,Lead Generation,LATAM,Desktop,2998,49,0,88.0,0.0
2025-09-06,Facebook,Facebook - Conversion - As,Conversion,Asia Pacific,Mobile,2198,28,0,21.04,0.0
2026-01-04,Email,Email - Lead Generation - As,Lead Generation,Asia Pacific,Mobile,645,21,0,4.56,0.0
2025-08-02,Facebook,Facebook - Brand Awareness - Eu,Brand Awareness,Europe,Tablet,2513,46,0,60.7,0.0
2025-02-15,Instagram,Instagram - Brand Awareness - No,Brand Awareness,North America,Mobile,1478,12,0,12.71,0.0
2025-02-01,YouTube,YouTube - Lead Generation - No,Lead Generation,North America,Desktop,1331,5,0,3.4,0.0
2025-06-14,Facebook,Facebook - Retargeting - No,Retargeting,North America,Mobile,1603,25,1,36.11,187.8
2025-01-27,Instagram,Instagram - Lead Generation - LA,Lead Generation,LATAM,Desktop,1441,18,0,35.93,0.0
2025-07-19,LinkedIn,LinkedIn - Lead Generation - As,Lead Generation,Asia Pacific,Mobile,1357,6,0,25.88,0.0
2025-03-17,Google Ads,Google Ads - Conversion - No,Conversion,North America,Tablet,1934,46,1,75.17,116.04
2025-03-12,YouTube,YouTube - Lead Generation - As,Lead Generation,Asia Pacific,Desktop,1022,6,0,1.29,0.0
2025-12-12,Google Ads,Google Ads - Conversion - Eu,Conversion,Europe,Desktop,2592,44,0,131.63,0.0
2025-02-16,Instagram,Instagram - Conversion - Eu,Conversion,Europe,Mobile,1099,15,0,19.26,0.0
2025-12-10,Google Ads,Google Ads - Lead Generation - Eu,Lead Generation,Europe,Desktop,2577,70,1,184.14,160.76
2025-11-08,Email,Email - Conversion - LA,Conversion,LATAM,Desktop,969,24,0,0.86,0.0
2025-08-28,YouTube,YouTube - Brand Awareness - As,Brand Awareness,Asia Pacific,Mobile,1673,8,0,6.14,0.0
2025-04-27,Facebook,Facebook - Retargeting - Eu,Retargeting,Europe,Desktop,2350,44,2,99.27,372.4
2025-09-14,Facebook,Facebook - Lead Generation - Eu,Lead Generation,Europe,Mobile,1751,20,0,32.15,0.0
2025-02-04,Google Ads,Google Ads - Lead Generation - No,Lead Generation,North America,Desktop,1145,22,0,59.29,0.0
2025-09-28,Email,Email - Brand Awareness - No,Brand Awareness,North America,Mobile,1356,47,1,4.78,136.75
2025-12-31,LinkedIn,LinkedIn - Conversion - LA,Conversion,LATAM,Mobile,671,4,0,16.92,0.0
2025-10-13,Instagram,Instagram - Conversion - As,Conversion,Asia Pacific,Desktop,1170,16,0,27.41,0.0
2025-02-27,Facebook,Facebook - Lead Generation - No,Lead Generation,North America,Desktop,2931,43,0,60.33,0.0
2025-01-17,Facebook,Facebook - Retargeting - As,Retargeting,Asia Pacific,Desktop,1546,22,1,18.07,132.85
2025-12-18,Instagram,Instagram - Brand Awareness - LA,Brand Awareness,LATAM,Desktop,582,7,0,6.14,0.0
2025-11-09,Google Ads,Google Ads - Retargeting - As,Retargeting,Asia Pacific,Mobile,2140,47,2,90.22,231.46
2025-05-19,LinkedIn,LinkedIn - Retargeting - As,Retargeting,Asia Pacific,Desktop,1435,14,0,62.74,0.0
2025-09-17,Facebook,Facebook - Lead Generation - As,Lead Generation,Asia Pacific,Desktop,1940,24,0,12.83,0.0
2025-02-25,Facebook,Facebook - Conversion - No,Conversion,North America,Mobile,2014,32,0,14.79,0.0
2025-11-14,Google Ads,Google Ads - Retargeting - No,Retargeting,North America,Desktop,2328,51,2,36.39,396.96
2025-03-07,Facebook,Facebook - Retargeting - Eu,Retargeting,Europe,Tablet,1418,14,0,13.07,0.0
2025-01-13,Google Ads,Google Ads - Brand Awareness - Eu,Brand Awareness,Europe,Tablet,2089,59,1,108.87,161.54
2025-05-14,Facebook,Facebook - Brand Awareness - No,Brand Awareness,North America,Mobile,1988,26,0,31.1,0.0
2025-11-18,Facebook,Facebook - Brand Awareness - Eu,Brand Awareness,Europe,Mobile,2297,33,0,37.21,0.0
2025-04-13,Google Ads,Google Ads - Conversion - As,Conversion,Asia Pacific,Mobile,1679,40,0,56.4,0.0
2025-04-06,Google Ads,Google Ads - Retargeting - As,Retargeting,Asia Pacific,Mobile,1919,62,2,98.61,286.86
2025-10-01,LinkedIn,LinkedIn - Brand Awareness - LA,Brand Awareness,LATAM,Tablet,750,5,0,20.82,0.0
2025-05-29,Email,Email - Conversion - As,Conversion,Asia Pacific,Mobile,759,15,0,8.36,0.0
2025-08-17,Instagram,Instagram - Conversion - No,Conversion,North America,Desktop,661,9,0,11.12,0.0
2025-12-12,Instagram,Instagram - Brand Awareness - Eu,Brand Awareness,Europe,Desktop,1734,21,0,14.37,0.0
2025-11-02,YouTube,YouTube - Brand Awareness - No,Brand Awareness,North America,Desktop,1792,10,0,-1.01,0.0
2025-11-17,Facebook,Facebook - Conversion - No,Conversion,North America,Desktop,1877,23,0,47.75,0.0
2025-08-26,Facebook,Facebook - Lead Generation - No,Lead Generation,North America,Desktop,2214,34,0,36.0,0.0
2025-02-25,Facebook,Facebook - Lead Generation - LA,Lead Generation,LATAM,Desktop,1979,32,0,76.67,0.0
2025-06-10,Instagram,Instagram - Retargeting - LA,Retargeting,LATAM,Tablet,793,4,0,9.68,0.0
2025-10-14,Instagram,Instagram - Lead Generation - As,Lead Generation,Asia Pacific,Desktop,796,10,0,12.84,0.0
2025-03-19,Google Ads,Google Ads - Retargeting - LA,Retargeting,LATAM,Desktop,1934,52,1,59.32,118.4
2025-12-09,Instagram,Instagram - Retargeting - As,Retargeting,Asia Pacific,Desktop,754,7,0,11.43,0.0
2025-03-28,Instagram,Instagram - Brand Awareness - No,Brand Awareness,North America,Mobile,525,6,0,12.84,0.0
2025-03-23,Google Ads,Google Ads - Lead Generation - No,Lead Generation,North America,Tablet,1792,64,1,132.58,185.38
2025-12-01,YouTube,YouTube - Conversion - LA,Conversion,LATAM,Mobile,643,4,0,2.58,0.0
2025-07-07,YouTube,YouTube - Retargeting - No,Retargeting,North America,Mobile,959,4,0,0.74,0.0
2025-07-03,LinkedIn,LinkedIn - Brand Awareness - No,Brand Awareness,North America,Mobile,960,9,0,43.7,0.0
2025-03-11,Instagram,Instagram - Retargeting - Eu,Retargeting,Europe,Mobile,693,8,0,9.16,0.0
2025-01-21,Facebook,Facebook - Brand Awareness - LA,Brand Awareness,LATAM,Mobile,2386,34,0,46.26,0.0
2025-10-06,Facebook,Facebook - Lead Generation - As,Lead Generation,Asia Pacific,Mobile,1438,24,0,35.22,0.0
2025-02-20,Instagram,Instagram - Lead Generation - As,Lead Generation,Asia Pacific,Mobile,985,11,0,10.36,0.0
2025-02-03,Facebook,Facebook - Retargeting - LA,Retargeting,LATAM,Mobile,1642,21,0,20.82,0.0
2025-01-22,Facebook,Facebook - Conversion - Eu,Conversion,Europe,Mobile,1616,30,0,46.0,0.0
2025-01-15,Google Ads,Google Ads - Lead Generation - Eu,Lead Generation,Europe,Mobile,2493,57,1,110.48,127.92
2025-07-27,Instagram,Instagram - Conversion - Eu,Conversion,Europe,Mobile,1124,19,0,21.87,0.0
2025-04-08,Facebook,Facebook - Brand Awareness - No,Brand Awareness,North America,Mobile,1850,31,0,33.21,0.0
2025-03-01,Google Ads,Google Ads - Lead Generation - Eu,Lead Generation,Europe,Mobile,227,4,0,3.83,0.0
2025-03-17,Facebook,Facebook - Retargeting - As,Retargeting,Asia Pacific,Desktop,1170,20,0,23.52,0.0
2025-09-16,LinkedIn,LinkedIn - Lead Generation - As,Lead Generation,Asia Pacific,Mobile,934,9,0,43.08,0.0
2025-03-31,Instagram,Instagram - Lead Generation - Eu,Lead Generation,Europe,Desktop,1702,22,0,23.37,0.0
2025-09-13,Google Ads,Google Ads - Conversion - No,Conversion,North America,Mobile,2051,46,0,88.09,0.0
2025-05-30,Instagram,Instagram - Lead Generation - No,Lead Generation,North America,Desktop,854,13,0,18.71,0.0
2025-10-17,YouTube,YouTube - Lead Generation - Eu,Lead Generation,Europe,Mobile,1016,4,0,-0.52,0.0
2025-07-17,Instagram,Instagram - Conversion - LA,Conversion,LATAM,Mobile,640,3,0,6.73,0.0
2025-06-13,Facebook,Facebook - Brand Awareness - Eu,Brand Awareness,Europe,Mobile,2575,31,0,46.88,0.0
2025-12-30,YouTube,YouTube - Conversion - As,Conversion,Asia Pacific,Mobile,1093,4,0,-0.92,0.0
2025-05-21,Google Ads,Google Ads - Brand Awareness - As,Brand Awareness,Asia Pacific,Desktop,2823,72,1,175.6,130.43
2025-06-19,Google Ads,Google Ads - Lead Generation - As,Lead Generation,Asia Pacific,Desktop,1740,48,1,68.64,164.36
2025-07-03,Google Ads,Google Ads - Lead Generation - LA,Lead Generation,LATAM,Desktop,1395,18,0,37.14,0.0
2025-08-16,Google Ads,Google Ads - Brand Awareness - As,Brand Awareness,Asia Pacific,Mobile,2281,49,0,88.16,0.0
2025-06-09,Instagram,Instagram - Lead Generation - As,Lead Generation,Asia Pacific,Mobile,825,10,0,2.43,0.0
2025-09-07,YouTube,YouTube - Lead Generation - Eu,Lead Generation,Europe,Mobile,1163,7,0,10.18,0.0
2025-03-28,Facebook,Facebook - Retargeting - LA,Retargeting,LATAM,Mobile,2247,37,1,23.8,177.4
2025-08-20,Instagram,Instagram - Retargeting - No,Retargeting,North America,Mobile,609,7,0,6.76,0.0
2025-09-17,Google Ads,Google Ads - Lead Generation - No,Lead Generation,North America,Mobile,2071,63,0,123.64,0.0
2025-01-21,Google Ads,Google Ads - Conversion - LA,Conversion,LATAM,Tablet,2596,83,1,184.37,141.94
2025-11-24,Facebook,Facebook - Brand Awareness - No,Brand Awareness,North America,Desktop,2804,28,0,30.7,0.0
2025-09-22,LinkedIn,LinkedIn - Lead Generation - As,Lead Generation,Asia Pacific,Mobile,690,4,0,18.34,0.0
2025-03-12,Google Ads,Google Ads - Brand Awareness - As,Brand Awareness,Asia Pacific,Mobile,1485,28,0,65.76,0.0
2025-04-27,YouTube,YouTube - Lead Generation - As,Lead Generation,Asia Pacific,Mobile,782,3,0,2.93,0.0
2025-09-01,Google Ads,Google Ads - Brand Awareness - As,Brand Awareness,Asia Pacific,Mobile,1430,33,0,65.08,0.0
2025-04-26,LinkedIn,LinkedIn - Retargeting - As,Retargeting,Asia Pacific,Mobile,891,7,0,34.59,0.0
2025-05-04,Facebook,Facebook - Conversion - No,Conversion,North America,Desktop,1679,18,0,27.71,0.0
2025-08-03,Instagram,Instagram - Lead Generation - Eu,Lead Generation,Europe,Desktop,989,12,0,-2.69,0.0
2025-08-16,Facebook,Facebook - Conversion - No,Conversion,North America,Mobile,930,14,0,21.44,0.0
2025-09-23,Facebook,Facebook - Lead Generation - Eu,Lead Generation,Europe,Desktop,1424,24,0,47.22,0.0
2025-07-17,Google Ads,Google Ads - Conversion - As,Conversion,Asia Pacific,Desktop,1924,46,0,73.71,0.0
2025-05-19,LinkedIn,LinkedIn - Conversion - As,Conversion,Asia Pacific,Mobile,1344,12,0,55.81,0.0
2025-10-23,LinkedIn,LinkedIn - Retargeting - LA,Retargeting,LATAM,Tablet,815,4,0,21.14,0.0
2025-03-03,Facebook,Facebook - Brand Awareness - LA,Brand Awareness,LATAM,Desktop,934,14,0,21.96,0.0
2025-03-27,Facebook,Facebook - Brand Awareness - LA,Brand Awareness,LATAM,Desktop,1153,13,0,10.05,0.0
2025-07-31,Google Ads,Google Ads - Brand Awareness - As,Brand Awareness,Asia Pacific,Desktop,1350,32,0,73.18,0.0
2025-05-14,YouTube,YouTube - Lead Generation - No,Lead Generation,North America,Mobile,797,4,0,1.08,0.0
2025-10-10,Google Ads,Google Ads - Brand Awareness - As,Brand Awareness,Asia Pacific,Tablet,1411,42,0,96.44,0.0
2025-09-07,Instagram,Instagram - Retargeting - Eu,Retargeting,Europe,Mobile,772,12,0,20.86,0.0
2025-01-18,YouTube,YouTube - Lead Generation - Eu,Lead Generation,Europe,Desktop,1156,4,0,2.52,0.0
2025-09-06,Facebook,Facebook - Lead Generation - As,Lead Generation,Asia Pacific,Desktop,1806,31,0,36.75,0.0
2025-02-27,YouTube,YouTube - Brand Awareness - Eu,Brand Awareness,Europe,Desktop,1058,5,0,4.89,0.0
2025-04-17,Facebook,Facebook - Lead Generation - LA,Lead Generation,LATAM,Desktop,1385,21,0,17.47,0.0
2025-01-13,Facebook,Facebook - Conversion - LA,Conversion,LATAM,Mobile,1035,12,0,3.29,0.0
2025-05-06,Google Ads,Google Ads - Lead Generation - As,Lead Generation,Asia Pacific,Desktop,1211,39,0,99.13,0.0
2025-12-11,Facebook,Facebook - Retargeting - No,Retargeting,North America,Mobile,1774,10,0,9.45,0.0
2025-06-14,YouTube,YouTube - Brand Awareness - LA,Brand Awareness,LATAM,Desktop,1121,4,0,-1.46,0.0
2025-12-03,LinkedIn,LinkedIn - Lead Generation - LA,Lead Generation,LATAM,Mobile,919,8,0,36.14,0.0
2025-07-05,Google Ads,Google Ads - Conversion - Eu,Conversion,Europe,Mobile,2337,45,0,102.04,0.0
2025-03-18,YouTube,YouTube - Brand Awareness - As,Brand Awareness,Asia Pacific,Desktop,1820,4,0,0.56,0.0
2025-04-13,Instagram,Instagram - Conversion - Eu,Conversion,Europe,Mobile,1131,12,0,9.38,0.0
2025-01-23,Facebook,Facebook - Lead Generation - As,Lead Generation,Asia Pacific,Mobile,1401,18,0,16.03,0.0
2025-12-07,Facebook,Facebook - Brand Awareness - Eu,Brand Awareness,Europe,Mobile,1694,17,0,26.71,0.0
2025-11-01,LinkedIn,LinkedIn - Conversion - Eu,Conversion,Europe,Mobile,1454,13,0,65.3,0.0
2025-01-29,Email,Email - Lead Generation - No,Lead Generation,North America,Mobile,1446,44,0,26.73,0.0
2025-04-04,Google Ads,Google Ads - Retargeting - LA,Retargeting,LATAM,Mobile,2239,50,3,105.88,434.55
2025-06-21,YouTube,YouTube - Lead Generation - No,Lead Generation,North America,Tablet,632,3,0,2.84,0.0
2025-06-02,Facebook,Facebook - Retargeting - As,Retargeting,Asia Pacific,Mobile,2208,35,1,49.49,154.76
2025-05-19,Google Ads,Google Ads - Lead Generation - No,Lead Generation,North America,Mobile,3716,94,1,225.55,158.91
2025-12-16,Email,Email - Retargeting - LA,Retargeting,LATAM,Mobile,429,18,1,17.33,135.1
2025-04-05,LinkedIn,LinkedIn - Brand Awareness - No,Brand Awareness,North America,Tablet,1072,8,0,32.26,0.0
2025-11-26,Facebook,Facebook - Brand Awareness - As,Brand Awareness,Asia Pacific,Mobile,1612,29,0,42.7,0.0
2025-10-24,LinkedIn,LinkedIn - Lead Generation - As,Lead Generation,Asia Pacific,Mobile,1189,10,0,49.42,0.0
2025-04-11,Google Ads,Google Ads - Retargeting - LA,Retargeting,LATAM,Tablet,2730,70,4,145.1,279.04
2025-08-21,Google Ads,Google Ads - Brand Awareness - LA,Brand Awareness,LATAM,Mobile,2760,51,1,90.63,123.96
2025-12-18,LinkedIn,LinkedIn - Lead Generation - No,Lead Generation,North America,Mobile,1376,10,0,40.28,0.0
2025-09-16,Google Ads,Google Ads - Retargeting - No,Retargeting,North America,Mobile,1552,36,2,58.35,364.58
2025-02-10,LinkedIn,LinkedIn - Brand Awareness - As,Brand Awareness,Asia Pacific,Desktop,1138,8,0,34.94,0.0
2025-12-05,Google Ads,Google Ads - Brand Awareness - LA,Brand Awareness,LATAM,Desktop,1081,22,0,57.61,0.0
2025-12-01,Google Ads,Google Ads - Conversion - LA,Conversion,LATAM,Desktop,1290,40,0,87.71,0.0
2025-12-29,Instagram,Instagram - Brand Awareness - Eu,Brand Awareness,Europe,Mobile,1536,16,0,13.61,0.0
2025-04-19,Instagram,Instagram - Conversion - No,Conversion,North America,Mobile,630,4,0,6.21,0.0
2025-02-16,YouTube,YouTube - Retargeting - No,Retargeting,North America,Mobile,1053,6,0,-4.63,0.0
2025-11-13,Facebook,Facebook - Conversion - As,Conversion,Asia Pacific,Mobile,2580,40,0,56.47,0.0
2025-03-17,LinkedIn,LinkedIn - Conversion - As,Conversion,Asia Pacific,Desktop,1733,8,0,37.25,0.0
2025-05-28,Google Ads,Google Ads - Retargeting - LA,Retargeting,LATAM,Mobile,1213,26,1,56.48,148.9
2025-09-23,Facebook,Facebook - Retargeting - Eu,Retargeting,Europe,Mobile,1780,16,0,29.98,0.0
2025-10-13,Facebook,Facebook - Retargeting - As,Retargeting,Asia Pacific,Mobile,2776,49,2,59.06,332.63
2025-03-12,Instagram,Instagram - Brand Awareness - No,Brand Awareness,North America,Mobile,1222,21,0,20.18,0.0
2025-11-19,Instagram,Instagram - Retargeting - No,Retargeting,North America,Desktop,1268,15,0,15.53,0.0
2025-11-07,Facebook,Facebook - Brand Awareness - LA,Brand Awareness,LATAM,Tablet,2197,28,0,37.95,0.0
2025-12-17,Google Ads,Google Ads - Retargeting - As,Retargeting,Asia Pacific,Mobile,1853,47,2,81.63,288.39
2025-07-20,Google Ads,Google Ads - Conversion - Eu,Conversion,Europe,Mobile,1291,30,0,55.81,0.0
2025-08-29,YouTube,YouTube - Conversion - LA,Conversion,LATAM,Mobile,903,3,0,3.04,0.0
2025-01-09,Facebook,Facebook - Lead Generation - LA,Lead Generation,LATAM,Mobile,2005,29,0,36.62,0.0
2025-12-16,Facebook,Facebook - Lead Generation - Eu,Lead Generation,Europe,Mobile,961,16,0,26.48,0.0
2025-02-22,Instagram,Instagram - Brand Awareness - Eu,Brand Awareness,Europe,Desktop,1176,12,0,6.75,0.0
2025-07-08,Instagram,Instagram - Conversion - Eu,Conversion,Europe,Desktop,803,8,0,7.11,0.0
2025-03-12,Google Ads,Google Ads - Conversion - LA,Conversion,LATAM,Tablet,1490,36,0,40.34,0.0
2025-10-18,YouTube,YouTube - Retargeting - Eu,Retargeting,Europe,Mobile,1154,6,0,10.78,0.0
2025-09-10,LinkedIn,LinkedIn - Retargeting - LA,Retargeting,LATAM,Mobile,1101,8,0,33.92,0.0
2025-11-03,LinkedIn,LinkedIn - Conversion - No,Conversion,North America,Desktop,593,4,0,16.05,0.0
2025-02-28,Google Ads,Google Ads - Lead Generation - As,Lead Generation,Asia Pacific,Mobile,2093,44,0,86.59,0.0
2025-03-13,Facebook,Facebook - Lead Generation - As,Lead Generation,Asia Pacific,Desktop,2331,34,0,38.06,0.0
2025-11-28,Facebook,Facebook - Conversion - Eu,Conversion,Europe,Desktop,1402,23,0,29.12,0.0
2025-02-05,Facebook,Facebook - Retargeting - LA,Retargeting,LATAM,Tablet,926,15,0,29.27,0.0
2025-09-19,Google Ads,Google Ads - Retargeting - LA,Retargeting,LATAM,Mobile,2563,86,4,134.03,599.3
2025-06-13,Google Ads,Google Ads - Conversion - LA,Conversion,LATAM,Mobile,2222,57,1,142.96,198.39
2025-11-22,Facebook,Facebook - Lead Generation - As,Lead Generation,Asia Pacific,Mobile,2599,44,0,75.5,0.0
2025-08-22,Facebook,Facebook - Retargeting - LA,Retargeting,LATAM,Mobile,2180,23,1,24.29,140.62
2025-06-22,YouTube,YouTube - Lead Generation - LA,Lead Generation,LATAM,Desktop,999,4,0,1.95,0.0
2025-06-30,LinkedIn,LinkedIn - Conversion - Eu,Conversion,Europe,Desktop,961,7,0,33.04,0.0
2025-03-31,Instagram,Instagram - Retargeting - LA,Retargeting,LATAM,Mobile,294,3,0,3.93,0.0
2025-12-02,Instagram,Instagram - Retargeting - Eu,Retargeting,Europe,Tablet,828,13,0,19.52,0.0
2025-07-17,LinkedIn,LinkedIn - Lead Generation - LA,Lead Generation,LATAM,Desktop,694,6,0,28.52,0.0
2025-06-23,Instagram,Instagram - Retargeting - No,Retargeting,North America,Desktop,1093,12,0,18.49,0.0
2025-06-25,Facebook,Facebook - Brand Awareness - Eu,Brand Awareness,Europe,Mobile,1734,27,0,40.68,0.0
2025-11-24,LinkedIn,LinkedIn - Lead Generation - No,Lead Generation,North America,Mobile,1160,9,0,40.88,0.0
2025-09-03,Google Ads,Google Ads - Conversion - As,Conversion,Asia Pacific,Mobile,1979,47,0,93.37,0.0
2025-03-29,YouTube,YouTube - Lead Generation - As,Lead Generation,Asia Pacific,Mobile,784,3,0,0.18,0.0
2025-04-19,Google Ads,Google Ads - Lead Generation - No,Lead Generation,North America,Tablet,2698,63,0,127.34,0.0
2025-05-15,Google Ads,Google Ads - Conversion - LA,Conversion,LATAM,Mobile,3169,64,1,168.16,154.93
2025-05-18,Facebook,Facebook - Brand Awareness - LA,Brand Awareness,LATAM,Mobile,1851,28,0,23.45,0.0
2025-10-29,Google Ads,Google Ads - Lead Generation - LA,Lead Generation,LATAM,Mobile,2837,80,2,180.19,319.18
2025-05-13,Email,Email - Retargeting - As,Retargeting,Asia Pacific,Desktop,938,33,1,-28.26,163.48
2025-06-14,Email,Email - Lead Generation - No,Lead Generation,North America,Tablet,884,26,0,-20.68,0.0
2025-05-09,Facebook,Facebook - Lead Generation - As,Lead Generation,Asia Pacific,Mobile,906,8,0,12.31,0.0
2025-12-20,Facebook,Facebook - Brand Awareness - As,Brand Awareness,Asia Pacific,Desktop,2069,41,0,35.06,0.0
2025-06-09,Instagram,Instagram - Brand Awareness - Eu,Brand Awareness,Europe,Desktop,828,6,0,4.52,0.0
2025-10-30,Google Ads,Google Ads - Brand Awareness - As,Brand Awareness,Asia Pacific,Tablet,2240,58,0,72.51,0.0
2025-03-10,Instagram,Instagram - Conversion - As,Conversion,Asia Pacific,Desktop,1015,11,0,18.54,0.0
2025-06-17,LinkedIn,LinkedIn - Retargeting - LA,Retargeting,LATAM,Desktop,728,7,0,38.66,0.0
2025-01-11,Facebook,Facebook - Conversion - As,Conversion,Asia Pacific,Mobile,1035,16,0,30.91,0.0
2025-10-03,Instagram,Instagram - Lead Generation - No,Lead Generation,North America,Desktop,373,4,0,4.17,0.0
2025-02-21,Instagram,Instagram - Retargeting - Eu,Retargeting,Europe,Desktop,450,4,0,6.53,0.0
2025-04-13,YouTube,YouTube - Conversion - Eu,Conversion,Europe,Desktop,949,4,0,-0.59,0.0
2025-07-15,Facebook,Facebook - Retargeting - LA,Retargeting,LATAM,Mobile,1834,27,1,66.76,187.26
2025-08-01,LinkedIn,LinkedIn - Lead Generation - As,Lead Generation,Asia Pacific,Tablet,846,5,0,23.06,0.0
2025-11-10,Facebook,Facebook - Lead Generation - No,Lead Generation,North America,Mobile,822,9,0,18.5,0.0
2025-09-06,Google Ads,Google Ads - Conversion - Eu,Conversion,Europe,Mobile,2174,68,1,130.8,163.35
2025-09-24,Instagram,Instagram - Brand Awareness - LA,Brand Awareness,LATAM,Desktop,1157,9,0,11.9,0.0
2025-12-06,Facebook,Facebook - Retargeting - Eu,Retargeting,Europe,Desktop,2038,38,1,61.74,159.3
2025-05-08,Instagram,Instagram - Brand Awareness - No,Brand Awareness,North America,Mobile,1096,12,0,25.89,0.0
2025-05-04,Email,Email - Brand Awareness - LA,Brand Awareness,LATAM,Mobile,962,34,0,-19.52,0.0
2025-09-28,Facebook,Facebook - Brand Awareness - As,Brand Awareness,Asia Pacific,Mobile,1833,23,0,32.99,0.0
2025-11-22,Google Ads,Google Ads - Brand Awareness - LA,Brand Awareness,LATAM,Tablet,2398,53,1,157.3,174.9
2025-09-03,Instagram,Instagram - Conversion - LA,Conversion,LATAM,Tablet,893,7,0,12.98,0.0
2025-01-10,Google Ads,Google Ads - Lead Generation - No,Lead Generation,North America,Desktop,2407,60,1,113.64,172.03
2025-10-24,Instagram,Instagram - Brand Awareness - Eu,Brand Awareness,Europe,Desktop,825,10,0,4.79,0.0
2025-06-05,LinkedIn,LinkedIn - Conversion - As,Conversion,Asia Pacific,Desktop,1118,6,0,27.83,0.0
2025-06-28,Instagram,Instagram - Retargeting - As,Retargeting,Asia Pacific,Mobile,841,10,0,12.35,0.0
2025-02-12,Facebook,Facebook - Conversion - LA,Conversion,LATAM,Mobile,2081,37,0,36.91,0.0
2025-08-29,YouTube,YouTube - Lead Generation - No,Lead Generation,North America,Desktop,1038,4,0,0.31,0.0
2025-12-26,Instagram,Instagram - Retargeting - Eu,Retargeting,Europe,Tablet,1242,17,0,15.28,0.0
2025-01-15,YouTube,YouTube - Conversion - Eu,Conversion,Europe,Desktop,1366,4,0,4.16,0.0
2025-02-21,Email,Email - Retargeting - As,Retargeting,Asia Pacific,Mobile,525,21,1,18.83,216.24
2025-12-03,Google Ads,Google Ads - Lead Generation - LA,Lead Generation,LATAM,Desktop,2095,47,0,95.72,0.0
2025-11-27,Google Ads,Google Ads - Retargeting - Eu,Retargeting,Europe,Mobile,2284,70,4,145.41,649.77
2025-03-30,Instagram,Instagram - Lead Generation - Eu,Lead Generation,Europe,Mobile,654,6,0,12.91,0.0
2025-07-14,Facebook,Facebook - Retargeting - Eu,Retargeting,Europe,Mobile,1353,19,1,28.28,169.9
2025-04-22,Instagram,Instagram - Retargeting - Eu,Retargeting,Europe,Desktop,1144,14,0,14.41,0.0
2025-02-22,Instagram,Instagram - Conversion - LA,Conversion,LATAM,Desktop,724,6,0,4.51,0.0
2025-11-15,Google Ads,Google Ads - Lead Generation - Eu,Lead Generation,Europe,Desktop,1275,32,0,67.65,0.0
2025-02-18,LinkedIn,LinkedIn - Brand Awareness - Eu,Brand Awareness,Europe,Desktop,676,5,0,21.66,0.0
2025-11-26,Facebook,Facebook - Conversion - No,Conversion,North America,Mobile,2841,45,0,39.48,0.0
2025-02-14,LinkedIn,LinkedIn - Brand Awareness - Eu,Brand Awareness,Europe,Mobile,451,5,0,21.88,0.0
2025-02-06,Instagram,Instagram - Lead Generation - LA,Lead Generation,LATAM,Desktop,944,12,0,1.5,0.0
2025-09-07,YouTube,YouTube - Conversion - No,Conversion,North America,Mobile,1171,8,0,4.51,0.0
2025-03-07,Google Ads,Google Ads - Conversion - Eu,Conversion,Europe,Mobile,2864,82,2,229.58,254.23
2025-11-07,Instagram,Instagram - Brand Awareness - As,Brand Awareness,Asia Pacific,Desktop,926,8,0,15.94,0.0
2025-12-04,Google Ads,Google Ads - Lead Generation - Eu,Lead Generation,Europe,Desktop,1074,22,0,28.34,0.0
2025-08-28,Instagram,Instagram - Retargeting - As,Retargeting,Asia Pacific,Mobile,1101,9,0,3.79,0.0
2025-12-02,Instagram,Instagram - Conversion - No,Conversion,North America,Mobile,1258,15,0,17.86,0.0
2025-02-24,Facebook,Facebook - Lead Generation - As,Lead Generation,Asia Pacific,Mobile,2206,33,0,30.81,0.0
2025-08-25,Google Ads,Google Ads - Brand Awareness - As,Brand Awareness,Asia Pacific,Desktop,1810,49,1,134.25,170.87
2025-03-20,Google Ads,Google Ads - Retargeting - No,Retargeting,North America,Desktop,1445,38,2,84.21,423.43
2025-02-02,Google Ads,Google Ads - Lead Generation - No,Lead Generation,North America,Desktop,2049,66,1,152.45,227.43
2025-09-28,LinkedIn,LinkedIn - Conversion - LA,Conversion,LATAM,Mobile,854,5,0,22.37,0.0
2025-08-14,Instagram,Instagram - Conversion - No,Conversion,North America,Mobile,1056,9,0,10.84,0.0
2025-11-15,Facebook,Facebook - Lead Generation - As,Lead Generation,Asia Pacific,Desktop,1031,14,0,11.63,0.0
2025-04-10,YouTube,YouTube - Retargeting - Eu,Retargeting,Europe,Desktop,973,3,0,1.45,0.0
2025-05-16,Instagram,Instagram - Conversion - LA,Conversion,LATAM,Desktop,1153,11,0,20.7,0.0
2025-12-29,Google Ads,Google Ads - Brand Awareness - LA,Brand Awareness,LATAM,Tablet,1823,46,0,124.38,0.0
2025-06-11,Email,Email - Retargeting - No,Retargeting,North America,Tablet,752,26,1,-10.42,181.75
2025-10-13,Facebook,Facebook - Lead Generation - LA,Lead Generation,LATAM,Mobile,1731,30,0,36.09,0.0
2025-12-16,Google Ads,Google Ads - Brand Awareness - Eu,Brand Awareness,Europe,Tablet,1870,38,0,93.26,0.0
2025-09-15,Facebook,Facebook - Brand Awareness - No,Brand Awareness,North America,Mobile,1510,26,0,56.03,0.0
2025-04-02,Facebook,Facebook - Brand Awareness - LA,Brand Awareness,LATAM,Desktop,504,6,0,13.67,0.0
2025-01-24,Instagram,Instagram - Conversion - As,Conversion,Asia Pacific,Mobile,1112,15,0,12.52,0.0
2025-12-29,Email,Email - Brand Awareness - Eu,Brand Awareness,Europe,Desktop,924,28,0,1.37,0.0
2025-06-25,Google Ads,Google Ads - Lead Generation - Eu,Lead Generation,Europe,Desktop,1673,24,0,52.87,0.0
2025-04-09,LinkedIn,LinkedIn - Conversion - LA,Conversion,LATAM,Desktop,1147,7,0,30.56,0.0
2025-05-02,LinkedIn,LinkedIn - Brand Awareness - Eu,Brand Awareness,Europe,Desktop,1206,8,0,41.79,0.0
2025-03-07,LinkedIn,LinkedIn - Lead Generation - As,Lead Generation,Asia Pacific,Desktop,1338,11,0,62.91,0.0
2025-12-31,Facebook,Facebook - Lead Generation - LA,Lead Generation,LATAM,Mobile,2350,34,0,72.55,0.0
2025-05-26,Email,Email - Lead Generation - Eu,Lead Generation,Europe,Desktop,1245,34,0,-6.86,0.0
2025-12-22,YouTube,YouTube - Retargeting - LA,Retargeting,LATAM,Mobile,1172,6,0,5.83,0.0
2025-08-12,Facebook,Facebook - Retargeting - LA,Retargeting,LATAM,Mobile,1688,24,1,37.15,187.37
2026-01-02,Instagram,Instagram - Retargeting - As,Retargeting,Asia Pacific,Desktop,1259,13,0,7.98,0.0
2025-05-10,Facebook,Facebook - Conversion - LA,Conversion,LATAM,Desktop,2190,26,0,39.64,0.0
2025-12-16,Instagram,Instagram - Conversion - LA,Conversion,LATAM,Mobile,1585,20,0,44.15,0.0
2025-12-25,Google Ads,Google Ads - Retargeting - LA,Retargeting,LATAM,Mobile,1934,33,1,59.07,126.98
2025-01-14,Google Ads,Google Ads - Lead Generation - As,Lead Generation,Asia Pacific,Desktop,1830,53,1,122.39,158.97
2025-12-12,Facebook,Facebook - Conversion - Eu,Conversion,Europe,Desktop,862,13,0,13.59,0.0
2025-11-04,LinkedIn,LinkedIn - Conversion - No,Conversion,North America,Mobile,794,4,0,19.54,0.0
2025-03-30,Google Ads,Google Ads - Brand Awareness - Eu,Brand Awareness,Europe,Desktop,1682,55,0,147.32,0.0
2025-08-27,LinkedIn,LinkedIn - Conversion - As,Conversion,Asia Pacific,Mobile,815,6,0,28.74,0.0
2025-01-08,YouTube,YouTube - Lead Generation - LA,Lead Generation,LATAM,Desktop,1232,5,0,5.77,0.0
2025-01-14,LinkedIn,LinkedIn - Retargeting - No,Retargeting,North America,Desktop,1265,11,0,57.79,0.0
2025-10-13,Facebook,Facebook - Lead Generation - LA,Lead Generation,LATAM,Desktop,2062,24,0,44.64,0.0
2025-06-06,LinkedIn,LinkedIn - Brand Awareness - No,Brand Awareness,North America,Mobile,1300,13,0,64.89,0.0
2025-09-04,Facebook,Facebook - Conversion - No,Conversion,North America,Desktop,2255,42,1,38.85,156.12
2025-09-16,Facebook,Facebook - Conversion - Eu,Conversion,Europe,Desktop,1806,23,0,26.5,0.0
2025-06-03,Facebook,Facebook - Retargeting - Eu,Retargeting,Europe,Desktop,2109,39,2,68.54,263.62
2025-04-19,Google Ads,Google Ads - Lead Generation - As,Lead Generation,Asia Pacific,Desktop,2491,45,0,56.05,0.0
2025-07-30,Google Ads,Google Ads - Conversion - No,Conversion,North America,Mobile,1320,28,0,76.06,0.0
2025-05-24,LinkedIn,LinkedIn - Retargeting - As,Retargeting,Asia Pacific,Mobile,1341,10,0,47.95,0.0
2025-10-04,Google Ads,Google Ads - Lead Generation - No,Lead Generation,North America,Desktop,2475,66,1,117.97,128.71
2025-10-01,LinkedIn,LinkedIn - Lead Generation - Eu,Lead Generation,Europe,Desktop,1000,8,0,38.06,0.0
2025-02-25,Instagram,Instagram - Brand Awareness - LA,Brand Awareness,LATAM,Desktop,1195,10,0,17.88,0.0
2025-08-09,Google Ads,Google Ads - Lead Generation - As,Lead Generation,Asia Pacific,Mobile,2189,68,1,101.08,145.55
2025-11-26,Google Ads,Google Ads - Lead Generation - LA,Lead Generation,LATAM,Mobile,1694,22,0,47.38,0.0
2025-06-06,Facebook,Facebook - Conversion - No,Conversion,North America,Desktop,2114,19,0,37.46,0.0
2025-01-17,Google Ads,Google Ads - Conversion - Eu,Conversion,Europe,Desktop,1074,26,0,20.09,0.0
2025-04-10,Google Ads,Google Ads - Retargeting - As,Retargeting,Asia Pacific,Desktop,1347,41,1,75.69,141.02
2025-04-14,LinkedIn,LinkedIn - Conversion - As,Conversion,Asia Pacific,Desktop,670,3,0,13.68,0.0
2025-12-12,Email,Email - Lead Generation - Eu,Lead Generation,Europe,Mobile,574,18,0,2.41,0.0
2025-10-14,LinkedIn,LinkedIn - Lead Generation - Eu,Lead Generation,Europe,Desktop,568,4,0,20.71,0.0
2025-03-17,LinkedIn,LinkedIn - Lead Generation - LA,Lead Generation,LATAM,Mobile,1179,13,0,62.02,0.0
2025-06-19,Instagram,Instagram - Lead Generation - No,Lead Generation,North America,Desktop,978,12,0,11.97,0.0
2025-01-21,Facebook,Facebook - Conversion - LA,Conversion,LATAM,Mobile,2843,36,0,17.98,0.0
2025-04-26,LinkedIn,LinkedIn - Retargeting - Eu,Retargeting,Europe,Desktop,900,7,0,27.72,0.0
2025-06-08,Google Ads,Google Ads - Conversion - No,Conversion,North America,Mobile,2770,54,1,99.2,159.53
2025-04-18,LinkedIn,LinkedIn - Lead Generation - As,Lead Generation,Asia Pacific,Desktop,907,7,0,27.21,0.0
2025-10-11,Instagram,Instagram - Brand Awareness - LA,Brand Awareness,LATAM,Tablet,766,6,0,1.42,0.0
2025-03-31,Google Ads,Google Ads - Lead Generation - Eu,Lead Generation,Europe,Mobile,985,21,0,49.51,0.0
2025-05-18,LinkedIn,LinkedIn - Conversion - As,Conversion,Asia Pacific,Mobile,1657,13,0,61.18,0.0
2025-05-17,Google Ads,Google Ads - Brand Awareness - As,Brand Awareness,Asia Pacific,Desktop,2358,61,1,122.16,154.0
2025-08-14,LinkedIn,LinkedIn - Conversion - No,Conversion,North America,Mobile,632,4,0,18.54,0.0
2025-02-26,Instagram,Instagram - Lead Generation - LA,Lead Generation,LATAM,Desktop,659,7,0,8.45,0.0
2025-02-18,Google Ads,Google Ads - Brand Awareness - No,Brand Awareness,North America,Tablet,1861,37,0,77.74,0.0
2025-10-23,Google Ads,Google Ads - Brand Awareness - LA,Brand Awareness,LATAM,Desktop,2506,44,0,81.62,0.0
2025-05-27,YouTube,YouTube - Brand Awareness - As,Brand Awareness,Asia Pacific,Desktop,1032,3,0,1.42,0.0
2025-02-22,YouTube,YouTube - Conversion - LA,Conversion,LATAM,Desktop,937,5,0,2.18,0.0
2025-01-16,LinkedIn,LinkedIn - Brand Awareness - Eu,Brand Awareness,Europe,Desktop,607,5,0,22.82,0.0
2025-11-03,Google Ads,Google Ads - Lead Generation - LA,Lead Generation,LATAM,Mobile,2368,53,0,155.35,0.0
2025-06-28,YouTube,YouTube - Brand Awareness - No,Brand Awareness,North America,Mobile,1529,7,0,8.61,0.0
2025-01-13,Facebook,Facebook - Conversion - LA,Conversion,LATAM,Mobile,2353,28,0,65.92,0.0
2025-06-17,Instagram,Instagram - Conversion - As,Conversion,Asia Pacific,Desktop,1120,17,0,29.25,0.0
2025-12-10,YouTube,YouTube - Lead Generation - Eu,Lead Generation,Europe,Mobile,1396,8,0,9.59,0.0
2025-02-05,Google Ads,Google Ads - Conversion - LA,Conversion,LATAM,Mobile,2636,58,0,116.75,0.0
2025-11-17,LinkedIn,LinkedIn - Lead Generation - No,Lead Generation,North America,Mobile,1290,8,0,35.24,0.0
2025-07-10,Facebook,Facebook - Retargeting - Eu,Retargeting,Europe,Mobile,3325,59,4,74.41,506.77
2025-12-05,Google Ads,Google Ads - Retargeting - No,Retargeting,North America,Mobile,2321,62,3,120.99,454.77
2025-12-22,Facebook,Facebook - Conversion - No,Conversion,North America,Mobile,1455,22,0,23.32,0.0
2025-08-31,Instagram,Instagram - Retargeting - Eu,Retargeting,Europe,Desktop,1463,17,0,28.06,0.0
2025-09-20,Facebook,Facebook - Brand Awareness - As,Brand Awareness,Asia Pacific,Mobile,1680,17,0,29.19,0.0
2025-06-24,Instagram,Instagram - Conversion - No,Conversion,North America,Tablet,548,3,0,4.55,0.0
2025-05-07,Facebook,Facebook - Retargeting - As,Retargeting,Asia Pacific,Desktop,2621,58,2,49.38,306.16
2025-04-22,Facebook,Facebook - Lead Generation - LA,Lead Generation,LATAM,Desktop,2083,35,0,49.33,0.0
2025-12-28,Google Ads,Google Ads - Brand Awareness - LA,Brand Awareness,LATAM,Desktop,2702,68,1,139.96,109.27
2026-01-01,LinkedIn,LinkedIn - Brand Awareness - No,Brand Awareness,North America,Tablet,776,7,0,35.3,0.0
2025-09-05,Instagram,Instagram - Lead Generation - No,Lead Generation,North America,Mobile,876,6,0,9.06,0.0
2025-09-01,Facebook,Facebook - Retargeting - As,Retargeting,Asia Pacific,Mobile,2823,40,1,82.28,151.0
2025-01-29,Email,Email - Conversion - No,Conversion,North America,Desktop,1738,57,1,24.99,190.47
2025-04-21,Google Ads,Google Ads - Brand Awareness - LA,Brand Awareness,LATAM,Desktop,571,16,0,34.14,0.0
2025-03-06,Facebook,Facebook - Lead Generation - LA,Lead Generation,LATAM,Desktop,1753,21,0,33.13,0.0
2025-06-01,LinkedIn,LinkedIn - Retargeting - No,Retargeting,North America,Mobile,562,5,0,23.42,0.0
2026-01-01,Google Ads,Google Ads - Retargeting - LA,Retargeting,LATAM,Mobile,2227,36,1,70.2,120.08
2025-03-10,Google Ads,Google Ads - Lead Generation - LA,Lead Generation,LATAM,Mobile,2545,70,1,110.83,160.96
2025-06-17,Google Ads,Google Ads - Brand Awareness - No,Brand Awareness,North America,Mobile,1333,19,0,47.74,0.0
2025-03-28,Facebook,Facebook - Brand Awareness - No,Brand Awareness,North America,Mobile,2472,38,0,38.56,0.0
2025-06-24,Instagram,Instagram - Retargeting - As,Retargeting,Asia Pacific,Mobile,842,9,0,6.75,0.0
2025-05-17,Google Ads,Google Ads - Conversion - As,Conversion,Asia Pacific,Mobile,777,25,0,50.17,0.0
2025-09-21,Email,Email - Conversion - No,Conversion,North America,Desktop,708,15,0,13.96,0.0
2025-03-27,Instagram,Instagram - Brand Awareness - Eu,Brand Awareness,Europe,Desktop,1467,15,0,4.38,0.0
2025-02-09,Email,Email - Lead Generation - Eu,Lead Generation,Europe,Tablet,1061,38,0,21.1,0.0
2025-04-17,Google Ads,Google Ads - Lead Generation - No,Lead Generation,North America,Desktop,1526,38,0,99.5,0.0
2025-11-02,LinkedIn,LinkedIn - Retargeting - No,Retargeting,North America,Desktop,1024,7,0,32.92,0.0
2025-10-30,YouTube,YouTube - Retargeting - LA,Retargeting,LATAM,Desktop,918,5,0,3.6,0.0
2025-12-20,Facebook,Facebook - Brand Awareness - As,Brand Awareness,Asia Pacific,Mobile,1670,22,0,36.97,0.0
2025-06-27,Google Ads,Google Ads - Conversion - No,Conversion,North America,Mobile,2149,32,0,47.91,0.0
2025-05-15,Instagram,Instagram - Retargeting - As,Retargeting,Asia Pacific,Desktop,906,10,0,16.99,0.0
2025-02-26,Instagram,Instagram - Lead Generation - Eu,Lead Generation,Europe,Desktop,583,9,0,8.84,0.0
2025-07-28,Google Ads,Google Ads - Retargeting - As,Retargeting,Asia Pacific,Mobile,1749,48,1,89.94,90.79
2025-01-26,Facebook,Facebook - Lead Generation - No,Lead Generation,North America,Desktop,1941,22,0,36.82,0.0
2025-06-27,Facebook,Facebook - Retargeting - No,Retargeting,North America,Mobile,1675,30,0,37.0,0.0
2025-12-28,LinkedIn,LinkedIn - Brand Awareness - Eu,Brand Awareness,Europe,Desktop,830,7,0,30.73,0.0
2025-10-25,Facebook,Facebook - Retargeting - No,Retargeting,North America,Tablet,2696,51,2,92.51,324.25
2025-05-08,Facebook,Facebook - Retargeting - No,Retargeting,North America,Desktop,1988,33,1,59.35,263.29
2025-07-11,Email,Email - Retargeting - No,Retargeting,North America,Desktop,849,29,1,-22.34,140.86
2025-03-31,YouTube,YouTube - Retargeting - As,Retargeting,Asia Pacific,Desktop,998,3,0,-0.13,0.0
2025-05-26,LinkedIn,LinkedIn - Retargeting - No,Retargeting,North America,Desktop,688,5,0,23.96,0.0
2025-10-05,LinkedIn,LinkedIn - Retargeting - No,Retargeting,North America,Desktop,696,5,0,22.8,0.0
2025-05-14,Instagram,Instagram - Retargeting - As,Retargeting,Asia Pacific,Desktop,1189,19,0,13.25,0.0
2025-06-02,Google Ads,Google Ads - Conversion - LA,Conversion,LATAM,Desktop,2333,56,1,123.57,229.13
2025-06-09,Facebook,Facebook - Brand Awareness - As,Brand Awareness,Asia Pacific,Desktop,1985,36,0,76.38,0.0
2025-09-10,Email,Email - Retargeting - No,Retargeting,North America,Desktop,1079,36,1,2.67,162.19
2025-01-25,Email,Email - Brand Awareness - LA,Brand Awareness,LATAM,Desktop,874,24,0,-4.64,0.0
2025-10-27,Instagram,Instagram - Conversion - Eu,Conversion,Europe,Desktop,754,9,0,12.18,0.0
2025-07-08,YouTube,YouTube - Lead Generation - No,Lead Generation,North America,Mobile,1390,5,0,7.99,0.0
2026-01-04,LinkedIn,LinkedIn - Retargeting - Eu,Retargeting,Europe,Tablet,634,5,0,22.78,0.0
2025-05-26,Google Ads,Google Ads - Conversion - No,Conversion,North America,Tablet,2492,72,1,139.25,167.77
2025-09-13,Facebook,Facebook - Retargeting - Eu,Retargeting,Europe,Desktop,2141,35,1,46.44,149.43
2025-10-19,Google Ads,Google Ads - Brand Awareness - No,Brand Awareness,North America,Mobile,2467,75,1,147.58,124.58
2025-03-25,Facebook,Facebook - Retargeting - No,Retargeting,North America,Desktop,1824,31,1,59.95,118.22
2025-07-14,LinkedIn,LinkedIn - Retargeting - LA,Retargeting,LATAM,Mobile,614,5,0,20.44,0.0
2025-12-24,Facebook,Facebook - Conversion - No,Conversion,North America,Tablet,2223,34,0,65.06,0.0
2025-01-15,Instagram,Instagram - Brand Awareness - LA,Brand Awareness,LATAM,Desktop,844,12,0,26.19,0.0
2025-12-28,LinkedIn,LinkedIn - Lead Generation - Eu,Lead Generation,Europe,Desktop,1037,10,0,39.02,0.0
2025-01-14,Facebook,Facebook - Retargeting - No,Retargeting,North America,Mobile,2492,27,0,20.13,0.0
2025-08-05,YouTube,YouTube - Lead Generation - As,Lead Generation,Asia Pacific,Mobile,1229,6,0,2.47,0.0
2025-04-29,LinkedIn,LinkedIn - Brand Awareness - No,Brand Awareness,North America,Desktop,1208,8,0,38.75,0.0
2025-04-08,Instagram,Instagram - Brand Awareness - As,Brand Awareness,Asia Pacific,Mobile,1260,15,0,16.8,0.0
2025-09-08,Email,Email - Lead Generation - Eu,Lead Generation,Europe,Tablet,1105,22,0,17.75,0.0
2025-10-15,Facebook,Facebook - Brand Awareness - No,Brand Awareness,North America,Desktop,2673,24,0,27.54,0.0
2025-06-08,Facebook,Facebook - Brand Awareness - Eu,Brand Awareness,Europe,Tablet,1474,18,0,22.5,0.0
2025-05-27,YouTube,YouTube - Lead Generation - LA,Lead Generation,LATAM,Mobile,1263,5,0,-1.25,0.0
2025-11-07,Instagram,Instagram - Conversion - Eu,Conversion,Europe,Mobile,737,9,0,9.91,0.0
2025-02-17,Google Ads,Google Ads - Retargeting - LA,Retargeting,LATAM,Mobile,1581,41,1,71.45,168.05
2025-07-30,Facebook,Facebook - Conversion - As,Conversion,Asia Pacific,Desktop,2192,32,0,98.37,0.0
2025-03-27,Facebook,Facebook - Brand Awareness - LA,Brand Awareness,LATAM,Desktop,1412,18,0,10.18,0.0
2025-12-10,Google Ads,Google Ads - Conversion - LA,Conversion,LATAM,Desktop,2405,70,1,107.76,196.02
2025-12-15,Google Ads,Google Ads - Conversion - As,Conversion,Asia Pacific,Mobile,1545,31,0,47.56,0.0
2025-10-09,Instagram,Instagram - Brand Awareness - Eu,Brand Awareness,Europe,Desktop,1053,13,0,11.86,0.0
2025-02-11,Instagram,Instagram - Conversion - Eu,Conversion,Europe,Mobile,899,14,0,13.08,0.0
2025-05-09,Email,Email - Retargeting - As,Retargeting,Asia Pacific,Mobile,904,29,1,-9.67,184.64
2025-04-09,Instagram,Instagram - Brand Awareness - No,Brand Awareness,North America,Mobile,1624,22,0,35.21,0.0
2025-03-19,Facebook,Facebook - Retargeting - LA,Retargeting,LATAM,Desktop,1790,20,0,50.17,0.0
2025-07-06,Facebook,Facebook - Lead Generation - Eu,Lead Generation,Europe,Mobile,2234,26,0,65.9,0.0
2025-05-04,Email,Email - Lead Generation - As,Lead Generation,Asia Pacific,Mobile,1886,56,0,90.06,0.0
2025-03-31,Google Ads,Google Ads - Retargeting - As,Retargeting,Asia Pacific,Mobile,1429,32,1,59.51,157.64
2025-05-16,Google Ads,Google Ads - Brand Awareness - LA,Brand Awareness,LATAM,Desktop,2250,39,0,62.83,0.0
2025-08-02,Facebook,Facebook - Brand Awareness - No,Brand Awareness,North America,Desktop,2312,33,0,42.31,0.0
2025-03-05,Google Ads,Google Ads - Brand Awareness - As,Brand Awareness,Asia Pacific,Tablet,1584,34,0,69.19,0.0
2025-09-18,Instagram,Instagram - Retargeting - Eu,Retargeting,Europe,Mobile,1061,10,0,10.49,0.0
2025-09-14,Email,Email - Lead Generation - As,Lead Generation,Asia Pacific,Mobile,884,34,0,-31.19,0.0
2025-02-11,Facebook,Facebook - Lead Generation - Eu,Lead Generation,Europe,Mobile,2262,29,0,22.45,0.0
2025-05-21,Facebook,Facebook - Retargeting - As,Retargeting,Asia Pacific,Mobile,2184,36,1,28.3,74.27
2025-11-12,Google Ads,Google Ads - Lead Generation - As,Lead Generation,Asia Pacific,Desktop,1985,49,1,121.66,89.48
2025-12-27,YouTube,YouTube - Brand Awareness - As,Brand Awareness,Asia Pacific,Mobile,466,3,0,1.58,0.0
2025-07-29,YouTube,YouTube - Lead Generation - As,Lead Generation,Asia Pacific,Tablet,1017,4,0,3.62,0.0
2025-12-08,Instagram,Instagram - Lead Generation - LA,Lead Generation,LATAM,Desktop,854,11,0,3.11,0.0
2025-08-23,Facebook,Facebook - Brand Awareness - LA,Brand Awareness,LATAM,Desktop,954,15,0,31.4,0.0
2025-05-25,Instagram,Instagram - Lead Generation - As,Lead Generation,Asia Pacific,Desktop,768,4,0,2.96,0.0
2025-12-19,Facebook,Facebook - Conversion - No,Conversion,North America,Desktop,2315,43,0,45.08,0.0
2025-06-29,Google Ads,Google Ads - Lead Generation - No,Lead Generation,North America,Desktop,1419,33,0,80.67,0.0
2025-02-11,Instagram,Instagram - Brand Awareness - No,Brand Awareness,North America,Desktop,990,7,0,1.58,0.0
2025-12-14,Instagram,Instagram - Conversion - As,Conversion,Asia Pacific,Desktop,448,4,0,2.84,0.0
2025-04-13,Facebook,Facebook - Retargeting - Eu,Retargeting,Europe,Desktop,2068,32,1,46.65,205.36
2025-04-12,Instagram,Instagram - Brand Awareness - Eu,Brand Awareness,Europe,Desktop,1042,11,0,20.81,0.0
2025-08-10,Instagram,Instagram - Retargeting - Eu,Retargeting,Europe,Desktop,602,7,0,4.09,0.0
2025-09-05,Facebook,Facebook - Lead Generation - LA,Lead Generation,LATAM,Mobile,1621,19,0,24.93,0.0
2025-05-08,Google Ads,Google Ads - Retargeting - As,Retargeting,Asia Pacific,Mobile,2112,63,4,88.75,616.77
2025-10-01,Facebook,Facebook - Lead Generation - Eu,Lead Generation,Europe,Desktop,1382,20,0,32.56,0.0
2025-06-16,LinkedIn,LinkedIn - Lead Generation - LA,Lead Generation,LATAM,Mobile,1138,11,0,50.13,0.0
2025-02-16,Email,Email - Lead Generation - LA,Lead Generation,LATAM,Mobile,918,23,0,-7.3,0.0
2025-10-11,Google Ads,Google Ads - Lead Generation - As,Lead Generation,Asia Pacific,Mobile,2631,47,0,63.09,0.0
2025-04-07,Facebook,Facebook - Retargeting - LA,Retargeting,LATAM,Desktop,2879,28,1,58.08,192.65
2025-05-04,Google Ads,Google Ads - Retargeting - LA,Retargeting,LATAM,Mobile,1386,28,1,42.05,237.37
2025-11-15,Google Ads,Google Ads - Lead Generation - Eu,Lead Generation,Europe,Mobile,2747,65,1,139.64,103.02
2025-07-22,Google Ads,Google Ads - Conversion - No,Conversion,North America,Mobile,1788,30,0,66.87,0.0
2025-02-25,Instagram,Instagram - Brand Awareness - Eu,Brand Awareness,Europe,Desktop,1168,10,0,7.28,0.0
2025-12-12,Facebook,Facebook - Retargeting - LA,Retargeting,LATAM,Desktop,1601,17,0,24.49,0.0
2025-03-16,Instagram,Instagram - Conversion - Eu,Conversion,Europe,Desktop,960,13,0,2.93,0.0
2025-10-05,Google Ads,Google Ads - Lead Generation - Eu,Lead Generation,Europe,Desktop,2361,58,1,153.33,163.21
2025-10-18,LinkedIn,LinkedIn - Brand Awareness - As,Brand Awareness,Asia Pacific,Mobile,779,5,0,21.95,0.0
2025-07-06,Google Ads,Google Ads - Conversion - Eu,Conversion,Europe,Desktop,2566,62,1,173.31,86.63
2025-01-12,Google Ads,Google Ads - Retargeting - No,Retargeting,North America,Mobile,2907,85,3,164.76,507.25
2025-09-11,LinkedIn,LinkedIn - Conversion - LA,Conversion,LATAM,Mobile,906,7,0,29.08,0.0
2025-01-29,Instagram,Instagram - Lead Generation - No,Lead Generation,North America,Mobile,1340,19,0,23.9,0.0
2025-04-02,Facebook,Facebook - Lead Generation - No,Lead Generation,North America,Mobile,1308,19,0,21.28,0.0
2025-01-12,Facebook,Facebook - Lead Generation - Eu,Lead Generation,Europe,Mobile,2629,30,0,47.64,0.0
2025-10-01,Instagram,Instagram - Brand Awareness - LA,Brand Awareness,LATAM,Desktop,1643,24,0,26.23,0.0
2025-08-05,Google Ads,Google Ads - Retargeting - Eu,Retargeting,Europe,Tablet,1923,31,1,39.97,173.47
2025-07-16,Facebook,Facebook - Conversion - As,Conversion,Asia Pacific,Desktop,1062,17,0,31.7,0.0
2025-02-17,LinkedIn,LinkedIn - Brand Awareness - Eu,Brand Awareness,Europe,Mobile,1229,8,0,43.29,0.0
2025-05-29,Facebook,Facebook - Conversion - As,Conversion,Asia Pacific,Mobile,2118,31,0,63.39,0.0
2025-07-10,Email,Email - Brand Awareness - As,Brand Awareness,Asia Pacific,Mobile,1360,37,0,-0.5,0.0
2025-04-17,Email,Email - Lead Generation - LA,Lead Generation,LATAM,Mobile,598,15,0,3.05,0.0
2025-11-25,Instagram,Instagram - Lead Generation - No,Lead Generation,North America,Desktop,1323,9,0,20.42,0.0
2025-09-09,Google Ads,Google Ads - Conversion - As,Conversion,Asia Pacific,Desktop,1292,21,0,38.14,0.0
2025-06-05,LinkedIn,LinkedIn - Retargeting - As,Retargeting,Asia Pacific,Mobile,985,6,0,26.31,0.0
2025-05-17,Instagram,Instagram - Brand Awareness - No,Brand Awareness,North America,Desktop,1087,13,0,15.13,0.0
2025-10-15,Google Ads,Google Ads - Retargeting - No,Retargeting,North America,Mobile,2041,40,2,55.73,208.27
2025-12-30,Instagram,Instagram - Brand Awareness - Eu,Brand Awareness,Europe,Mobile,1336,16,0,29.75,0.0
2025-04-14,Instagram,Instagram - Lead Generation - No,Lead Generation,North America,Mobile,716,9,0,11.91,0.0
2025-05-24,Google Ads,Google Ads - Retargeting - Eu,Retargeting,Europe,Mobile,2342,63,1,165.6,181.18
2025-08-26,Google Ads,Google Ads - Brand Awareness - LA,Brand Awareness,LATAM,Desktop,2395,44,0,83.46,0.0
2025-08-18,Facebook,Facebook - Brand Awareness - Eu,Brand Awareness,Europe,Desktop,1679,20,0,51.84,0.0
2025-12-02,Google Ads,Google Ads - Retargeting - Eu,Retargeting,Europe,Desktop,2575,63,2,80.44,324.48
2025-09-20,Facebook,Facebook - Conversion - No,Conversion,North America,Mobile,3061,36,0,53.87,0.0
2025-08-03,Google Ads,Google Ads - Retargeting - As,Retargeting,Asia Pacific,Desktop,1058,25,1,34.09,144.46
2025-08-30,Instagram,Instagram - Brand Awareness - Eu,Brand Awareness,Europe,Mobile,871,13,0,17.75,0.0
2025-07-09,LinkedIn,LinkedIn - Conversion - No,Conversion,North America,Desktop,1194,11,0,47.24,0.0
2025-10-06,Google Ads,Google Ads - Lead Generation - Eu,Lead Generation,Europe,Desktop,1601,51,1,111.7,141.36
2025-08-08,Instagram,Instagram - Retargeting - LA,Retargeting,LATAM,Desktop,632,7,0,9.1,0.0
2025-03-27,Facebook,Facebook - Retargeting - As,Retargeting,Asia Pacific,Mobile,1573,18,1,21.24,141.83
2025-10-20,YouTube,YouTube - Lead Generation - No,Lead Generation,North America,Desktop,1048,4,0,1.26,0.0
2025-09-26,Google Ads,Google Ads - Conversion - Eu,Conversion,Europe,Desktop,2327,79,1,203.99,131.38
2025-12-10,Email,Email - Retargeting - As,Retargeting,Asia Pacific,Mobile,783,22,0,-3.79,0.0
2025-10-22,LinkedIn,LinkedIn - Brand Awareness - As,Brand Awareness,Asia Pacific,Desktop,1064,8,0,31.49,0.0
2025-03-26,Facebook,Facebook - Lead Generation - No,Lead Generation,North America,Mobile,1047,13,0,27.65,0.0
2025-01-30,Facebook,Facebook - Retargeting - No,Retargeting,North America,Mobile,1959,29,1,44.49,125.25
2025-11-27,LinkedIn,LinkedIn - Lead Generation - As,Lead Generation,Asia Pacific,Tablet,1358,9,0,35.58,0.0
2025-04-21,LinkedIn,LinkedIn - Lead Generation - No,Lead Generation,North America,Tablet,1207,11,0,51.63,0.0
2025-08-20,Google Ads,Google Ads - Conversion - No,Conversion,North America,Mobile,1013,28,0,63.24,0.0
2025-01-16,Facebook,Facebook - Lead Generation - LA,Lead Generation,LATAM,Desktop,1452,18,0,18.78,0.0
2025-03-17,Facebook,Facebook - Brand Awareness - LA,Brand Awareness,LATAM,Mobile,1434,23,0,18.3,0.0
2025-12-02,LinkedIn,LinkedIn - Lead Generation - Eu,Lead Generation,Europe,Desktop,1093,11,0,42.71,0.0
2025-08-03,Google Ads,Google Ads - Conversion - LA,Conversion,LATAM,Mobile,1686,24,0,72.57,0.0
2025-11-14,Facebook,Facebook - Retargeting - LA,Retargeting,LATAM,Mobile,1755,32,1,63.59,124.27
2025-03-02,LinkedIn,LinkedIn - Lead Generation - Eu,Lead Generation,Europe,Mobile,1575,14,0,68.62,0.0
2025-11-04,LinkedIn,LinkedIn - Lead Generation - No,Lead Generation,North America,Desktop,1208,10,0,49.7,0.0
2025-01-17,LinkedIn,LinkedIn - Lead Generation - As,Lead Generation,Asia Pacific,Mobile,1179,10,0,48.36,0.0
2025-03-14,Google Ads,Google Ads - Conversion - As,Conversion,Asia Pacific,Mobile,2304,86,1,166.98,119.03
2025-07-02,Email,Email - Retargeting - LA,Retargeting,LATAM,Desktop,708,26,2,-7.24,275.6
2025-02-14,Facebook,Facebook - Brand Awareness - As,Brand Awareness,Asia Pacific,Mobile,2771,35,0,73.97,0.0
2025-01-10,Google Ads,Google Ads - Retargeting - Eu,Retargeting,Europe,Mobile,2192,65,3,138.61,682.62
2025-01-20,YouTube,YouTube - Brand Awareness - No,Brand Awareness,North America,Desktop,868,4,0,-0.08,0.0
2025-11-10,Facebook,Facebook - Lead Generation - No,Lead Generation,North America,Tablet,2426,34,0,25.42,0.0
2025-04-12,Facebook,Facebook - Conversion - As,Conversion,Asia Pacific,Tablet,2072,37,0,89.23,0.0
2025-01-16,Facebook,Facebook - Lead Generation - Eu,Lead Generation,Europe,Desktop,735,9,0,13.43,0.0
2025-07-27,Facebook,Facebook - Brand Awareness - LA,Brand Awareness,LATAM,Mobile,1499,21,0,30.8,0.0
2025-12-06,Facebook,Facebook - Brand Awareness - No,Brand Awareness,North America,Desktop,1380,16,0,19.41,0.0
2025-06-15,Email,Email - Lead Generation - No,Lead Generation,North America,Mobile,924,27,0,12.52,0.0
2025-07-22,Facebook,Facebook - Lead Generation - Eu,Lead Generation,Europe,Desktop,2325,34,0,66.48,0.0
2025-04-06,Facebook,Facebook - Conversion - Eu,Conversion,Europe,Mobile,2460,36,0,54.62,0.0
2025-11-09,Google Ads,Google Ads - Lead Generation - Eu,Lead Generation,Europe,Mobile,2432,60,1,125.75,163.2
2025-01-19,LinkedIn,LinkedIn - Retargeting - Eu,Retargeting,Europe,Mobile,1579,12,0,54.91,0.0
2025-03-16,Facebook,Facebook - Retargeting - LA,Retargeting,LATAM,Mobile,2116,35,1,47.09,108.46
2025-05-06,Facebook,Facebook - Retargeting - As,Retargeting,Asia Pacific,Desktop,2934,40,2,58.65,358.94
2025-02-09,Instagram,Instagram - Lead Generation - As,Lead Generation,Asia Pacific,Mobile,742,10,0,14.26,0.0
2025-10-29,Instagram,Instagram - Lead Generation - Eu,Lead Generation,Europe,Mobile,1520,21,0,27.52,0.0
2025-12-18,YouTube,YouTube - Conversion - Eu,Conversion,Europe,Desktop,1228,4,0,1.83,0.0
2025-10-04,Instagram,Instagram - Conversion - Eu,Conversion,Europe,Mobile,1276,14,0,26.46,0.0
2025-07-05,Instagram,Instagram - Brand Awareness - No,Brand Awareness,North America,Desktop,1385,13,0,21.68,0.0
2025-10-18,YouTube,YouTube - Retargeting - No,Retargeting,North America,Mobile,519,2,0,0.6,0.0
2025-08-03,Email,Email - Brand Awareness - Eu,Brand Awareness,Europe,Mobile,1147,38,0,3.67,0.0
2025-03-27,Facebook,Facebook - Lead Generation - No,Lead Generation,North America,Mobile,2129,26,0,33.87,0.0
2025-12-26,Instagram,Instagram - Conversion - LA,Conversion,LATAM,Mobile,1148,17,0,25.86,0.0
2025-02-21,Facebook,Facebook - Brand Awareness - Eu,Brand Awareness,Europe,Mobile,1617,28,0,33.69,0.0
2026-01-04,YouTube,YouTube - Brand Awareness - As,Brand Awareness,Asia Pacific,Desktop,1252,6,0,3.56,0.0
2025-05-14,LinkedIn,LinkedIn - Retargeting - As,Retargeting,Asia Pacific,Desktop,664,3,0,14.25,0.0
2025-09-26,Instagram,Instagram - Lead Generation - As,Lead Generation,Asia Pacific,Mobile,1199,16,0,27.92,0.0
2025-05-11,Facebook,Facebook - Lead Generation - No,Lead Generation,North America,Mobile,2507,47,0,97.63,0.0
2025-11-28,Facebook,Facebook - Lead Generation - LA,Lead Generation,LATAM,Desktop,1204,11,0,22.8,0.0
2025-02-16,Google Ads,Google Ads - Retargeting - No,Retargeting,North America,Desktop,1744,41,1,86.62,86.07
2025-12-27,Instagram,Instagram - Lead Generation - LA,Lead Generation,LATAM,Mobile,1144,14,0,2.91,0.0
2025-02-15,LinkedIn,LinkedIn - Brand Awareness - As,Brand Awareness,Asia Pacific,Mobile,1531,9,0,38.57,0.0
2025-01-08,Facebook,Facebook - Conversion - LA,Conversion,LATAM,Mobile,2073,31,0,84.71,0.0
2025-05-07,Facebook,Facebook - Conversion - LA,Conversion,LATAM,Desktop,2996,43,0,63.29,0.0
2025-09-22,LinkedIn,LinkedIn - Conversion - As,Conversion,Asia Pacific,Mobile,785,6,0,24.96,0.0
2025-10-10,YouTube,YouTube - Brand Awareness - LA,Brand Awareness,LATAM,Mobile,1067,3,0,0.91,0.0
2025-06-19,LinkedIn,LinkedIn - Lead Generation - Eu,Lead Generation,Europe,Mobile,1394,8,0,41.95,0.0
2025-07-13,YouTube,YouTube - Conversion - Eu,Conversion,Europe,Tablet,844,5,0,0.28,0.0
2025-02-05,LinkedIn,LinkedIn - Lead Generation - Eu,Lead Generation,Europe,Desktop,973,7,0,34.03,0.0
2025-12-07,Facebook,Facebook - Retargeting - Eu,Retargeting,Europe,Desktop,1835,30,1,23.72,135.41
2025-02-04,LinkedIn,LinkedIn - Conversion - As,Conversion,Asia Pacific,Mobile,780,8,0,32.27,0.0
2025-12-24,Instagram,Instagram - Retargeting - No,Retargeting,North America,Desktop,874,10,0,13.88,0.0
2025-05-30,Email,Email - Lead Generation - Eu,Lead Generation,Europe,Desktop,816,30,0,26.69,0.0
2025-07-03,Instagram,Instagram - Brand Awareness - No,Brand Awareness,North America,Mobile,1081,12,0,2.4,0.0
2025-03-29,YouTube,YouTube - Conversion - LA,Conversion,LATAM,Desktop,652,2,0,0.61,0.0
2025-07-19,Facebook,Facebook - Brand Awareness - No,Brand Awareness,North America,Mobile,2074,49,0,81.07,0.0
2025-12-24,Instagram,Instagram - Lead Generation - LA,Lead Generation,LATAM,Tablet,1479,19,0,20.47,0.0
2025-06-22,Google Ads,Google Ads - Conversion - LA,Conversion,LATAM,Mobile,1984,33,0,35.79,0.0
2025-03-02,Facebook,Facebook - Brand Awareness - As,Brand Awareness,Asia Pacific,Desktop,2399,40,0,67.94,0.0
2025-03-28,Instagram,Instagram - Lead Generation - As,Lead Generation,Asia Pacific,Mobile,484,4,0,6.22,0.0
2025-04-21,Instagram,Instagram - Brand Awareness - No,Brand Awareness,North America,Desktop,765,8,0,12.75,0.0
2025-12-09,Facebook,Facebook - Lead Generation - No,Lead Generation,North America,Mobile,2898,53,1,127.75,184.27
2025-06-19,YouTube,YouTube - Lead Generation - LA,Lead Generation,LATAM,Mobile,954,6,0,2.12,0.0
2025-10-12,Instagram,Instagram - Retargeting - No,Retargeting,North America,Mobile,564,6,0,5.22,0.0
2025-09-20,Google Ads,Google Ads - Lead Generation - LA,Lead Generation,LATAM,Desktop,2261,57,0,138.66,0.0
2025-04-30,Instagram,Instagram - Brand Awareness - No,Brand Awareness,North America,Mobile,793,6,0,8.38,0.0
2025-04-12,LinkedIn,LinkedIn - Brand Awareness - Eu,Brand Awareness,Europe,Mobile,819,5,0,19.36,0.0
2025-07-23,Google Ads,Google Ads - Lead Generation - As,Lead Generation,Asia Pacific,Desktop,2125,35,0,50.0,0.0
2025-03-02,Google Ads,Google Ads - Lead Generation - As,Lead Generation,Asia Pacific,Mobile,3383,70,1,141.95,130.09
2025-10-06,Facebook,Facebook - Brand Awareness - No,Brand Awareness,North America,Desktop,962,14,0,20.58,0.0
2025-02-01,YouTube,YouTube - Lead Generation - LA,Lead Generation,LATAM,Desktop,829,5,0,4.4,0.0
2025-06-30,Google Ads,Google Ads - Conversion - Eu,Conversion,Europe,Mobile,1822,49,0,157.61,0.0
2025-08-03,Instagram,Instagram - Retargeting - As,Retargeting,Asia Pacific,Desktop,1074,13,0,14.75,0.0
2025-11-05,Google Ads,Google Ads - Lead Generation - As,Lead Generation,Asia Pacific,Mobile,2761,80,1,155.82,167.83
2026-01-01,Google Ads,Google Ads - Brand Awareness - No,Brand Awareness,North America,Desktop,1043,35,0,101.45,0.0
2025-11-07,Instagram,Instagram - Conversion - Eu,Conversion,Europe,Desktop,803,6,0,5.63,0.0
2025-10-20,Instagram,Instagram - Brand Awareness - No,Brand Awareness,North America,Desktop,1358,19,0,24.51,0.0
2025-03-01,Email,Email - Lead Generation - Eu,Lead Generation,Europe,Tablet,793,31,0,-9.46,0.0
2025-05-01,Facebook,Facebook - Lead Generation - As,Lead Generation,Asia Pacific,Mobile,2647,35,0,47.87,0.0
2025-12-16,LinkedIn,LinkedIn - Conversion - Eu,Conversion,Europe,Desktop,813,6,0,23.5,0.0
2025-12-06,Google Ads,Google Ads - Brand Awareness - No,Brand Awareness,North America,Tablet,2524,68,1,174.4,165.14
2025-12-30,LinkedIn,LinkedIn - Brand Awareness - As,Brand Awareness,Asia Pacific,Mobile,1128,7,0,30.92,0.0
2025-07-28,LinkedIn,LinkedIn - Lead Generation - LA,Lead Generation,LATAM,Tablet,866,6,0,30.72,0.0
2025-05-07,Instagram,Instagram - Brand Awareness - LA,Brand Awareness,LATAM,Mobile,632,7,0,10.61,0.0
2025-09-24,Google Ads,Google Ads - Retargeting - Eu,Retargeting,Europe,Desktop,2830,75,3,128.89,413.93
2026-01-02,Email,Email - Brand Awareness - Eu,Brand Awareness,Europe,Mobile,1416,54,1,-1.06,118.31
2025-08-29,LinkedIn,LinkedIn - Conversion - LA,Conversion,LATAM,Mobile,1321,12,0,53.05,0.0
2025-04-08,Google Ads,Google Ads - Brand Awareness - LA,Brand Awareness,LATAM,Mobile,2048,44,0,74.46,0.0
2025-11-11,LinkedIn,LinkedIn - Lead Generation - As,Lead Generation,Asia Pacific,Mobile,1067,8,0,31.52,0.0
2025-07-18,Google Ads,Google Ads - Lead Generation - Eu,Lead Generation,Europe,Mobile,3153,77,1,139.79,163.62
2025-11-09,Google Ads,Google Ads - Brand Awareness - No,Brand Awareness,North America,Desktop,2540,80,1,193.7,139.5
2025-05-20,LinkedIn,LinkedIn - Conversion - As,Conversion,Asia Pacific,Desktop,1124,7,0,30.93,0.0
2025-06-30,Facebook,Facebook - Brand Awareness - LA,Brand Awareness,LATAM,Mobile,1668,25,0,40.63,0.0
2025-06-20,YouTube,YouTube - Retargeting - No,Retargeting,North America,Desktop,1354,5,0,3.35,0.0
2025-04-11,YouTube,YouTube - Retargeting - Eu,Retargeting,Europe,Desktop,1414,4,0,1.41,0.0
2025-06-01,LinkedIn,LinkedIn - Lead Generation - As,Lead Generation,Asia Pacific,Mobile,1476,16,0,59.28,0.0
2025-09-28,YouTube,YouTube - Retargeting - LA,Retargeting,LATAM,Desktop,919,7,0,-0.9,0.0
2025-11-05,Google Ads,Google Ads - Conversion - LA,Conversion,LATAM,Mobile,2663,58,1,124.66,143.55
2025-10-12,Google Ads,Google Ads - Retargeting - Eu,Retargeting,Europe,Mobile,2618,79,2,166.87,317.89
2025-06-04,Email,Email - Retargeting - As,Retargeting,Asia Pacific,Desktop,999,31,1,-18.38,156.42
2025-02-16,Facebook,Facebook - Conversion - As,Conversion,Asia Pacific,Mobile,2135,37,0,43.0,0.0
2025-01-14,LinkedIn,LinkedIn - Conversion - No,Conversion,North America,Desktop,1380,12,0,43.34,0.0
2025-09-16,Email,Email - Lead Generation - As,Lead Generation,Asia Pacific,Tablet,848,24,0,6.9,0.0
2025-07-05,Email,Email - Lead Generation - No,Lead Generation,North America,Desktop,1226,39,0,15.2,0.0
2025-09-22,Google Ads,Google Ads - Retargeting - LA,Retargeting,LATAM,Mobile,3314,86,5,195.76,668.97
2025-07-23,Facebook,Facebook - Brand Awareness - As,Brand Awareness,Asia Pacific,Tablet,2595,41,0,87.26,0.0
2025-01-06,Google Ads,Google Ads - Brand Awareness - As,Brand Awareness,Asia Pacific,Mobile,1733,22,0,30.98,0.0
2025-03-05,Email,Email - Brand Awareness - As,Brand Awareness,Asia Pacific,Tablet,1566,39,0,25.91,0.0
2025-09-14,Email,Email - Lead Generation - As,Lead Generation,Asia Pacific,Mobile,1211,48,0,-49.02,0.0
2025-07-13,LinkedIn,LinkedIn - Lead Generation - No,Lead Generation,North America,Desktop,854,8,0,36.16,0.0
2025-06-13,Google Ads,Google Ads - Retargeting - Eu,Retargeting,Europe,Mobile,2702,60,3,147.07,339.31
2025-09-18,Google Ads,Google Ads - Brand Awareness - LA,Brand Awareness,LATAM,Mobile,1055,31,0,29.44,0.0
2025-10-15,YouTube,YouTube - Retargeting - No,Retargeting,North America,Desktop,1287,6,0,-1.68,0.0
2025-05-08,Facebook,Facebook - Retargeting - LA,Retargeting,LATAM,Mobile,2160,38,1,21.98,119.19
2025-04-28,YouTube,YouTube - Conversion - Eu,Conversion,Europe,Tablet,865,4,0,1.68,0.0
2025-04-17,Google Ads,Google Ads - Brand Awareness - Eu,Brand Awareness,Europe,Mobile,2075,41,0,83.94,0.0
2025-02-04,LinkedIn,LinkedIn - Conversion - LA,Conversion,LATAM,Mobile,862,8,0,37.43,0.0
2025-08-06,Instagram,Instagram - Brand Awareness - LA,Brand Awareness,LATAM,Mobile,949,8,0,5.17,0.0
2025-10-06,Google Ads,Google Ads - Lead Generation - No,Lead Generation,North America,Desktop,1721,43,0,87.08,0.0
2025-04-02,Instagram,Instagram - Lead Generation - As,Lead Generation,Asia Pacific,Desktop,1010,10,0,8.78,0.0
2025-04-24,Google Ads,Google Ads - Conversion - As,Conversion,Asia Pacific,Mobile,3022,90,1,211.44,157.95
2025-02-15,Google Ads,Google Ads - Conversion - LA,Conversion,LATAM,Mobile,2658,73,1,197.01,152.87
2025-10-11,Instagram,Instagram - Conversion - LA,Conversion,LATAM,Desktop,1054,17,0,26.53,0.0
2026-01-02,LinkedIn,LinkedIn - Retargeting - LA,Retargeting,LATAM,Mobile,520,2,0,8.03,0.0
2025-11-11,LinkedIn,LinkedIn - Retargeting - Eu,Retargeting,Europe,Desktop,1070,11,0,55.39,0.0
2025-12-07,LinkedIn,LinkedIn - Brand Awareness - LA,Brand Awareness,LATAM,Desktop,934,7,0,33.78,0.0
2025-12-27,Instagram,Instagram - Brand Awareness - Eu,Brand Awareness,Europe,Desktop,357,3,0,2.81,0.0
2025-09-26,LinkedIn,LinkedIn - Retargeting - As,Retargeting,Asia Pacific,Mobile,987,6,0,25.15,0.0
2025-09-11,Facebook,Facebook - Retargeting - Eu,Retargeting,Europe,Mobile,2109,30,1,59.98,92.68
2025-11-23,LinkedIn,LinkedIn - Retargeting - Eu,Retargeting,Europe,Mobile,1050,7,0,32.75,0.0
2025-04-21,Email,Email - Brand Awareness - LA,Brand Awareness,LATAM,Mobile,1083,34,0,-2.82,0.0
2025-12-28,Facebook,Facebook - Brand Awareness - No,Brand Awareness,North America,Mobile,2275,36,0,35.08,0.0
2025-04-18,Facebook,Facebook - Brand Awareness - As,Brand Awareness,Asia Pacific,Desktop,2076,33,0,35.73,0.0
2025-06-28,YouTube,YouTube - Lead Generation - No,Lead Generation,North America,Mobile,1214,6,0,1.17,0.0
2025-11-24,LinkedIn,LinkedIn - Retargeting - Eu,Retargeting,Europe,Mobile,181,1,0,4.24,0.0
2025-05-13,LinkedIn,LinkedIn - Brand Awareness - No,Brand Awareness,North America,Desktop,745,3,0,12.41,0.0
2025-08-29,Facebook,Facebook - Lead Generation - Eu,Lead Generation,Europe,Mobile,1580,25,0,56.66,0.0
2025-04-21,Instagram,Instagram - Retargeting - LA,Retargeting,LATAM,Mobile,861,8,0,6.29,0.0
2025-02-10,LinkedIn,LinkedIn - Lead Generation - As,Lead Generation,Asia Pacific,Mobile,1015,6,0,28.01,0.0
2025-11-07,Instagram,Instagram - Brand Awareness - No,Brand Awareness,North America,Desktop,1191,15,0,6.2,0.0
2025-08-03,Google Ads,Google Ads - Lead Generation - As,Lead Generation,Asia Pacific,Tablet,2426,76,1,232.9,134.82
2025-06-26,Google Ads,Google Ads - Conversion - As,Conversion,Asia Pacific,Desktop,2371,49,0,74.33,0.0
2025-08-30,Facebook,Facebook - Lead Generation - No,Lead Generation,North America,Desktop,2296,41,0,93.82,0.0
2025-04-07,Instagram,Instagram - Lead Generation - As,Lead Generation,Asia Pacific,Desktop,846,7,0,6.83,0.0
2025-02-24,LinkedIn,LinkedIn - Retargeting - No,Retargeting,North America,Mobile,1051,8,0,39.45,0.0
2025-02-04,LinkedIn,LinkedIn - Brand Awareness - No,Brand Awareness,North America,Tablet,1445,8,0,36.65,0.0
2025-03-01,Facebook,Facebook - Brand Awareness - Eu,Brand Awareness,Europe,Desktop,1415,22,0,29.43,0.0
2025-02-09,YouTube,YouTube - Conversion - No,Conversion,North America,Tablet,695,3,0,2.63,0.0
2025-07-28,YouTube,YouTube - Brand Awareness - Eu,Brand Awareness,Europe,Mobile,1244,4,0,-1.74,0.0
2025-02-07,LinkedIn,LinkedIn - Brand Awareness - LA,Brand Awareness,LATAM,Mobile,419,4,0,17.25,0.0
2025-01-24,Instagram,Instagram - Lead Generation - As,Lead Generation,Asia Pacific,Desktop,707,6,0,8.57,0.0
2025-06-17,Facebook,Facebook - Conversion - Eu,Conversion,Europe,Mobile,1684,20,0,22.38,0.0
2025-05-12,Google Ads,Google Ads - Lead Generation - Eu,Lead Generation,Europe,Mobile,3218,88,1,242.58,120.13
2025-04-03,Instagram,Instagram - Lead Generation - As,Lead Generation,Asia Pacific,Mobile,1067,10,0,2.48,0.0
2025-03-23,LinkedIn,LinkedIn - Brand Awareness - LA,Brand Awareness,LATAM,Desktop,1399,11,0,40.27,0.0
2025-02-24,Instagram,Instagram - Conversion - As,Conversion,Asia Pacific,Mobile,1327,14,0,12.21,0.0
2025-02-17,LinkedIn,LinkedIn - Lead Generation - Eu,Lead Generation,Europe,Mobile,893,6,0,23.1,0.0
2025-09-27,LinkedIn,LinkedIn - Lead Generation - No,Lead Generation,North America,Mobile,883,6,0,27.88,0.0
2025-08-15,Email,Email - Conversion - No,Conversion,North America,Mobile,766,26,0,12.74,0.0
2025-12-19,Facebook,Facebook - Lead Generation - As,Lead Generation,Asia Pacific,Mobile,3194,28,0,3.99,0.0
2025-07-28,Facebook,Facebook - Lead Generation - As,Lead Generation,Asia Pacific,Mobile,885,11,0,15.95,0.0
2025-02-03,Email,Email - Lead Generation - Eu,Lead Generation,Europe,Desktop,1068,25,0,-6.19,0.0
2025-11-29,Instagram,Instagram - Conversion - No,Conversion,North America,Mobile,769,8,0,9.92,0.0
2025-10-08,YouTube,YouTube - Conversion - No,Conversion,North America,Mobile,856,4,0,3.7,0.0
2025-07-20,Facebook,Facebook - Retargeting - LA,Retargeting,LATAM,Mobile,2142,36,2,35.38,300.32
2025-07-26,Google Ads,Google Ads - Lead Generation - As,Lead Generation,Asia Pacific,Desktop,1508,34,0,77.58,0.0
2025-07-22,YouTube,YouTube - Conversion - No,Conversion,North America,Desktop,1244,7,0,2.1,0.0
2025-05-01,Instagram,Instagram - Lead Generation - LA,Lead Generation,LATAM,Desktop,1266,9,0,7.03,0.0
2025-09-16,Facebook,Facebook - Conversion - As,Conversion,Asia Pacific,Desktop,1927,25,0,36.19,0.0
2025-07-01,Google Ads,Google Ads - Retargeting - Eu,Retargeting,Europe,Mobile,2558,53,2,119.26,360.09
2025-07-06,Instagram,Instagram - Brand Awareness - LA,Brand Awareness,LATAM,Mobile,853,9,0,9.16,0.0
2025-09-20,YouTube,YouTube - Brand Awareness - No,Brand Awareness,North America,Mobile,1056,3,0,4.46,0.0
2025-02-25,LinkedIn,LinkedIn - Conversion - Eu,Conversion,Europe,Mobile,1445,9,0,43.2,0.0
2025-10-18,Google Ads,Google Ads - Lead Generation - Eu,Lead Generation,Europe,Mobile,1736,37,0,57.45,0.0
2025-09-10,Google Ads,Google Ads - Conversion - LA,Conversion,LATAM,Desktop,1431,22,0,33.5,0.0
2025-09-18,Google Ads,Google Ads - Brand Awareness - As,Brand Awareness,Asia Pacific,Mobile,1745,42,0,94.24,0.0
2025-07-30,Instagram,Instagram - Conversion - Eu,Conversion,Europe,Mobile,1232,10,0,11.18,0.0
2025-08-03,Instagram,Instagram - Brand Awareness - LA,Brand Awareness,LATAM,Mobile,937,10,0,11.65,0.0
2025-02-20,Google Ads,Google Ads - Conversion - Eu,Conversion,Europe,Tablet,1958,41,0,39.87,0.0
2025-11-17,Google Ads,Google Ads - Lead Generation - Eu,Lead Generation,Europe,Mobile,2954,89,2,169.42,427.73
2025-06-10,LinkedIn,LinkedIn - Retargeting - As,Retargeting,Asia Pacific,Mobile,1308,11,0,48.51,0.0
2025-02-18,Instagram,Instagram - Lead Generation - LA,Lead Generation,LATAM,Mobile,989,9,0,14.92,0.0
2025-03-10,Google Ads,Google Ads - Conversion - No,Conversion,North America,Mobile,2580,45,1,133.4,135.04
2025-09-12,Instagram,Instagram - Lead Generation - LA,Lead Generation,LATAM,Desktop,953,11,0,11.98,0.0
2025-07-31,LinkedIn,LinkedIn - Retargeting - No,Retargeting,North America,Desktop,993,11,0,50.58,0.0
2025-12-29,Google Ads,Google Ads - Retargeting - No,Retargeting,North America,Mobile,1726,32,1,68.83,164.0
2025-11-13,Email,Email - Conversion - As,Conversion,Asia Pacific,Desktop,1240,43,0,9.28,0.0
2025-12-30,Email,Email - Brand Awareness - Eu,Brand Awareness,Europe,Desktop,725,21,0,11.23,0.0
2025-12-26,Instagram,Instagram - Lead Generation - Eu,Lead Generation,Europe,Mobile,746,8,0,1.02,0.0
2025-02-28,Google Ads,Google Ads - Conversion - No,Conversion,North America,Desktop,1461,31,0,35.53,0.0
2025-09-07,Instagram,Instagram - Conversion - No,Conversion,North America,Desktop,1130,14,0,17.37,0.0
2025-01-22,Facebook,Facebook - Brand Awareness - LA,Brand Awareness,LATAM,Mobile,1354,25,0,43.13,0.0
2025-04-03,LinkedIn,LinkedIn - Conversion - As,Conversion,Asia Pacific,Mobile,1090,10,0,44.91,0.0
2025-03-29,Facebook,Facebook - Brand Awareness - LA,Brand Awareness,LATAM,Tablet,1639,27,0,29.9,0.0
2025-01-21,Google Ads,Google Ads - Lead Generation - Eu,Lead Generation,Europe,Mobile,1813,62,1,91.33,152.37
2025-11-16,Instagram,Instagram - Brand Awareness - As,Brand Awareness,Asia Pacific,Tablet,966,8,0,6.28,0.0
2025-08-10,Instagram,Instagram - Retargeting - LA,Retargeting,LATAM,Desktop,1286,12,0,15.18,0.0
2025-09-10,Email,Email - Brand Awareness - No,Brand Awareness,North America,Mobile,896,26,0,5.33,0.0
2025-08-12,Google Ads,Google Ads - Conversion - As,Conversion,Asia Pacific,Desktop,2057,52,0,96.89,0.0
2025-11-01,Google Ads,Google Ads - Retargeting - As,Retargeting,Asia Pacific,Mobile,2552,59,2,84.88,408.72
2025-07-07,LinkedIn,LinkedIn - Brand Awareness - Eu,Brand Awareness,Europe,Desktop,708,5,0,21.58,0.0
2025-01-29,Facebook,Facebook - Lead Generation - As,Lead Generation,Asia Pacific,Mobile,1904,28,0,41.15,0.0
2025-11-21,YouTube,YouTube - Retargeting - No,Retargeting,North America,Mobile,723,4,0,0.27,0.0
2025-01-11,Google Ads,Google Ads - Brand Awareness - LA,Brand Awareness,LATAM,Desktop,1728,31,0,60.31,0.0
2025-11-14,LinkedIn,LinkedIn - Conversion - Eu,Conversion,Europe,Mobile,857,8,0,35.78,0.0
2025-08-24,Facebook,Facebook - Brand Awareness - As,Brand Awareness,Asia Pacific,Desktop,1146,18,0,10.11,0.0
2025-07-23,Instagram,Instagram - Conversion - LA,Conversion,LATAM,Desktop,770,7,0,13.86,0.0
2025-12-18,Facebook,Facebook - Retargeting - Eu,Retargeting,Europe,Desktop,1451,16,0,27.11,0.0
2025-10-17,Instagram,Instagram - Brand Awareness - No,Brand Awareness,North America,Desktop,773,5,0,6.29,0.0
2025-06-22,Instagram,Instagram - Lead Generation - As,Lead Generation,Asia Pacific,Mobile,767,10,0,5.96,0.0
2025-11-30,Facebook,Facebook - Retargeting - As,Retargeting,Asia Pacific,Mobile,2986,23,1,19.5,165.62
2025-11-05,Facebook,Facebook - Conversion - LA,Conversion,LATAM,Mobile,973,14,0,23.76,0.0
2025-06-16,LinkedIn,LinkedIn - Lead Generation - Eu,Lead Generation,Europe,Desktop,1159,12,0,56.08,0.0
2025-10-20,Google Ads,Google Ads - Retargeting - No,Retargeting,North America,Desktop,1939,62,2,134.69,228.74
2025-05-24,Facebook,Facebook - Brand Awareness - Eu,Brand Awareness,Europe,Mobile,1976,27,0,39.76,0.0
2025-02-08,Instagram,Instagram - Lead Generation - As,Lead Generation,Asia Pacific,Desktop,1243,11,0,3.04,0.0
2025-03-22,Facebook,Facebook - Lead Generation - Eu,Lead Generation,Europe,Mobile,1645,19,0,37.07,0.0
2025-03-09,Facebook,Facebook - Conversion - As,Conversion,Asia Pacific,Desktop,2366,42,0,67.8,0.0
2025-09-01,LinkedIn,LinkedIn - Lead Generation - Eu,Lead Generation,Europe,Mobile,1104,8,0,39.49,0.0
2025-10-12,Google Ads,Google Ads - Retargeting - LA,Retargeting,LATAM,Desktop,1777,40,2,66.38,309.2
2025-07-19,Email,Email - Conversion - LA,Conversion,LATAM,Mobile,1286,29,0,-2.45,0.0
2025-03-09,Google Ads,Google Ads - Lead Generation - As,Lead Generation,Asia Pacific,Mobile,1928,48,1,63.76,152.94
2025-02-28,Facebook,Facebook - Conversion - Eu,Conversion,Europe,Desktop,1970,40,0,83.79,0.0
2025-10-10,Facebook,Facebook - Retargeting - LA,Retargeting,LATAM,Desktop,1893,23,0,42.26,0.0
2025-05-25,Google Ads,Google Ads - Brand Awareness - No,Brand Awareness,North America,Mobile,2447,66,1,111.34,198.47
2025-10-29,Google Ads,Google Ads - Retargeting - As,Retargeting,Asia Pacific,Mobile,1355,31,1,47.57,140.4
2025-09-12,Email,Email - Conversion - Eu,Conversion,Europe,Mobile,924,26,0,7.76,0.0
2025-02-21,YouTube,YouTube - Brand Awareness - No,Brand Awareness,North America,Mobile,995,6,0,0.1,0.0
2025-12-25,LinkedIn,LinkedIn - Lead Generation - LA,Lead Generation,LATAM,Mobile,1083,10,0,36.94,0.0
2025-02-10,LinkedIn,LinkedIn - Lead Generation - LA,Lead Generation,LATAM,Mobile,1226,10,0,49.52,0.0
2025-03-30,YouTube,YouTube - Conversion - No,Conversion,North America,Desktop,907,3,0,-0.08,0.0
2025-05-17,LinkedIn,LinkedIn - Lead Generation - No,Lead Generation,North America,Mobile,983,5,0,18.86,0.0
2025-04-14,YouTube,YouTube - Lead Generation - Eu,Lead Generation,Europe,Mobile,1025,4,0,4.96,0.0
2025-05-23,Google Ads,Google Ads - Retargeting - Eu,Retargeting,Europe,Mobile,2016,42,1,75.9,146.31
2025-08-06,Google Ads,Google Ads - Retargeting - Eu,Retargeting,Europe,Desktop,1966,58,2,137.56,237.1
2025-09-20,Email,Email - Retargeting - No,Retargeting,North America,Desktop,1440,35,1,11.76,129.07
2025-04-06,Facebook,Facebook - Lead Generation - Eu,Lead Generation,Europe,Mobile,2287,29,0,49.74,0.0
2025-08-17,Facebook,Facebook - Lead Generation - As,Lead Generation,Asia Pacific,Mobile,1158,14,0,19.7,0.0
2025-04-27,YouTube,YouTube - Lead Generation - Eu,Lead Generation,Europe,Desktop,591,3,0,5.02,0.0
2025-07-26,Facebook,Facebook - Retargeting - No,Retargeting,North America,Tablet,749,8,0,14.49,0.0
2025-05-25,Google Ads,Google Ads - Retargeting - Eu,Retargeting,Europe,Desktop,2234,64,3,106.51,693.77
2025-08-09,Facebook,Facebook - Retargeting - As,Retargeting,Asia Pacific,Mobile,2305,38,2,57.9,294.3
2025-10-10,Instagram,Instagram - Lead Generation - As,Lead Generation,Asia Pacific,Desktop,1465,20,0,5.56,0.0
2025-06-24,Google Ads,Google Ads - Retargeting - LA,Retargeting,LATAM,Desktop,1577,43,2,93.31,217.36
2025-09-28,Facebook,Facebook - Lead Generation - No,Lead Generation,North America,Desktop,3793,71,1,83.95,107.18
2025-09-03,Instagram,Instagram - Brand Awareness - No,Brand Awareness,North America,Desktop,825,9,0,5.85,0.0
2025-03-03,LinkedIn,LinkedIn - Brand Awareness - As,Brand Awareness,Asia Pacific,Mobile,1377,8,0,34.49,0.0
2025-09-04,Google Ads,Google Ads - Retargeting - As,Retargeting,Asia Pacific,Mobile,1710,54,2,100.71,297.84
2025-08-30,Facebook,Facebook - Retargeting - LA,Retargeting,LATAM,Mobile,1854,35,1,82.07,153.18
2025-04-20,Instagram,Instagram - Lead Generation - As,Lead Generation,Asia Pacific,Desktop,803,11,0,7.03,0.0
2025-10-04,Google Ads,Google Ads - Brand Awareness - LA,Brand Awareness,LATAM,Mobile,1257,23,0,68.83,0.0
2025-01-30,Facebook,Facebook - Brand Awareness - As,Brand Awareness,Asia Pacific,Desktop,1540,22,0,38.16,0.0
2025-04-08,Facebook,Facebook - Brand Awareness - Eu,Brand Awareness,Europe,Mobile,2765,33,0,67.52,0.0
2025-06-23,Facebook,Facebook - Conversion - LA,Conversion,LATAM,Mobile,2125,28,0,35.12,0.0
2025-10-25,LinkedIn,LinkedIn - Lead Generation - LA,Lead Generation,LATAM,Mobile,932,7,0,35.35,0.0
2025-09-30,Facebook,Facebook - Conversion - No,Conversion,North America,Mobile,1538,37,0,36.32,0.0
2025-10-11,Facebook,Facebook - Brand Awareness - No,Brand Awareness,North America,Desktop,2998,44,0,37.15,0.0
2025-05-08,Google Ads,Google Ads - Conversion - As,Conversion,Asia Pacific,Desktop,1402,39,0,87.41,0.0
2025-02-28,LinkedIn,LinkedIn - Conversion - No,Conversion,North America,Desktop,950,8,0,31.82,0.0
2025-04-15,LinkedIn,LinkedIn - Conversion - Eu,Conversion,Europe,Mobile,393,3,0,14.34,0.0
2025-10-11,Facebook,Facebook - Conversion - No,Conversion,North America,Desktop,2194,19,0,18.94,0.0
2025-09-17,LinkedIn,LinkedIn - Retargeting - LA,Retargeting,LATAM,Mobile,842,5,0,15.78,0.0
2025-05-27,Facebook,Facebook - Conversion - No,Conversion,North America,Mobile,3432,51,1,81.34,184.2
2025-02-05,Instagram,Instagram - Brand Awareness - Eu,Brand Awareness,Europe,Desktop,1326,13,0,23.7,0.0
2025-04-05,Facebook,Facebook - Brand Awareness - LA,Brand Awareness,LATAM,Desktop,1912,36,0,62.02,0.0
2025-05-07,Google Ads,Google Ads - Brand Awareness - No,Brand Awareness,North America,Desktop,2726,95,2,134.77,391.48
2025-01-09,Instagram,Instagram - Retargeting - No,Retargeting,North America,Desktop,1093,10,0,11.62,0.0
2025-09-19,Facebook,Facebook - Brand Awareness - No,Brand Awareness,North America,Tablet,1712,21,0,33.7,0.0
2025-08-02,Google Ads,Google Ads - Conversion - No,Conversion,North America,Desktop,1139,31,0,54.94,0.0
2025-01-09,YouTube,YouTube - Brand Awareness - Eu,Brand Awareness,Europe,Mobile,835,4,0,0.43,0.0
2025-03-30,Google Ads,Google Ads - Conversion - No,Conversion,North America,Desktop,1970,55,1,127.62,143.33
2025-10-12,LinkedIn,LinkedIn - Retargeting - LA,Retargeting,LATAM,Tablet,1268,12,0,47.27,0.0
2025-12-28,YouTube,YouTube - Conversion - LA,Conversion,LATAM,Mobile,1512,7,0,6.42,0.0
2025-02-17,Instagram,Instagram - Retargeting - Eu,Retargeting,Europe,Mobile,944,8,0,10.33,0.0
2025-07-10,Google Ads,Google Ads - Conversion - No,Conversion,North America,Mobile,1622,36,0,57.96,0.0
2025-06-18,YouTube,YouTube - Conversion - No,Conversion,North America,Desktop,944,4,0,1.77,0.0
2025-03-15,Google Ads,Google Ads - Retargeting - Eu,Retargeting,Europe,Mobile,2219,38,1,80.52,146.66
2025-01-18,Google Ads,Google Ads - Lead Generation - Eu,Lead Generation,Europe,Mobile,692,16,0,43.93,0.0
2025-07-25,Google Ads,Google Ads - Conversion - LA,Conversion,LATAM,Mobile,2823,37,0,78.78,0.0
2025-06-24,Instagram,Instagram - Retargeting - No,Retargeting,North America,Desktop,1306,10,0,12.76,0.0
2025-01-25,Instagram,Instagram - Lead Generation - No,Lead Generation,North America,Mobile,815,12,0,7.82,0.0
2025-09-07,Google Ads,Google Ads - Retargeting - Eu,Retargeting,Europe,Mobile,1487,38,2,81.95,359.54
2025-09-27,Google Ads,Google Ads - Conversion - No,Conversion,North America,Mobile,1568,42,1,87.18,84.5
2025-10-13,Facebook,Facebook - Retargeting - LA,Retargeting,LATAM,Desktop,1609,25,1,46.22,133.08
2025-01-10,Facebook,Facebook - Brand Awareness - LA,Brand Awareness,LATAM,Tablet,1575,14,0,32.64,0.0
2025-01-25,Google Ads,Google Ads - Brand Awareness - Eu,Brand Awareness,Europe,Mobile,2748,82,2,172.5,345.1
2025-10-19,Google Ads,Google Ads - Conversion - Eu,Conversion,Europe,Mobile,1516,28,0,82.96,0.0
2025-03-10,Facebook,Facebook - Retargeting - LA,Retargeting,LATAM,Tablet,3053,31,1,32.19,163.2
2025-02-06,Google Ads,Google Ads - Conversion - Eu,Conversion,Europe,Desktop,2217,46,0,69.16,0.0
2025-02-17,Instagram,Instagram - Brand Awareness - No,Brand Awareness,North America,Mobile,924,5,0,4.61,0.0
2025-09-07,LinkedIn,LinkedIn - Lead Generation - LA,Lead Generation,LATAM,Mobile,1176,8,0,37.25,0.0
2025-12-21,YouTube,YouTube - Conversion - Eu,Conversion,Europe,Desktop,630,2,0,1.46,0.0
2025-08-02,Facebook,Facebook - Retargeting - LA,Retargeting,LATAM,Mobile,970,12,0,23.7,0.0
2025-07-25,Email,Email - Brand Awareness - Eu,Brand Awareness,Europe,Desktop,890,31,0,-7.45,0.0
2025-07-31,Google Ads,Google Ads - Brand Awareness - As,Brand Awareness,Asia Pacific,Mobile,2876,44,0,40.9,0.0
2025-06-09,LinkedIn,LinkedIn - Lead Generation - LA,Lead Generation,LATAM,Mobile,978,7,0,34.2,0.0
2025-08-18,LinkedIn,LinkedIn - Conversion - LA,Conversion,LATAM,Mobile,1461,13,0,64.4,0.0
2025-03-24,LinkedIn,LinkedIn - Retargeting - As,Retargeting,Asia Pacific,Tablet,1930,16,0,83.91,0.0
2025-04-05,Facebook,Facebook - Lead Generation - Eu,Lead Generation,Europe,Desktop,3266,41,0,83.54,0.0
2025-12-28,LinkedIn,LinkedIn - Conversion - As,Conversion,Asia Pacific,Desktop,755,8,0,33.1,0.0
2025-02-02,Facebook,Facebook - Brand Awareness - As,Brand Awareness,Asia Pacific,Desktop,2357,38,0,58.08,0.0
2025-09-02,Facebook,Facebook - Conversion - No,Conversion,North America,Desktop,1289,13,0,19.57,0.0
2025-12-28,Google Ads,Google Ads - Retargeting - LA,Retargeting,LATAM,Desktop,1302,33,1,64.82,129.36
2025-11-13,LinkedIn,LinkedIn - Lead Generation - No,Lead Generation,North America,Desktop,1145,8,0,35.51,0.0
2025-05-02,Google Ads,Google Ads - Lead Generation - As,Lead Generation,Asia Pacific,Mobile,2475,69,0,131.84,0.0
2025-08-03,Instagram,Instagram - Lead Generation - No,Lead Generation,North America,Mobile,1549,21,0,24.99,0.0
2025-06-20,Instagram,Instagram - Conversion - No,Conversion,North America,Desktop,1372,17,0,16.01,0.0
2025-02-11,LinkedIn,LinkedIn - Retargeting - No,Retargeting,North America,Desktop,1028,7,0,30.86,0.0
2025-11-08,Instagram,Instagram - Conversion - As,Conversion,Asia Pacific,Tablet,722,6,0,11.61,0.0
2025-10-28,Instagram,Instagram - Retargeting - LA,Retargeting,LATAM,Mobile,1216,10,0,17.74,0.0
2025-09-07,Email,Email - Retargeting - As,Retargeting,Asia Pacific,Mobile,690,17,0,-15.34,0.0
2025-10-18,Email,Email - Lead Generation - LA,Lead Generation,LATAM,Tablet,1110,27,0,10.69,0.0
2025-03-01,Google Ads,Google Ads - Brand Awareness - No,Brand Awareness,North America,Mobile,1404,20,0,42.25,0.0
2025-09-10,LinkedIn,LinkedIn - Brand Awareness - No,Brand Awareness,North America,Mobile,897,6,0,21.45,0.0
2025-01-28,Facebook,Facebook - Brand Awareness - As,Brand Awareness,Asia Pacific,Mobile,2767,52,0,91.82,0.0
2025-03-13,LinkedIn,LinkedIn - Conversion - As,Conversion,Asia Pacific,Mobile,1511,14,0,59.19,0.0
2025-05-04,Facebook,Facebook - Conversion - As,Conversion,Asia Pacific,Mobile,2187,45,0,90.79,0.0
2025-08-14,Instagram,Instagram - Conversion - As,Conversion,Asia Pacific,Desktop,1223,11,0,22.94,0.0
2025-09-15,LinkedIn,LinkedIn - Brand Awareness - As,Brand Awareness,Asia Pacific,Desktop,1035,5,0,22.11,0.0
2025-04-23,LinkedIn,LinkedIn - Retargeting - Eu,Retargeting,Europe,Mobile,1733,18,0,82.88,0.0
2025-10-24,Google Ads,Google Ads - Brand Awareness - As,Brand Awareness,Asia Pacific,Mobile,2387,60,1,91.91,170.99
2025-05-26,Google Ads,Google Ads - Retargeting - As,Retargeting,Asia Pacific,Mobile,1069,28,1,40.07,172.14
2025-06-05,YouTube,YouTube - Lead Generation - No,Lead Generation,North America,Desktop,756,3,0,1.77,0.0
2025-08-28,Google Ads,Google Ads - Retargeting - As,Retargeting,Asia Pacific,Mobile,1509,46,2,121.14,235.15
2025-10-25,Facebook,Facebook - Retargeting - No,Retargeting,North America,Mobile,1174,19,0,28.85,0.0
2025-07-23,YouTube,YouTube - Retargeting - No,Retargeting,North America,Desktop,874,4,0,3.74,0.0
2025-04-27,Google Ads,Google Ads - Brand Awareness - As,Brand Awareness,Asia Pacific,Desktop,1673,67,1,213.27,146.18
2025-04-21,Google Ads,Google Ads - Retargeting - LA,Retargeting,LATAM,Desktop,2429,54,3,122.48,309.99
2025-10-18,Google Ads,Google Ads - Brand Awareness - No,Brand Awareness,North America,Desktop,1921,52,1,100.22,193.66
2025-05-03,Email,Email - Lead Generation - Eu,Lead Generation,Europe,Tablet,1099,24,0,19.61,0.0
2025-11-08,Google Ads,Google Ads - Lead Generation - LA,Lead Generation,LATAM,Desktop,2296,60,1,135.22,169.72
2025-02-12,Instagram,Instagram - Conversion - No,Conversion,North America,Mobile,726,7,0,8.43,0.0
2025-04-11,LinkedIn,LinkedIn - Retargeting - Eu,Retargeting,Europe,Mobile,602,6,0,27.1,0.0
2025-07-18,LinkedIn,LinkedIn - Retargeting - Eu,Retargeting,Europe,Mobile,1190,11,0,58.24,0.0
2025-08-25,YouTube,YouTube - Brand Awareness - No,Brand Awareness,North America,Desktop,1643,8,0,1.65,0.0
2025-03-21,Facebook,Facebook - Conversion - LA,Conversion,LATAM,Mobile,2888,47,1,109.69,162.98
2025-09-26,Instagram,Instagram - Brand Awareness - LA,Brand Awareness,LATAM,Desktop,896,10,0,0.95,0.0
2025-05-02,YouTube,YouTube - Conversion - Eu,Conversion,Europe,Desktop,1429,3,0,0.75,0.0
2025-11-29,Instagram,Instagram - Conversion - LA,Conversion,LATAM,Mobile,1044,11,0,15.08,0.0
2025-06-17,LinkedIn,LinkedIn - Lead Generation - LA,Lead Generation,LATAM,Tablet,519,3,0,13.01,0.0
2025-04-15,Google Ads,Google Ads - Conversion - Eu,Conversion,Europe,Mobile,2497,45,0,95.33,0.0
2025-07-20,Google Ads,Google Ads - Retargeting - As,Retargeting,Asia Pacific,Mobile,1959,47,1,114.65,147.25
2025-06-01,YouTube,YouTube - Retargeting - LA,Retargeting,LATAM,Desktop,959,4,0,0.15,0.0
2025-08-20,Google Ads,Google Ads - Brand Awareness - Eu,Brand Awareness,Europe,Mobile,1837,48,1,85.14,191.65
2025-09-16,YouTube,YouTube - Brand Awareness - As,Brand Awareness,Asia Pacific,Mobile,890,4,0,2.06,0.0
2025-12-25,YouTube,YouTube - Brand Awareness - No,Brand Awareness,North America,Desktop,962,3,0,1.1,0.0
2025-06-29,Google Ads,Google Ads - Lead Generation - No,Lead Generation,North America,Desktop,2422,80,1,198.97,167.72
2025-09-17,Instagram,Instagram - Brand Awareness - LA,Brand Awareness,LATAM,Mobile,978,9,0,10.19,0.0
2025-09-19,Facebook,Facebook - Lead Generation - As,Lead Generation,Asia Pacific,Desktop,2145,38,0,32.67,0.0
2025-12-31,Facebook,Facebook - Retargeting - LA,Retargeting,LATAM,Mobile,2513,42,2,49.28,220.98
2025-11-15,Facebook,Facebook - Lead Generation - LA,Lead Generation,LATAM,Desktop,2185,28,0,27.04,0.0
2025-12-07,Facebook,Facebook - Brand Awareness - No,Brand Awareness,North America,Mobile,2781,33,0,69.44,0.0
2025-06-28,Google Ads,Google Ads - Retargeting - Eu,Retargeting,Europe,Desktop,2788,47,2,85.65,322.08
2025-09-01,Facebook,Facebook - Retargeting - LA,Retargeting,LATAM,Desktop,1489,21,0,21.18,0.0
2025-08-14,YouTube,YouTube - Retargeting - As,Retargeting,Asia Pacific,Mobile,1093,4,0,5.77,0.0
2025-12-31,YouTube,YouTube - Retargeting - No,Retargeting,North America,Tablet,1244,6,0,2.93,0.0
2025-03-05,Facebook,Facebook - Brand Awareness - No,Brand Awareness,North America,Tablet,1460,23,0,30.94,0.0
2025-02-09,Facebook,Facebook - Retargeting - As,Retargeting,Asia Pacific,Tablet,2972,45,2,22.3,344.76
2025-06-11,Instagram,Instagram - Lead Generation - Eu,Lead Generation,Europe,Mobile,1855,27,0,37.34,0.0
